fecha,aportes_energia
2010-01-01,45616100.0
2010-01-02,43097100.0
2010-01-03,43400400.0
2010-01-04,40410400.0
2010-01-05,41190600.0
2010-01-06,41733100.0
2010-01-07,39732000.0
2010-01-08,37078100.0
2010-01-09,46893900.0
2010-01-10,44906900.0
2010-01-11,42546900.0
2010-01-12,39807200.0
2010-01-13,39987000.0
2010-01-14,34998300.0
2010-01-15,34303900.0
2010-01-16,35344500.0
2010-01-17,36487400.0
2010-01-18,36928400.0
2010-01-19,40295600.0
2010-01-20,40389000.0
2010-01-21,35779400.0
2010-01-22,34106500.0
2010-01-23,34997900.0
2010-01-24,39007400.0
2010-01-25,38347000.0
2010-01-26,44399500.0
2010-01-27,37230100.0
2010-01-28,40529900.0
2010-01-29,37489200.0
2010-01-30,42679200.0
2010-01-31,31863500.0
2010-02-01,32256000.0
2010-02-02,30175300.0
2010-02-03,32331600.0
2010-02-04,29032100.0
2010-02-05,31084900.0
2010-02-06,44297100.0
2010-02-07,36255100.0
2010-02-08,38084800.0
2010-02-09,55865100.0
2010-02-10,36460600.0
2010-02-11,40258400.0
2010-02-12,38195600.0
2010-02-13,31612700.0
2010-02-14,44193700.0
2010-02-15,36817400.0
2010-02-16,42134100.0
2010-02-17,34225400.0
2010-02-18,36769300.0
2010-02-19,32688100.0
2010-02-20,46927500.0
2010-02-21,40743200.0
2010-02-22,40714300.0
2010-02-23,44952500.0
2010-02-24,44226500.0
2010-02-25,47596200.0
2010-02-26,57595500.0
2010-02-27,48765200.0
2010-02-28,48248500.0
2010-03-01,40017800.0
2010-03-02,48475200.0
2010-03-03,66027600.0
2010-03-04,57273800.0
2010-03-05,48339600.0
2010-03-06,50472700.0
2010-03-07,70579900.0
2010-03-08,72387600.0
2010-03-09,80283400.0
2010-03-10,59561500.0
2010-03-11,89582700.0
2010-03-12,53568400.0
2010-03-13,48370000.0
2010-03-14,47121200.0
2010-03-15,46493600.0
2010-03-16,46047300.0
2010-03-17,62859900.0
2010-03-18,61221300.0
2010-03-19,71749800.0
2010-03-20,52252400.0
2010-03-21,56321400.0
2010-03-22,48971400.0
2010-03-23,46231700.0
2010-03-24,36673500.0
2010-03-25,37353000.0
2010-03-26,50422800.0
2010-03-27,47516100.0
2010-03-28,42027700.0
2010-03-29,44650100.0
2010-03-30,121381500.0
2010-03-31,94225400.0
2010-04-01,67559800.0
2010-04-02,59437400.0
2010-04-03,76933800.0
2010-04-04,83419400.0
2010-04-05,74895100.0
2010-04-06,107021800.0
2010-04-07,145150200.0
2010-04-08,109767900.0
2010-04-09,121148000.0
2010-04-10,124110500.0
2010-04-11,161754200.0
2010-04-12,147601200.0
2010-04-13,141464500.0
2010-04-14,197027800.0
2010-04-15,139994900.0
2010-04-16,132758700.0
2010-04-17,105984700.0
2010-04-18,98714700.0
2010-04-19,154935100.0
2010-04-20,116497700.0
2010-04-21,103900100.0
2010-04-22,75254100.0
2010-04-23,82230500.0
2010-04-24,83342000.0
2010-04-25,89103300.0
2010-04-26,139824800.0
2010-04-27,138149900.0
2010-04-28,145393900.0
2010-04-29,145369600.0
2010-04-30,120754500.0
2010-05-01,101559500.0
2010-05-02,105467600.0
2010-05-03,147309300.0
2010-05-04,149693800.0
2010-05-05,155382600.0
2010-05-06,177550300.0
2010-05-07,133046100.0
2010-05-08,149329000.0
2010-05-09,124581600.0
2010-05-10,116585600.0
2010-05-11,174631800.0
2010-05-12,149457600.0
2010-05-13,116946500.0
2010-05-14,139673300.0
2010-05-15,114447000.0
2010-05-16,143425700.0
2010-05-17,109443500.0
2010-05-18,101644600.0
2010-05-19,130305700.0
2010-05-20,190319400.0
2010-05-21,160977200.0
2010-05-22,143309200.0
2010-05-23,173911900.0
2010-05-24,154859900.0
2010-05-25,177427600.0
2010-05-26,161181700.0
2010-05-27,254144400.0
2010-05-28,184376300.0
2010-05-29,175418400.0
2010-05-30,174147900.0
2010-05-31,303375200.0
2010-06-01,209098700.0
2010-06-02,208927700.0
2010-06-03,300319200.0
2010-06-04,210578700.0
2010-06-05,157824200.0
2010-06-06,161033500.0
2010-06-07,134484000.0
2010-06-08,139519100.0
2010-06-09,173621800.0
2010-06-10,146734400.0
2010-06-11,163240400.0
2010-06-12,126887100.0
2010-06-13,164700100.0
2010-06-14,200111200.0
2010-06-15,142302600.0
2010-06-16,191739000.0
2010-06-17,170639300.0
2010-06-18,170883200.0
2010-06-19,172010800.0
2010-06-20,260809700.0
2010-06-21,215951200.0
2010-06-22,167894300.0
2010-06-23,145695800.0
2010-06-24,184290500.0
2010-06-25,179247500.0
2010-06-26,164851900.0
2010-06-27,158444600.0
2010-06-28,195026900.0
2010-06-29,245192400.0
2010-06-30,164404200.0
2010-07-01,145419600.0
2010-07-02,160066300.0
2010-07-03,166921300.0
2010-07-04,194630600.0
2010-07-05,185113900.0
2010-07-06,192504200.0
2010-07-07,240590400.0
2010-07-08,194214700.0
2010-07-09,211856400.0
2010-07-10,231252000.0
2010-07-11,286666400.0
2010-07-12,185146400.0
2010-07-13,179379800.0
2010-07-14,200877900.0
2010-07-15,226849600.0
2010-07-16,285440500.0
2010-07-17,329154300.0
2010-07-18,274715000.0
2010-07-19,230873300.0
2010-07-20,256484800.0
2010-07-21,234269900.0
2010-07-22,172731200.0
2010-07-23,183358700.0
2010-07-24,178282600.0
2010-07-25,160813200.0
2010-07-26,257197700.0
2010-07-27,260796800.0
2010-07-28,213958000.0
2010-07-29,189543800.0
2010-07-30,174297000.0
2010-07-31,213433400.0
2010-08-01,247461700.0
2010-08-02,187954100.0
2010-08-03,193769500.0
2010-08-04,191863500.0
2010-08-05,151075900.0
2010-08-06,140977600.0
2010-08-07,125269100.0
2010-08-08,127456600.0
2010-08-09,172718300.0
2010-08-10,115962400.0
2010-08-11,104355600.0
2010-08-12,105516000.0
2010-08-13,135828000.0
2010-08-14,179229300.0
2010-08-15,149333100.0
2010-08-16,139918400.0
2010-08-17,134121500.0
2010-08-18,155785200.0
2010-08-19,121218000.0
2010-08-20,138423700.0
2010-08-21,101698200.0
2010-08-22,92823000.0
2010-08-23,93907200.0
2010-08-24,141206400.0
2010-08-25,170335900.0
2010-08-26,135597500.0
2010-08-27,148972300.0
2010-08-28,272264400.0
2010-08-29,224927100.0
2010-08-30,153360700.0
2010-08-31,143206600.0
2010-09-01,138963000.0
2010-09-02,200853300.0
2010-09-03,225872300.0
2010-09-04,179542200.0
2010-09-05,171876100.0
2010-09-06,166682700.0
2010-09-07,264365600.0
2010-09-08,191905700.0
2010-09-09,166932600.0
2010-09-10,135303200.0
2010-09-11,150576300.0
2010-09-12,166047500.0
2010-09-13,148471600.0
2010-09-14,138270400.0
2010-09-15,130920300.0
2010-09-16,123375800.0
2010-09-17,130021800.0
2010-09-18,129496200.0
2010-09-19,118311200.0
2010-09-20,163762200.0
2010-09-21,171081700.0
2010-09-22,147549500.0
2010-09-23,157212100.0
2010-09-24,136206500.0
2010-09-25,151072100.0
2010-09-26,179235300.0
2010-09-27,260841600.0
2010-09-28,163930400.0
2010-09-29,165860900.0
2010-09-30,161252300.0
2010-10-01,134779800.0
2010-10-02,150608500.0
2010-10-03,148982800.0
2010-10-04,244500100.0
2010-10-05,247337800.0
2010-10-06,235219800.0
2010-10-07,199517800.0
2010-10-08,268199400.0
2010-10-09,174927600.0
2010-10-10,147907700.0
2010-10-11,140053500.0
2010-10-12,124077000.0
2010-10-13,113862700.0
2010-10-14,125378400.0
2010-10-15,133365600.0
2010-10-16,153535400.0
2010-10-17,133805900.0
2010-10-18,136255500.0
2010-10-19,166650200.0
2010-10-20,149194000.0
2010-10-21,131952000.0
2010-10-22,143027400.0
2010-10-23,175130800.0
2010-10-24,147733600.0
2010-10-25,131578500.0
2010-10-26,124354800.0
2010-10-27,128552200.0
2010-10-28,143400600.0
2010-10-29,179846800.0
2010-10-30,184312100.0
2010-10-31,199196800.0
2010-11-01,209744800.0
2010-11-02,249172700.0
2010-11-03,210786500.0
2010-11-04,164179800.0
2010-11-05,162088900.0
2010-11-06,217453600.0
2010-11-07,230762000.0
2010-11-08,271039900.0
2010-11-09,240831700.0
2010-11-10,307674700.0
2010-11-11,262106700.0
2010-11-12,261760000.0
2010-11-13,288554400.0
2010-11-14,325664500.0
2010-11-15,314210200.0
2010-11-16,313492000.0
2010-11-17,369563200.0
2010-11-18,255188900.0
2010-11-19,235226600.0
2010-11-20,243137100.0
2010-11-21,224581100.0
2010-11-22,210837900.0
2010-11-23,211061900.0
2010-11-24,265808000.0
2010-11-25,219902200.0
2010-11-26,202510600.0
2010-11-27,227826800.0
2010-11-28,249023300.0
2010-11-29,262528500.0
2010-11-30,236195900.0
2010-12-01,225677600.0
2010-12-02,288960600.0
2010-12-03,289254200.0
2010-12-04,297713000.0
2010-12-05,231484300.0
2010-12-06,197063400.0
2010-12-07,207093200.0
2010-12-08,257635700.0
2010-12-09,248747200.0
2010-12-10,235773900.0
2010-12-11,185583600.0
2010-12-12,159832900.0
2010-12-13,182631600.0
2010-12-14,184034900.0
2010-12-15,211844900.0
2010-12-16,187681800.0
2010-12-17,163817100.0
2010-12-18,162944500.0
2010-12-19,159405000.0
2010-12-20,157769500.0
2010-12-21,132282000.0
2010-12-22,124890600.0
2010-12-23,127858400.0
2010-12-24,135659900.0
2010-12-25,126878200.0
2010-12-26,245341500.0
2010-12-27,159361500.0
2010-12-28,131048900.0
2010-12-29,116609200.0
2010-12-30,112859600.0
2010-12-31,95050500.0
2011-01-01,104596800.0
2011-01-02,106861600.0
2011-01-03,105245700.0
2011-01-04,144518500.0
2011-01-05,157489600.0
2011-01-06,124619000.0
2011-01-07,136840400.0
2011-01-08,132770000.0
2011-01-09,156838800.0
2011-01-10,129095700.0
2011-01-11,113014100.0
2011-01-12,102323500.0
2011-01-13,101246800.0
2011-01-14,92691400.0
2011-01-15,100576200.0
2011-01-16,121981700.0
2011-01-17,96955900.0
2011-01-18,89703600.0
2011-01-19,85654400.0
2011-01-20,80894300.0
2011-01-21,77292500.0
2011-01-22,70565700.0
2011-01-23,71362000.0
2011-01-24,73267800.0
2011-01-25,68661600.0
2011-01-26,89536100.0
2011-01-27,102560000.0
2011-01-28,95150100.0
2011-01-29,85726100.0
2011-01-30,76218500.0
2011-01-31,95121800.0
2011-02-01,74728900.0
2011-02-02,70736000.0
2011-02-03,72301800.0
2011-02-04,69394100.0
2011-02-05,66812500.0
2011-02-06,84476700.0
2011-02-07,118322800.0
2011-02-08,94012100.0
2011-02-09,95509500.0
2011-02-10,108770000.0
2011-02-11,111236800.0
2011-02-12,106068900.0
2011-02-13,117947800.0
2011-02-14,119398100.0
2011-02-15,99256000.0
2011-02-16,118320300.0
2011-02-17,135258500.0
2011-02-18,120716800.0
2011-02-19,114677400.0
2011-02-20,95938800.0
2011-02-21,84601700.0
2011-02-22,84079500.0
2011-02-23,106326600.0
2011-02-24,112941800.0
2011-02-25,112346000.0
2011-02-26,108998000.0
2011-02-27,100775900.0
2011-02-28,101960000.0
2011-03-01,147549300.0
2011-03-02,181265200.0
2011-03-03,175840900.0
2011-03-04,178101000.0
2011-03-05,171163600.0
2011-03-06,162443900.0
2011-03-07,170535400.0
2011-03-08,150871700.0
2011-03-09,237943800.0
2011-03-10,251684500.0
2011-03-11,161067400.0
2011-03-12,138377300.0
2011-03-13,117457000.0
2011-03-14,111047400.0
2011-03-15,98403200.0
2011-03-16,94984300.0
2011-03-17,101544400.0
2011-03-18,149250100.0
2011-03-19,165284300.0
2011-03-20,236238300.0
2011-03-21,216971000.0
2011-03-22,209752700.0
2011-03-23,284227600.0
2011-03-24,249119900.0
2011-03-25,318911000.0
2011-03-26,293247000.0
2011-03-27,177846400.0
2011-03-28,169727800.0
2011-03-29,151652300.0
2011-03-30,138871500.0
2011-03-31,124423600.0
2011-04-01,115184500.0
2011-04-02,124526500.0
2011-04-03,111120300.0
2011-04-04,116240000.0
2011-04-05,128825500.0
2011-04-06,180343200.0
2011-04-07,158923900.0
2011-04-08,167817500.0
2011-04-09,185531100.0
2011-04-10,295892700.0
2011-04-11,256545300.0
2011-04-12,374940400.0
2011-04-13,385627900.0
2011-04-14,313821800.0
2011-04-15,414910700.0
2011-04-16,425822800.0
2011-04-17,460315100.0
2011-04-18,376759300.0
2011-04-19,455758000.0
2011-04-20,479942900.0
2011-04-21,501525500.0
2011-04-22,538753100.0
2011-04-23,591245300.0
2011-04-24,445144300.0
2011-04-25,407778200.0
2011-04-26,374309900.0
2011-04-27,386359500.0
2011-04-28,406474200.0
2011-04-29,311739000.0
2011-04-30,296890900.0
2011-05-01,350200400.0
2011-05-02,333059200.0
2011-05-03,419134400.0
2011-05-04,326491300.0
2011-05-05,270704600.0
2011-05-06,242393800.0
2011-05-07,288351400.0
2011-05-08,249430200.0
2011-05-09,230997900.0
2011-05-10,221984800.0
2011-05-11,224145500.0
2011-05-12,250215400.0
2011-05-13,318319300.0
2011-05-14,464266000.0
2011-05-15,303624900.0
2011-05-16,293535500.0
2011-05-17,272934700.0
2011-05-18,262815400.0
2011-05-19,244490600.0
2011-05-20,222010200.0
2011-05-21,266648200.0
2011-05-22,335713000.0
2011-05-23,241641400.0
2011-05-24,252001500.0
2011-05-25,297795800.0
2011-05-26,306464900.0
2011-05-27,274585700.0
2011-05-28,324341900.0
2011-05-29,295398900.0
2011-05-30,268433600.0
2011-05-31,260936200.0
2011-06-01,293980300.0
2011-06-02,385694700.0
2011-06-03,339061200.0
2011-06-04,366687200.0
2011-06-05,279902400.0
2011-06-06,262316600.0
2011-06-07,242960500.0
2011-06-08,202201100.0
2011-06-09,179418500.0
2011-06-10,175763000.0
2011-06-11,157822700.0
2011-06-12,155204200.0
2011-06-13,180610300.0
2011-06-14,212447500.0
2011-06-15,176127600.0
2011-06-16,165018700.0
2011-06-17,231913100.0
2011-06-18,219151900.0
2011-06-19,151016900.0
2011-06-20,161140700.0
2011-06-21,152723000.0
2011-06-22,176590700.0
2011-06-23,262706100.0
2011-06-24,230998300.0
2011-06-25,308965500.0
2011-06-26,266452600.0
2011-06-27,386723800.0
2011-06-28,198978700.0
2011-06-29,163357800.0
2011-06-30,187953700.0
2011-07-01,185155800.0
2011-07-02,154736300.0
2011-07-03,191235900.0
2011-07-04,169976800.0
2011-07-05,136419900.0
2011-07-06,191808100.0
2011-07-07,178179000.0
2011-07-08,133442200.0
2011-07-09,135075700.0
2011-07-10,133530800.0
2011-07-11,151468200.0
2011-07-12,169144600.0
2011-07-13,256197400.0
2011-07-14,304804600.0
2011-07-15,219059400.0
2011-07-16,198375000.0
2011-07-17,147387700.0
2011-07-18,251106200.0
2011-07-19,174872200.0
2011-07-20,173806100.0
2011-07-21,136688400.0
2011-07-22,144746400.0
2011-07-23,197516300.0
2011-07-24,162700100.0
2011-07-25,157019200.0
2011-07-26,144303900.0
2011-07-27,163278500.0
2011-07-28,194475300.0
2011-07-29,249696000.0
2011-07-30,245524200.0
2011-07-31,198164400.0
2011-08-01,174742000.0
2011-08-02,174481500.0
2011-08-03,174351500.0
2011-08-04,154038900.0
2011-08-05,130531700.0
2011-08-06,115764300.0
2011-08-07,136954500.0
2011-08-08,116213100.0
2011-08-09,117299100.0
2011-08-10,119700700.0
2011-08-11,153910700.0
2011-08-12,196891000.0
2011-08-13,151246700.0
2011-08-14,151795700.0
2011-08-15,169097800.0
2011-08-16,216812800.0
2011-08-17,194370600.0
2011-08-18,189517800.0
2011-08-19,237041600.0
2011-08-20,159472800.0
2011-08-21,143053200.0
2011-08-22,170599900.0
2011-08-23,205196700.0
2011-08-24,227103500.0
2011-08-25,151908500.0
2011-08-26,122512400.0
2011-08-27,125519600.0
2011-08-28,171620300.0
2011-08-29,128391400.0
2011-08-30,119716100.0
2011-08-31,109313500.0
2011-09-01,99410700.0
2011-09-02,94873900.0
2011-09-03,103734700.0
2011-09-04,107550400.0
2011-09-05,101335700.0
2011-09-06,122959700.0
2011-09-07,163225600.0
2011-09-08,147941600.0
2011-09-09,183853800.0
2011-09-10,141766800.0
2011-09-11,195992400.0
2011-09-12,286958900.0
2011-09-13,174913800.0
2011-09-14,150271000.0
2011-09-15,163322300.0
2011-09-16,154419500.0
2011-09-17,132959400.0
2011-09-18,220717100.0
2011-09-19,152559000.0
2011-09-20,238488400.0
2011-09-21,160759500.0
2011-09-22,133567300.0
2011-09-23,140329400.0
2011-09-24,124177600.0
2011-09-25,203015400.0
2011-09-26,217094500.0
2011-09-27,137386100.0
2011-09-28,137813500.0
2011-09-29,119097100.0
2011-09-30,128976700.0
2011-10-01,106680300.0
2011-10-02,106996000.0
2011-10-03,112261000.0
2011-10-04,158616100.0
2011-10-05,155087000.0
2011-10-06,144832500.0
2011-10-07,233563100.0
2011-10-08,175786600.0
2011-10-09,159260300.0
2011-10-10,211811200.0
2011-10-11,179534600.0
2011-10-12,209791900.0
2011-10-13,247917500.0
2011-10-14,227157700.0
2011-10-15,286110500.0
2011-10-16,272500600.0
2011-10-17,333990100.0
2011-10-18,287039300.0
2011-10-19,239471900.0
2011-10-20,245010300.0
2011-10-21,200035400.0
2011-10-22,222005800.0
2011-10-23,188231900.0
2011-10-24,231866500.0
2011-10-25,261215700.0
2011-10-26,208100100.0
2011-10-27,221307800.0
2011-10-28,255110100.0
2011-10-29,217620500.0
2011-10-30,257463700.0
2011-10-31,196454300.0
2011-11-01,150266100.0
2011-11-02,139466100.0
2011-11-03,144757800.0
2011-11-04,137385300.0
2011-11-05,173763500.0
2011-11-06,214984300.0
2011-11-07,175036400.0
2011-11-08,205145700.0
2011-11-09,207022600.0
2011-11-10,165441000.0
2011-11-11,190079700.0
2011-11-12,251889600.0
2011-11-13,230310500.0
2011-11-14,223581600.0
2011-11-15,261170600.0
2011-11-16,250781600.0
2011-11-17,325605600.0
2011-11-18,410669900.0
2011-11-19,364873200.0
2011-11-20,377126100.0
2011-11-21,342793400.0
2011-11-22,303750400.0
2011-11-23,304398400.0
2011-11-24,316016000.0
2011-11-25,261157200.0
2011-11-26,245993300.0
2011-11-27,265695700.0
2011-11-28,274933100.0
2011-11-29,350100700.0
2011-11-30,311130300.0
2011-12-01,305872800.0
2011-12-02,277081500.0
2011-12-03,267172900.0
2011-12-04,252054800.0
2011-12-05,322036200.0
2011-12-06,313289700.0
2011-12-07,350570100.0
2011-12-08,397120000.0
2011-12-09,270057200.0
2011-12-10,248039000.0
2011-12-11,243693600.0
2011-12-12,312908200.0
2011-12-13,288230500.0
2011-12-14,243219200.0
2011-12-15,299070700.0
2011-12-16,266956400.0
2011-12-17,249323900.0
2011-12-18,221774900.0
2011-12-19,237324800.0
2011-12-20,235769300.0
2011-12-21,168614200.0
2011-12-22,147285200.0
2011-12-23,137684600.0
2011-12-24,152967500.0
2011-12-25,141262600.0
2011-12-26,162291400.0
2011-12-27,166536800.0
2011-12-28,134495800.0
2011-12-29,191831300.0
2011-12-30,132673400.0
2011-12-31,127604400.0
2012-01-01,108042700.0
2012-01-02,109264400.0
2012-01-03,174760900.0
2012-01-04,142499900.0
2012-01-05,179569100.0
2012-01-06,161272400.0
2012-01-07,137063000.0
2012-01-08,120584600.0
2012-01-09,111341400.0
2012-01-10,107789900.0
2012-01-11,110041500.0
2012-01-12,97810500.0
2012-01-13,97113900.0
2012-01-14,143165100.0
2012-01-15,136531800.0
2012-01-16,106554800.0
2012-01-17,108005900.0
2012-01-18,167215700.0
2012-01-19,141091100.0
2012-01-20,130799100.0
2012-01-21,141831500.0
2012-01-22,157061700.0
2012-01-23,139456800.0
2012-01-24,136526700.0
2012-01-25,126647800.0
2012-01-26,119893500.0
2012-01-27,112594900.0
2012-01-28,103310800.0
2012-01-29,119169800.0
2012-01-30,128273700.0
2012-01-31,130429000.0
2012-02-01,101132500.0
2012-02-02,94353900.0
2012-02-03,79193300.0
2012-02-04,83905300.0
2012-02-05,92843600.0
2012-02-06,181087400.0
2012-02-07,136276400.0
2012-02-08,170751300.0
2012-02-09,124943400.0
2012-02-10,103065500.0
2012-02-11,100797800.0
2012-02-12,95060100.0
2012-02-13,82555000.0
2012-02-14,89463600.0
2012-02-15,83980100.0
2012-02-16,74392800.0
2012-02-17,73601800.0
2012-02-18,72777800.0
2012-02-19,64941500.0
2012-02-20,65883700.0
2012-02-21,63478800.0
2012-02-22,62000800.0
2012-02-23,58568100.0
2012-02-24,59902300.0
2012-02-25,69450900.0
2012-02-26,71778300.0
2012-02-27,72599900.0
2012-02-28,85199800.0
2012-02-29,81800300.0
2012-03-01,85996200.0
2012-03-02,70383400.0
2012-03-03,111029200.0
2012-03-04,136037200.0
2012-03-05,143828200.0
2012-03-06,89705200.0
2012-03-07,76605300.0
2012-03-08,71098400.0
2012-03-09,99936800.0
2012-03-10,95004600.0
2012-03-11,91855500.0
2012-03-12,126843300.0
2012-03-13,101740000.0
2012-03-14,81766800.0
2012-03-15,77877100.0
2012-03-16,88769900.0
2012-03-17,153772100.0
2012-03-18,109068300.0
2012-03-19,137890900.0
2012-03-20,141234300.0
2012-03-21,133300600.0
2012-03-22,187388100.0
2012-03-23,120752300.0
2012-03-24,160988800.0
2012-03-25,158330500.0
2012-03-26,167183800.0
2012-03-27,162742900.0
2012-03-28,156036800.0
2012-03-29,122451800.0
2012-03-30,205486900.0
2012-03-31,156569700.0
2012-04-01,129805100.0
2012-04-02,169693300.0
2012-04-03,183119500.0
2012-04-04,136570700.0
2012-04-05,130568100.0
2012-04-06,126299500.0
2012-04-07,250077500.0
2012-04-08,207730800.0
2012-04-09,194523500.0
2012-04-10,247069500.0
2012-04-11,333093000.0
2012-04-12,517632300.0
2012-04-13,347106800.0
2012-04-14,288330100.0
2012-04-15,269047800.0
2012-04-16,275769300.0
2012-04-17,244082200.0
2012-04-18,255631000.0
2012-04-19,303444500.0
2012-04-20,252274900.0
2012-04-21,292257200.0
2012-04-22,396714200.0
2012-04-23,252105800.0
2012-04-24,273472800.0
2012-04-25,244455700.0
2012-04-26,230005700.0
2012-04-27,222704300.0
2012-04-28,270542300.0
2012-04-29,209622600.0
2012-04-30,198442700.0
2012-05-01,493823300.0
2012-05-02,366513000.0
2012-05-03,303038700.0
2012-05-04,253536000.0
2012-05-05,241433300.0
2012-05-06,237151600.0
2012-05-07,278265100.0
2012-05-08,269634000.0
2012-05-09,281482600.0
2012-05-10,235138900.0
2012-05-11,241724000.0
2012-05-12,388008400.0
2012-05-13,282367300.0
2012-05-14,234603100.0
2012-05-15,176028800.0
2012-05-16,170656500.0
2012-05-17,157832600.0
2012-05-18,191446500.0
2012-05-19,239484200.0
2012-05-20,196336800.0
2012-05-21,255090000.0
2012-05-22,335508100.0
2012-05-23,297073600.0
2012-05-24,238047100.0
2012-05-25,215836400.0
2012-05-26,278002700.0
2012-05-27,172127500.0
2012-05-28,179533600.0
2012-05-29,159485600.0
2012-05-30,149675000.0
2012-05-31,135685200.0
2012-06-01,203347500.0
2012-06-02,216237300.0
2012-06-03,178986800.0
2012-06-04,136241100.0
2012-06-05,131390900.0
2012-06-06,119287500.0
2012-06-07,182170100.0
2012-06-08,182679400.0
2012-06-09,139678000.0
2012-06-10,190228800.0
2012-06-11,228414800.0
2012-06-12,233707400.0
2012-06-13,230759000.0
2012-06-14,195019500.0
2012-06-15,192950000.0
2012-06-16,234041100.0
2012-06-17,156293500.0
2012-06-18,147981400.0
2012-06-19,122012300.0
2012-06-20,117720200.0
2012-06-21,163490800.0
2012-06-22,108840000.0
2012-06-23,97607000.0
2012-06-24,98978100.0
2012-06-25,120920700.0
2012-06-26,141042000.0
2012-06-27,157888500.0
2012-06-28,164857000.0
2012-06-29,137958100.0
2012-06-30,191842900.0
2012-07-01,225362000.0
2012-07-02,150618200.0
2012-07-03,162165600.0
2012-07-04,171056100.0
2012-07-05,164933800.0
2012-07-06,185875600.0
2012-07-07,157701900.0
2012-07-08,117847100.0
2012-07-09,115895400.0
2012-07-10,142991200.0
2012-07-11,171130300.0
2012-07-12,206509200.0
2012-07-13,159275100.0
2012-07-14,203663200.0
2012-07-15,273469600.0
2012-07-16,172327200.0
2012-07-17,136939300.0
2012-07-18,144287800.0
2012-07-19,162168200.0
2012-07-20,133453500.0
2012-07-21,110247300.0
2012-07-22,137048700.0
2012-07-23,200737100.0
2012-07-24,221837800.0
2012-07-25,163263500.0
2012-07-26,221985700.0
2012-07-27,218549600.0
2012-07-28,259354800.0
2012-07-29,226648500.0
2012-07-30,360709900.0
2012-07-31,256313200.0
2012-08-01,256830300.0
2012-08-02,194137700.0
2012-08-03,155118900.0
2012-08-04,183108600.0
2012-08-05,185969200.0
2012-08-06,163052300.0
2012-08-07,131157200.0
2012-08-08,173131200.0
2012-08-09,183343500.0
2012-08-10,161412500.0
2012-08-11,143134600.0
2012-08-12,135227100.0
2012-08-13,185946800.0
2012-08-14,186905800.0
2012-08-15,194965900.0
2012-08-16,141063700.0
2012-08-17,239951400.0
2012-08-18,175520200.0
2012-08-19,185039600.0
2012-08-20,222618500.0
2012-08-21,139657200.0
2012-08-22,150480900.0
2012-08-23,212065700.0
2012-08-24,153040900.0
2012-08-25,161077700.0
2012-08-26,277058700.0
2012-08-27,170212900.0
2012-08-28,137313400.0
2012-08-29,192033100.0
2012-08-30,158847200.0
2012-08-31,146297000.0
2012-09-01,136246900.0
2012-09-02,109425200.0
2012-09-03,146170200.0
2012-09-04,126105500.0
2012-09-05,151042800.0
2012-09-06,121496500.0
2012-09-07,101914400.0
2012-09-08,113574000.0
2012-09-09,119575900.0
2012-09-10,133600700.0
2012-09-11,134232000.0
2012-09-12,117321600.0
2012-09-13,122150400.0
2012-09-14,103228200.0
2012-09-15,112082900.0
2012-09-16,94164800.0
2012-09-17,106934300.0
2012-09-18,115414600.0
2012-09-19,109204300.0
2012-09-20,109513900.0
2012-09-21,116898800.0
2012-09-22,136321000.0
2012-09-23,97782700.0
2012-09-24,90092200.0
2012-09-25,94250900.0
2012-09-26,79096500.0
2012-09-27,87595100.0
2012-09-28,75189800.0
2012-09-29,85749100.0
2012-09-30,94726200.0
2012-10-01,90150600.0
2012-10-02,115976500.0
2012-10-03,85608100.0
2012-10-04,124853400.0
2012-10-05,128563800.0
2012-10-06,142871700.0
2012-10-07,158978800.0
2012-10-08,115410700.0
2012-10-09,93993900.0
2012-10-10,97783600.0
2012-10-11,81495300.0
2012-10-12,105146600.0
2012-10-13,154980600.0
2012-10-14,137712800.0
2012-10-15,159414300.0
2012-10-16,173724500.0
2012-10-17,148186400.0
2012-10-18,232560200.0
2012-10-19,199561100.0
2012-10-20,232783700.0
2012-10-21,220926500.0
2012-10-22,211700200.0
2012-10-23,146427200.0
2012-10-24,165870400.0
2012-10-25,221560200.0
2012-10-26,138948000.0
2012-10-27,125526600.0
2012-10-28,104965100.0
2012-10-29,118771600.0
2012-10-30,158182700.0
2012-10-31,154843800.0
2012-11-01,182468900.0
2012-11-02,113942800.0
2012-11-03,128560600.0
2012-11-04,113254600.0
2012-11-05,144757200.0
2012-11-06,113118100.0
2012-11-07,107466700.0
2012-11-08,104596000.0
2012-11-09,99604100.0
2012-11-10,128496800.0
2012-11-11,98693600.0
2012-11-12,92829400.0
2012-11-13,99214900.0
2012-11-14,146558900.0
2012-11-15,164324300.0
2012-11-16,240626600.0
2012-11-17,224264600.0
2012-11-18,242931600.0
2012-11-19,156116500.0
2012-11-20,118792300.0
2012-11-21,116542100.0
2012-11-22,130975000.0
2012-11-23,110299800.0
2012-11-24,100149100.0
2012-11-25,91942500.0
2012-11-26,113799300.0
2012-11-27,114275600.0
2012-11-28,92861600.0
2012-11-29,101829300.0
2012-11-30,124544400.0
2012-12-01,127672600.0
2012-12-02,116565100.0
2012-12-03,122686400.0
2012-12-04,109250000.0
2012-12-05,118117600.0
2012-12-06,116034700.0
2012-12-07,98351700.0
2012-12-08,90802800.0
2012-12-09,82509200.0
2012-12-10,85006600.0
2012-12-11,77826100.0
2012-12-12,79902700.0
2012-12-13,89864600.0
2012-12-14,90849800.0
2012-12-15,88301100.0
2012-12-16,87919800.0
2012-12-17,87067900.0
2012-12-18,89312100.0
2012-12-19,90741800.0
2012-12-20,105892600.0
2012-12-21,98529300.0
2012-12-22,104570700.0
2012-12-23,137584900.0
2012-12-24,90966700.0
2012-12-25,86908600.0
2012-12-26,106222500.0
2012-12-27,97885500.0
2012-12-28,81750400.0
2012-12-29,71543800.0
2012-12-30,66456800.0
2012-12-31,60619700.0
2013-01-01,64981500.0
2013-01-02,69612400.0
2013-01-03,63955500.0
2013-01-04,56189600.0
2013-01-05,57780600.0
2013-01-06,58862700.0
2013-01-07,51303300.0
2013-01-08,46439200.0
2013-01-09,44430300.0
2013-01-10,49541500.0
2013-01-11,50423500.0
2013-01-12,49584000.0
2013-01-13,50434000.0
2013-01-14,63631300.0
2013-01-15,58503800.0
2013-01-16,62942300.0
2013-01-17,67561900.0
2013-01-18,62179100.0
2013-01-19,55944300.0
2013-01-20,54348000.0
2013-01-21,56556500.0
2013-01-22,59661000.0
2013-01-23,61387900.0
2013-01-24,59527800.0
2013-01-25,53829000.0
2013-01-26,63564700.0
2013-01-27,52968300.0
2013-01-28,49967400.0
2013-01-29,52890200.0
2013-01-30,49391600.0
2013-01-31,59295000.0
2013-02-01,54685700.0
2013-02-02,52831400.0
2013-02-03,62402000.0
2013-02-04,80293800.0
2013-02-05,80917200.0
2013-02-06,78357100.0
2013-02-07,70820200.0
2013-02-08,79222200.0
2013-02-09,112982200.0
2013-02-10,113988200.0
2013-02-11,115274500.0
2013-02-12,103952300.0
2013-02-13,78069700.0
2013-02-14,94160800.0
2013-02-15,76513100.0
2013-02-16,65212700.0
2013-02-17,86171200.0
2013-02-18,75890500.0
2013-02-19,70278600.0
2013-02-20,73483400.0
2013-02-21,72144600.0
2013-02-22,97843700.0
2013-02-23,58461100.0
2013-02-24,112103900.0
2013-02-25,71095700.0
2013-02-26,74801200.0
2013-02-27,84806400.0
2013-02-28,87868500.0
2013-03-01,124454700.0
2013-03-02,73544700.0
2013-03-03,84621900.0
2013-03-04,81752100.0
2013-03-05,75281900.0
2013-03-06,74481200.0
2013-03-07,70824400.0
2013-03-08,61004500.0
2013-03-09,59246900.0
2013-03-10,72648500.0
2013-03-11,66600400.0
2013-03-12,83648500.0
2013-03-13,101692400.0
2013-03-14,89371100.0
2013-03-15,160895900.0
2013-03-16,108797700.0
2013-03-17,158305100.0
2013-03-18,175814200.0
2013-03-19,146071500.0
2013-03-20,107393000.0
2013-03-21,139430700.0
2013-03-22,145514200.0
2013-03-23,105954900.0
2013-03-24,89292500.0
2013-03-25,94757900.0
2013-03-26,73665000.0
2013-03-27,70591100.0
2013-03-28,72607400.0
2013-03-29,79215300.0
2013-03-30,90734200.0
2013-03-31,80483400.0
2013-04-01,72005400.0
2013-04-02,75691900.0
2013-04-03,63653600.0
2013-04-04,55368000.0
2013-04-05,54329300.0
2013-04-06,58398900.0
2013-04-07,56840800.0
2013-04-08,59847700.0
2013-04-09,55767800.0
2013-04-10,67709800.0
2013-04-11,57083700.0
2013-04-12,69551600.0
2013-04-13,75783300.0
2013-04-14,78774900.0
2013-04-15,120409700.0
2013-04-16,102298100.0
2013-04-17,90788300.0
2013-04-18,113103500.0
2013-04-19,180479900.0
2013-04-20,170258200.0
2013-04-21,159787100.0
2013-04-22,144722300.0
2013-04-23,151735600.0
2013-04-24,120171300.0
2013-04-25,115144100.0
2013-04-26,127671600.0
2013-04-27,153888700.0
2013-04-28,126633900.0
2013-04-29,170689300.0
2013-04-30,139930400.0
2013-05-01,136055000.0
2013-05-02,146386500.0
2013-05-03,161741700.0
2013-05-04,152688400.0
2013-05-05,214848400.0
2013-05-06,171489100.0
2013-05-07,221029000.0
2013-05-08,191502900.0
2013-05-09,190001300.0
2013-05-10,214489200.0
2013-05-11,157068000.0
2013-05-12,140954200.0
2013-05-13,129915900.0
2013-05-14,125510600.0
2013-05-15,195745200.0
2013-05-16,167000600.0
2013-05-17,426319400.0
2013-05-18,199703400.0
2013-05-19,180643900.0
2013-05-20,198267200.0
2013-05-21,235506300.0
2013-05-22,374163200.0
2013-05-23,339136500.0
2013-05-24,466501400.0
2013-05-25,302180100.0
2013-05-26,283826900.0
2013-05-27,209506700.0
2013-05-28,182911600.0
2013-05-29,171339000.0
2013-05-30,187404300.0
2013-05-31,227539800.0
2013-06-01,181999400.0
2013-06-02,171718200.0
2013-06-03,186196800.0
2013-06-04,154704100.0
2013-06-05,130178000.0
2013-06-06,124524200.0
2013-06-07,138854300.0
2013-06-08,149680000.0
2013-06-09,133769000.0
2013-06-10,126830800.0
2013-06-11,136686600.0
2013-06-12,217547600.0
2013-06-13,175846500.0
2013-06-14,145611700.0
2013-06-15,157855300.0
2013-06-16,236152400.0
2013-06-17,157538700.0
2013-06-18,167295600.0
2013-06-19,139510700.0
2013-06-20,140558700.0
2013-06-21,146426000.0
2013-06-22,112314000.0
2013-06-23,126490000.0
2013-06-24,211348700.0
2013-06-25,165923800.0
2013-06-26,106150300.0
2013-06-27,104389400.0
2013-06-28,181815900.0
2013-06-29,124590500.0
2013-06-30,153725800.0
2013-07-01,177558300.0
2013-07-02,119885300.0
2013-07-03,118560500.0
2013-07-04,99075700.0
2013-07-05,117113100.0
2013-07-06,97921800.0
2013-07-07,101389600.0
2013-07-08,157818500.0
2013-07-09,184721900.0
2013-07-10,141138800.0
2013-07-11,195060200.0
2013-07-12,166479700.0
2013-07-13,121379400.0
2013-07-14,109993600.0
2013-07-15,158683400.0
2013-07-16,182269500.0
2013-07-17,208996700.0
2013-07-18,190714500.0
2013-07-19,161193500.0
2013-07-20,141004300.0
2013-07-21,202311200.0
2013-07-22,155264200.0
2013-07-23,150027700.0
2013-07-24,123968700.0
2013-07-25,109193200.0
2013-07-26,144961300.0
2013-07-27,122647300.0
2013-07-28,118125100.0
2013-07-29,168928100.0
2013-07-30,140381600.0
2013-07-31,171504800.0
2013-08-01,162395300.0
2013-08-02,202018000.0
2013-08-03,202427000.0
2013-08-04,154192500.0
2013-08-05,144689800.0
2013-08-06,114367400.0
2013-08-07,120450700.0
2013-08-08,183382400.0
2013-08-09,183949600.0
2013-08-10,175166200.0
2013-08-11,202659600.0
2013-08-12,199328100.0
2013-08-13,244811700.0
2013-08-14,175701600.0
2013-08-15,155071000.0
2013-08-16,198261400.0
2013-08-17,165942000.0
2013-08-18,199188900.0
2013-08-19,169952900.0
2013-08-20,241837000.0
2013-08-21,208553200.0
2013-08-22,232110900.0
2013-08-23,150988700.0
2013-08-24,167370800.0
2013-08-25,183697600.0
2013-08-26,190186300.0
2013-08-27,173458300.0
2013-08-28,141380800.0
2013-08-29,225839900.0
2013-08-30,148121800.0
2013-08-31,149422400.0
2013-09-01,204759700.0
2013-09-02,161442000.0
2013-09-03,177260300.0
2013-09-04,133749900.0
2013-09-05,125614200.0
2013-09-06,224124900.0
2013-09-07,184088700.0
2013-09-08,125997300.0
2013-09-09,153211400.0
2013-09-10,165111300.0
2013-09-11,160895200.0
2013-09-12,166616700.0
2013-09-13,134598300.0
2013-09-14,118502700.0
2013-09-15,167001300.0
2013-09-16,133645100.0
2013-09-17,136451800.0
2013-09-18,148741000.0
2013-09-19,163975400.0
2013-09-20,130172600.0
2013-09-21,107327500.0
2013-09-22,104768200.0
2013-09-23,96845100.0
2013-09-24,112177900.0
2013-09-25,96092900.0
2013-09-26,99857100.0
2013-09-27,117597600.0
2013-09-28,157260100.0
2013-09-29,171061400.0
2013-09-30,160252300.0
2013-10-01,142710800.0
2013-10-02,126028500.0
2013-10-03,153994800.0
2013-10-04,341075900.0
2013-10-05,167324800.0
2013-10-06,117864100.0
2013-10-07,111009400.0
2013-10-08,138792300.0
2013-10-09,110939700.0
2013-10-10,131353600.0
2013-10-11,115620500.0
2013-10-12,119930300.0
2013-10-13,184222800.0
2013-10-14,185433300.0
2013-10-15,176271900.0
2013-10-16,147337400.0
2013-10-17,137358200.0
2013-10-18,111852800.0
2013-10-19,112704000.0
2013-10-20,104630300.0
2013-10-21,138068000.0
2013-10-22,171875100.0
2013-10-23,125021600.0
2013-10-24,117575900.0
2013-10-25,103939300.0
2013-10-26,88980300.0
2013-10-27,111235100.0
2013-10-28,101564200.0
2013-10-29,92261000.0
2013-10-30,109519200.0
2013-10-31,113110000.0
2013-11-01,99757100.0
2013-11-02,102229700.0
2013-11-03,109057300.0
2013-11-04,239554900.0
2013-11-05,247247400.0
2013-11-06,211818400.0
2013-11-07,287644600.0
2013-11-08,191409900.0
2013-11-09,200467200.0
2013-11-10,189542900.0
2013-11-11,144811300.0
2013-11-12,171691600.0
2013-11-13,150993500.0
2013-11-14,168654100.0
2013-11-15,181773300.0
2013-11-16,131620700.0
2013-11-17,122112900.0
2013-11-18,115151500.0
2013-11-19,152323300.0
2013-11-20,163751000.0
2013-11-21,203184100.0
2013-11-22,125324600.0
2013-11-23,126926100.0
2013-11-24,152402000.0
2013-11-25,163024000.0
2013-11-26,183827100.0
2013-11-27,208114700.0
2013-11-28,173382700.0
2013-11-29,155796100.0
2013-11-30,207950400.0
2013-12-01,241419600.0
2013-12-02,307981000.0
2013-12-03,230454500.0
2013-12-04,178563600.0
2013-12-05,150430400.0
2013-12-06,148671800.0
2013-12-07,149918500.0
2013-12-08,155604300.0
2013-12-09,155477000.0
2013-12-10,126537700.0
2013-12-11,128473800.0
2013-12-12,118091700.0
2013-12-13,122017600.0
2013-12-14,107984900.0
2013-12-15,140453400.0
2013-12-16,108622200.0
2013-12-17,133993700.0
2013-12-18,130314200.0
2013-12-19,128047900.0
2013-12-20,105801700.0
2013-12-21,102728700.0
2013-12-22,140329800.0
2013-12-23,207421400.0
2013-12-24,169007800.0
2013-12-25,125060500.0
2013-12-26,107493400.0
2013-12-27,105179500.0
2013-12-28,96532500.0
2013-12-29,95752000.0
2013-12-30,93471200.0
2013-12-31,94627300.0
2014-01-01,89094000.0
2014-01-02,81609800.0
2014-01-03,99441100.0
2014-01-04,85628200.0
2014-01-05,84257000.0
2014-01-06,143822100.0
2014-01-07,125296400.0
2014-01-08,107233400.0
2014-01-09,109524700.0
2014-01-10,100415500.0
2014-01-11,104300700.0
2014-01-12,99699500.0
2014-01-13,81682600.0
2014-01-14,74681600.0
2014-01-15,76955400.0
2014-01-16,80294000.0
2014-01-17,78621700.0
2014-01-18,66511600.0
2014-01-19,69223200.0
2014-01-20,89087900.0
2014-01-21,71040900.0
2014-01-22,85855200.0
2014-01-23,75266500.0
2014-01-24,65346900.0
2014-01-25,72031600.0
2014-01-26,71354100.0
2014-01-27,63433900.0
2014-01-28,72737800.0
2014-01-29,79543700.0
2014-01-30,74227300.0
2014-01-31,71509600.0
2014-02-01,69645600.0
2014-02-02,82775200.0
2014-02-03,95573100.0
2014-02-04,72070300.0
2014-02-05,74947600.0
2014-02-06,80222600.0
2014-02-07,73708700.0
2014-02-08,67339800.0
2014-02-09,65764500.0
2014-02-10,75057700.0
2014-02-11,72545000.0
2014-02-12,67532800.0
2014-02-13,79273000.0
2014-02-14,73229200.0
2014-02-15,61790600.0
2014-02-16,65958500.0
2014-02-17,62897600.0
2014-02-18,78499600.0
2014-02-19,91609300.0
2014-02-20,89439800.0
2014-02-21,125822600.0
2014-02-22,102312900.0
2014-02-23,85774400.0
2014-02-24,90300700.0
2014-02-25,119493600.0
2014-02-26,95006200.0
2014-02-27,213615200.0
2014-02-28,191383000.0
2014-03-01,147330500.0
2014-03-02,117119600.0
2014-03-03,148495300.0
2014-03-04,144455100.0
2014-03-05,123216400.0
2014-03-06,114789800.0
2014-03-07,127391400.0
2014-03-08,134183900.0
2014-03-09,127773300.0
2014-03-10,110611400.0
2014-03-11,106454200.0
2014-03-12,126364300.0
2014-03-13,117136100.0
2014-03-14,114584100.0
2014-03-15,134841800.0
2014-03-16,123695400.0
2014-03-17,105985400.0
2014-03-18,116999300.0
2014-03-19,105806700.0
2014-03-20,87417100.0
2014-03-21,77422700.0
2014-03-22,77133100.0
2014-03-23,88300400.0
2014-03-24,78525000.0
2014-03-25,90280600.0
2014-03-26,117572600.0
2014-03-27,77280600.0
2014-03-28,70026100.0
2014-03-29,63229800.0
2014-03-30,59487600.0
2014-03-31,59446400.0
2014-04-01,57369000.0
2014-04-02,61384000.0
2014-04-03,66032700.0
2014-04-04,70191700.0
2014-04-05,84798600.0
2014-04-06,65077000.0
2014-04-07,107901000.0
2014-04-08,125918700.0
2014-04-09,100895800.0
2014-04-10,76677900.0
2014-04-11,62038700.0
2014-04-12,64845100.0
2014-04-13,64144000.0
2014-04-14,67979800.0
2014-04-15,77356500.0
2014-04-16,78656000.0
2014-04-17,102748400.0
2014-04-18,77071100.0
2014-04-19,135172800.0
2014-04-20,121907600.0
2014-04-21,112322300.0
2014-04-22,116194600.0
2014-04-23,122473600.0
2014-04-24,261231000.0
2014-04-25,136708700.0
2014-04-26,272950400.0
2014-04-27,170822400.0
2014-04-28,156261700.0
2014-04-29,214199100.0
2014-04-30,147495600.0
2014-05-01,130606400.0
2014-05-02,124148100.0
2014-05-03,120864300.0
2014-05-04,108432800.0
2014-05-05,99166200.0
2014-05-06,133482900.0
2014-05-07,120926900.0
2014-05-08,122918800.0
2014-05-09,240963200.0
2014-05-10,206183400.0
2014-05-11,277162300.0
2014-05-12,206725800.0
2014-05-13,201207100.0
2014-05-14,158142000.0
2014-05-15,159757800.0
2014-05-16,145058600.0
2014-05-17,169542300.0
2014-05-18,176809400.0
2014-05-19,125596800.0
2014-05-20,122327200.0
2014-05-21,126503700.0
2014-05-22,124780100.0
2014-05-23,126805200.0
2014-05-24,131448400.0
2014-05-25,98528300.0
2014-05-26,92739400.0
2014-05-27,106735400.0
2014-05-28,110363700.0
2014-05-29,141169700.0
2014-05-30,132678000.0
2014-05-31,169962300.0
2014-06-01,132627400.0
2014-06-02,155542500.0
2014-06-03,143742700.0
2014-06-04,146372800.0
2014-06-05,123449900.0
2014-06-06,167767800.0
2014-06-07,361607300.0
2014-06-08,267990000.0
2014-06-09,164342400.0
2014-06-10,231228900.0
2014-06-11,170137100.0
2014-06-12,123284900.0
2014-06-13,132308100.0
2014-06-14,334948100.0
2014-06-15,277932200.0
2014-06-16,172650900.0
2014-06-17,179313100.0
2014-06-18,197638100.0
2014-06-19,270479800.0
2014-06-20,234896400.0
2014-06-21,180299800.0
2014-06-22,194777200.0
2014-06-23,251179000.0
2014-06-24,328425200.0
2014-06-25,398212700.0
2014-06-26,304803800.0
2014-06-27,209085600.0
2014-06-28,172803300.0
2014-06-29,153225700.0
2014-06-30,161934300.0
2014-07-01,216575900.0
2014-07-02,237436500.0
2014-07-03,177461400.0
2014-07-04,165312900.0
2014-07-05,183686100.0
2014-07-06,143898600.0
2014-07-07,267748000.0
2014-07-08,235571500.0
2014-07-09,223144800.0
2014-07-10,178390000.0
2014-07-11,214540500.0
2014-07-12,212839800.0
2014-07-13,262607200.0
2014-07-14,291113500.0
2014-07-15,249558000.0
2014-07-16,195849400.0
2014-07-17,188246300.0
2014-07-18,228722500.0
2014-07-19,166991800.0
2014-07-20,174812100.0
2014-07-21,144116900.0
2014-07-22,169709900.0
2014-07-23,213821900.0
2014-07-24,179371300.0
2014-07-25,158195600.0
2014-07-26,148152800.0
2014-07-27,141572500.0
2014-07-28,115943600.0
2014-07-29,107614700.0
2014-07-30,110097600.0
2014-07-31,115135000.0
2014-08-01,90668900.0
2014-08-02,197635000.0
2014-08-03,134254400.0
2014-08-04,109790400.0
2014-08-05,98184900.0
2014-08-06,155326700.0
2014-08-07,202101500.0
2014-08-08,172913900.0
2014-08-09,187137100.0
2014-08-10,183870700.0
2014-08-11,165895400.0
2014-08-12,195856800.0
2014-08-13,150492000.0
2014-08-14,173795900.0
2014-08-15,123293200.0
2014-08-16,131755100.0
2014-08-17,170020500.0
2014-08-18,209467100.0
2014-08-19,179968500.0
2014-08-20,121131300.0
2014-08-21,110278100.0
2014-08-22,95641200.0
2014-08-23,121947200.0
2014-08-24,109874900.0
2014-08-25,137816900.0
2014-08-26,184272700.0
2014-08-27,151276100.0
2014-08-28,172094300.0
2014-08-29,141173400.0
2014-08-30,98290700.0
2014-08-31,95982400.0
2014-09-01,78333700.0
2014-09-02,100369700.0
2014-09-03,127964100.0
2014-09-04,135976700.0
2014-09-05,97346000.0
2014-09-06,132940100.0
2014-09-07,187380600.0
2014-09-08,141779100.0
2014-09-09,118095300.0
2014-09-10,106342000.0
2014-09-11,172936800.0
2014-09-12,166613600.0
2014-09-13,242150900.0
2014-09-14,211561000.0
2014-09-15,171183700.0
2014-09-16,138323500.0
2014-09-17,147638600.0
2014-09-18,117857500.0
2014-09-19,111815500.0
2014-09-20,193047100.0
2014-09-21,139166600.0
2014-09-22,137599600.0
2014-09-23,135126400.0
2014-09-24,119595600.0
2014-09-25,128536400.0
2014-09-26,145688600.0
2014-09-27,119122600.0
2014-09-28,95860700.0
2014-09-29,96881200.0
2014-09-30,79532900.0
2014-10-01,79814500.0
2014-10-02,74860000.0
2014-10-03,89225800.0
2014-10-04,89648300.0
2014-10-05,91505500.0
2014-10-06,110195900.0
2014-10-07,200208900.0
2014-10-08,192831500.0
2014-10-09,277464200.0
2014-10-10,196813500.0
2014-10-11,183867000.0
2014-10-12,184559100.0
2014-10-13,229583500.0
2014-10-14,174551500.0
2014-10-15,167037600.0
2014-10-16,160418100.0
2014-10-17,147283800.0
2014-10-18,185270700.0
2014-10-19,166375800.0
2014-10-20,138649500.0
2014-10-21,118235000.0
2014-10-22,157336800.0
2014-10-23,143216100.0
2014-10-24,159735900.0
2014-10-25,132772700.0
2014-10-26,193654300.0
2014-10-27,134630400.0
2014-10-28,129520300.0
2014-10-29,146805300.0
2014-10-30,172093200.0
2014-10-31,189329200.0
2014-11-01,154701500.0
2014-11-02,126003500.0
2014-11-03,105207200.0
2014-11-04,117523100.0
2014-11-05,125959000.0
2014-11-06,160879000.0
2014-11-07,170572800.0
2014-11-08,156647900.0
2014-11-09,150704500.0
2014-11-10,202737400.0
2014-11-11,248896300.0
2014-11-12,244472900.0
2014-11-13,219527700.0
2014-11-14,224720100.0
2014-11-15,152625200.0
2014-11-16,177367100.0
2014-11-17,141132100.0
2014-11-18,135096900.0
2014-11-19,168774300.0
2014-11-20,131240800.0
2014-11-21,138596000.0
2014-11-22,155251100.0
2014-11-23,157266900.0
2014-11-24,179765300.0
2014-11-25,137970800.0
2014-11-26,130080300.0
2014-11-27,119981200.0
2014-11-28,103624400.0
2014-11-29,92038800.0
2014-11-30,119050700.0
2014-12-01,153483900.0
2014-12-02,117519600.0
2014-12-03,88442000.0
2014-12-04,96075500.0
2014-12-05,101775900.0
2014-12-06,107908800.0
2014-12-07,132769000.0
2014-12-08,134714700.0
2014-12-09,155101000.0
2014-12-10,172244600.0
2014-12-11,179236400.0
2014-12-12,161817500.0
2014-12-13,150543800.0
2014-12-14,180879300.0
2014-12-15,158055900.0
2014-12-16,154940800.0
2014-12-17,125810300.0
2014-12-18,122526000.0
2014-12-19,116538700.0
2014-12-20,127402400.0
2014-12-21,119748400.0
2014-12-22,109013000.0
2014-12-23,95349700.0
2014-12-24,87819800.0
2014-12-25,95790600.0
2014-12-26,83608500.0
2014-12-27,77374300.0
2014-12-28,80865500.0
2014-12-29,73122700.0
2014-12-30,76878600.0
2014-12-31,80933400.0
2015-01-01,66256200.0
2015-01-02,64876900.0
2015-01-03,64367700.0
2015-01-04,57184800.0
2015-01-05,55485100.0
2015-01-06,59272500.0
2015-01-07,53695100.0
2015-01-08,49434400.0
2015-01-09,57623300.0
2015-01-10,52979000.0
2015-01-11,60622400.0
2015-01-12,61696900.0
2015-01-13,75203000.0
2015-01-14,55014500.0
2015-01-15,65634000.0
2015-01-16,64313100.0
2015-01-17,74673700.0
2015-01-18,75820700.0
2015-01-19,86441500.0
2015-01-20,78870100.0
2015-01-21,102883700.0
2015-01-22,123201900.0
2015-01-23,132902700.0
2015-01-24,100096200.0
2015-01-25,82292400.0
2015-01-26,62613900.0
2015-01-27,75961900.0
2015-01-28,76108500.0
2015-01-29,71313000.0
2015-01-30,79387800.0
2015-01-31,101992600.0
2015-02-01,144963500.0
2015-02-02,104001500.0
2015-02-03,99763800.0
2015-02-04,78639000.0
2015-02-05,68296800.0
2015-02-06,97878500.0
2015-02-07,87883900.0
2015-02-08,117325500.0
2015-02-09,120050700.0
2015-02-10,141358300.0
2015-02-11,119889700.0
2015-02-12,89347500.0
2015-02-13,199669600.0
2015-02-14,116989300.0
2015-02-15,98369300.0
2015-02-16,83986400.0
2015-02-17,76701200.0
2015-02-18,67561900.0
2015-02-19,69970700.0
2015-02-20,65398200.0
2015-02-21,74903500.0
2015-02-22,59733500.0
2015-02-23,61677100.0
2015-02-24,64503600.0
2015-02-25,55304700.0
2015-02-26,64442700.0
2015-02-27,84751200.0
2015-02-28,77426600.0
2015-03-01,79243500.0
2015-03-02,79793700.0
2015-03-03,68135700.0
2015-03-04,79272800.0
2015-03-05,82330700.0
2015-03-06,87331400.0
2015-03-07,73397300.0
2015-03-08,69376300.0
2015-03-09,56007200.0
2015-03-10,77641400.0
2015-03-11,70690600.0
2015-03-12,71985500.0
2015-03-13,75620800.0
2015-03-14,73308500.0
2015-03-15,69796000.0
2015-03-16,68357100.0
2015-03-17,65770500.0
2015-03-18,98356500.0
2015-03-19,129427100.0
2015-03-20,131916600.0
2015-03-21,147206900.0
2015-03-22,109872200.0
2015-03-23,108048700.0
2015-03-24,79572300.0
2015-03-25,80777700.0
2015-03-26,89239600.0
2015-03-27,64020300.0
2015-03-28,85117300.0
2015-03-29,141460700.0
2015-03-30,106647200.0
2015-03-31,116603200.0
2015-04-01,98458600.0
2015-04-02,92779200.0
2015-04-03,187411700.0
2015-04-04,156874200.0
2015-04-05,131050400.0
2015-04-06,121713700.0
2015-04-07,145517300.0
2015-04-08,161032600.0
2015-04-09,127916800.0
2015-04-10,108434800.0
2015-04-11,177843900.0
2015-04-12,176243800.0
2015-04-13,139693300.0
2015-04-14,181815000.0
2015-04-15,179420000.0
2015-04-16,188983600.0
2015-04-17,183989300.0
2015-04-18,186283700.0
2015-04-19,212995700.0
2015-04-20,197870100.0
2015-04-21,185934400.0
2015-04-22,144293300.0
2015-04-23,119358400.0
2015-04-24,120562900.0
2015-04-25,161931500.0
2015-04-26,144896800.0
2015-04-27,138872600.0
2015-04-28,150363800.0
2015-04-29,112375300.0
2015-04-30,90002500.0
2015-05-01,107814900.0
2015-05-02,82366400.0
2015-05-03,83727400.0
2015-05-04,91553500.0
2015-05-05,76426500.0
2015-05-06,79758700.0
2015-05-07,95403700.0
2015-05-08,119189900.0
2015-05-09,80022400.0
2015-05-10,93679400.0
2015-05-11,76843300.0
2015-05-12,79771300.0
2015-05-13,79189400.0
2015-05-14,81572600.0
2015-05-15,136425500.0
2015-05-16,156026900.0
2015-05-17,172167000.0
2015-05-18,231342600.0
2015-05-19,148858900.0
2015-05-20,130925600.0
2015-05-21,258627900.0
2015-05-22,175894100.0
2015-05-23,151348800.0
2015-05-24,131153700.0
2015-05-25,215707200.0
2015-05-26,165648100.0
2015-05-27,153409600.0
2015-05-28,167650000.0
2015-05-29,310244700.0
2015-05-30,374661300.0
2015-05-31,251701600.0
2015-06-01,216049100.0
2015-06-02,190737000.0
2015-06-03,175703300.0
2015-06-04,231686400.0
2015-06-05,288224200.0
2015-06-06,207413400.0
2015-06-07,164478600.0
2015-06-08,162205600.0
2015-06-09,219222500.0
2015-06-10,213343400.0
2015-06-11,223610200.0
2015-06-12,150166400.0
2015-06-13,217689900.0
2015-06-14,181757000.0
2015-06-15,194014400.0
2015-06-16,181747400.0
2015-06-17,139151700.0
2015-06-18,178118500.0
2015-06-19,230610300.0
2015-06-20,197822600.0
2015-06-21,184172000.0
2015-06-22,392439400.0
2015-06-23,311764100.0
2015-06-24,254269400.0
2015-06-25,373037200.0
2015-06-26,383943000.0
2015-06-27,351553900.0
2015-06-28,306491400.0
2015-06-29,272840100.0
2015-06-30,193338100.0
2015-07-01,170228000.0
2015-07-02,153734900.0
2015-07-03,127077200.0
2015-07-04,132608600.0
2015-07-05,144509100.0
2015-07-06,141880800.0
2015-07-07,130428000.0
2015-07-08,151243700.0
2015-07-09,119098000.0
2015-07-10,169008200.0
2015-07-11,126055900.0
2015-07-12,146546000.0
2015-07-13,112283600.0
2015-07-14,97539700.0
2015-07-15,253126100.0
2015-07-16,268375900.0
2015-07-17,213083400.0
2015-07-18,247222400.0
2015-07-19,220847800.0
2015-07-20,263658700.0
2015-07-21,234908300.0
2015-07-22,346033000.0
2015-07-23,290965800.0
2015-07-24,221080400.0
2015-07-25,163823600.0
2015-07-26,138264200.0
2015-07-27,249290900.0
2015-07-28,217176700.0
2015-07-29,291454900.0
2015-07-30,363354400.0
2015-07-31,274388200.0
2015-08-01,221549300.0
2015-08-02,171593700.0
2015-08-03,152523900.0
2015-08-04,162040900.0
2015-08-05,142181000.0
2015-08-06,128783800.0
2015-08-07,123202500.0
2015-08-08,168936500.0
2015-08-09,206798100.0
2015-08-10,162080800.0
2015-08-11,160656500.0
2015-08-12,120309000.0
2015-08-13,152250700.0
2015-08-14,215768100.0
2015-08-15,239440500.0
2015-08-16,362046800.0
2015-08-17,234800100.0
2015-08-18,288312800.0
2015-08-19,175605600.0
2015-08-20,209482600.0
2015-08-21,206935700.0
2015-08-22,141983000.0
2015-08-23,138079200.0
2015-08-24,158777000.0
2015-08-25,165312300.0
2015-08-26,200681800.0
2015-08-27,158618500.0
2015-08-28,169616200.0
2015-08-29,123699800.0
2015-08-30,106541200.0
2015-08-31,129038800.0
2015-09-01,114305500.0
2015-09-02,145008100.0
2015-09-03,110335500.0
2015-09-04,96276100.0
2015-09-05,108311600.0
2015-09-06,218494200.0
2015-09-07,166597300.0
2015-09-08,155447100.0
2015-09-09,122899600.0
2015-09-10,172606900.0
2015-09-11,183007000.0
2015-09-12,115675100.0
2015-09-13,95111900.0
2015-09-14,87564000.0
2015-09-15,97038800.0
2015-09-16,82330100.0
2015-09-17,98318200.0
2015-09-18,103427300.0
2015-09-19,126421200.0
2015-09-20,202841500.0
2015-09-21,120686100.0
2015-09-22,89430400.0
2015-09-23,82359900.0
2015-09-24,94910700.0
2015-09-25,84172600.0
2015-09-26,66697100.0
2015-09-27,62441400.0
2015-09-28,62757100.0
2015-09-29,70961600.0
2015-09-30,77565500.0
2015-10-01,69590700.0
2015-10-02,80785000.0
2015-10-03,117405300.0
2015-10-04,82203000.0
2015-10-05,83325300.0
2015-10-06,67007300.0
2015-10-07,77681000.0
2015-10-08,95323500.0
2015-10-09,97909900.0
2015-10-10,72267300.0
2015-10-11,140259800.0
2015-10-12,89441900.0
2015-10-13,126518600.0
2015-10-14,127661400.0
2015-10-15,183840900.0
2015-10-16,162056400.0
2015-10-17,111655200.0
2015-10-18,110333300.0
2015-10-19,88643600.0
2015-10-20,77174000.0
2015-10-21,80410400.0
2015-10-22,74995400.0
2015-10-23,73858500.0
2015-10-24,103230200.0
2015-10-25,111325300.0
2015-10-26,111095100.0
2015-10-27,90316300.0
2015-10-28,88038400.0
2015-10-29,94778700.0
2015-10-30,95136700.0
2015-10-31,79092700.0
2015-11-01,117961200.0
2015-11-02,135306700.0
2015-11-03,94030500.0
2015-11-04,118170200.0
2015-11-05,169316000.0
2015-11-06,178009000.0
2015-11-07,201556200.0
2015-11-08,174690500.0
2015-11-09,130712100.0
2015-11-10,187076200.0
2015-11-11,119484100.0
2015-11-12,98627500.0
2015-11-13,83850800.0
2015-11-14,91693500.0
2015-11-15,133541300.0
2015-11-16,104609500.0
2015-11-17,145771300.0
2015-11-18,136924600.0
2015-11-19,123891500.0
2015-11-20,139544400.0
2015-11-21,136506800.0
2015-11-22,131889100.0
2015-11-23,136625300.0
2015-11-24,115923700.0
2015-11-25,129066800.0
2015-11-26,102865700.0
2015-11-27,110591900.0
2015-11-28,100262500.0
2015-11-29,92186100.0
2015-11-30,100634800.0
2015-12-01,101300700.0
2015-12-02,85251200.0
2015-12-03,103717700.0
2015-12-04,150994700.0
2015-12-05,113007000.0
2015-12-06,103469300.0
2015-12-07,79830600.0
2015-12-08,77463700.0
2015-12-09,74951800.0
2015-12-10,81365600.0
2015-12-11,68619700.0
2015-12-12,64359800.0
2015-12-13,59705900.0
2015-12-14,66715200.0
2015-12-15,79295900.0
2015-12-16,72914900.0
2015-12-17,90540200.0
2015-12-18,85102500.0
2015-12-19,92825700.0
2015-12-20,72876400.0
2015-12-21,65812000.0
2015-12-22,59530400.0
2015-12-23,56954000.0
2015-12-24,56427300.0
2015-12-25,58402800.0
2015-12-26,53911100.0
2015-12-27,46685300.0
2015-12-28,50068500.0
2015-12-29,49963700.0
2015-12-30,52488500.0
2015-12-31,60080700.0
2016-01-01,63496200.0
2016-01-02,55776100.0
2016-01-03,61744800.0
2016-01-04,70137500.0
2016-01-05,64121400.0
2016-01-06,66516300.0
2016-01-07,66291100.0
2016-01-08,56916800.0
2016-01-09,58531700.0
2016-01-10,55702100.0
2016-01-11,55021300.0
2016-01-12,51698900.0
2016-01-13,57472800.0
2016-01-14,47998200.0
2016-01-15,49197100.0
2016-01-16,48121500.0
2016-01-17,45333900.0
2016-01-18,41216600.0
2016-01-19,42112100.0
2016-01-20,42335600.0
2016-01-21,43189600.0
2016-01-22,47088800.0
2016-01-23,48413500.0
2016-01-24,47465300.0
2016-01-25,46310500.0
2016-01-26,45038600.0
2016-01-27,44929900.0
2016-01-28,43688500.0
2016-01-29,47299500.0
2016-01-30,42957700.0
2016-01-31,39773100.0
2016-02-01,43195600.0
2016-02-02,40868300.0
2016-02-03,43866100.0
2016-02-04,36780700.0
2016-02-05,47097800.0
2016-02-06,43320300.0
2016-02-07,40647300.0
2016-02-08,55001700.0
2016-02-09,52366900.0
2016-02-10,50756000.0
2016-02-11,57174700.0
2016-02-12,56716300.0
2016-02-13,48221200.0
2016-02-14,52675600.0
2016-02-15,47824400.0
2016-02-16,43779400.0
2016-02-17,79696800.0
2016-02-18,52527100.0
2016-02-19,45676900.0
2016-02-20,57065100.0
2016-02-21,99150400.0
2016-02-22,65537600.0
2016-02-23,67758700.0
2016-02-24,54552300.0
2016-02-25,68173600.0
2016-02-26,60108800.0
2016-02-27,61497800.0
2016-02-28,48180300.0
2016-02-29,45490900.0
2016-03-01,45421100.0
2016-03-02,46482500.0
2016-03-03,56271800.0
2016-03-04,59948800.0
2016-03-05,54530100.0
2016-03-06,67143400.0
2016-03-07,55494000.0
2016-03-08,61398600.0
2016-03-09,57312300.0
2016-03-10,52917900.0
2016-03-11,59680800.0
2016-03-12,72388700.0
2016-03-13,60744300.0
2016-03-14,65546700.0
2016-03-15,58702900.0
2016-03-16,52825100.0
2016-03-17,95579000.0
2016-03-18,87299900.0
2016-03-19,77517400.0
2016-03-20,92679400.0
2016-03-21,77882300.0
2016-03-22,69651800.0
2016-03-23,67624500.0
2016-03-24,61607000.0
2016-03-25,50287600.0
2016-03-26,47210800.0
2016-03-27,59224300.0
2016-03-28,52809100.0
2016-03-29,51652100.0
2016-03-30,68065400.0
2016-03-31,75202700.0
2016-04-01,79204600.0
2016-04-02,120171800.0
2016-04-03,135858700.0
2016-04-04,204128300.0
2016-04-05,129696500.0
2016-04-06,103478900.0
2016-04-07,83440000.0
2016-04-08,103965500.0
2016-04-09,156104200.0
2016-04-10,143040800.0
2016-04-11,122859800.0
2016-04-12,189941600.0
2016-04-13,166204000.0
2016-04-14,124023100.0
2016-04-15,96632800.0
2016-04-16,109635300.0
2016-04-17,134080400.0
2016-04-18,125799500.0
2016-04-19,89351600.0
2016-04-20,90806900.0
2016-04-21,98139400.0
2016-04-22,136457000.0
2016-04-23,112807300.0
2016-04-24,142878400.0
2016-04-25,146437400.0
2016-04-26,135476300.0
2016-04-27,158126100.0
2016-04-28,193568400.0
2016-04-29,241197800.0
2016-04-30,177291900.0
2016-05-01,185507800.0
2016-05-02,165512200.0
2016-05-03,143929800.0
2016-05-04,171186600.0
2016-05-05,120457400.0
2016-05-06,167895700.0
2016-05-07,176526900.0
2016-05-08,155034200.0
2016-05-09,209489000.0
2016-05-10,237395600.0
2016-05-11,168105200.0
2016-05-12,141137600.0
2016-05-13,170825300.0
2016-05-14,138885700.0
2016-05-15,152320500.0
2016-05-16,138333400.0
2016-05-17,197087400.0
2016-05-18,173510600.0
2016-05-19,186624500.0
2016-05-20,130545000.0
2016-05-21,131291900.0
2016-05-22,124727000.0
2016-05-23,127945900.0
2016-05-24,264127700.0
2016-05-25,188570700.0
2016-05-26,225189500.0
2016-05-27,166167300.0
2016-05-28,227129800.0
2016-05-29,247366300.0
2016-05-30,181035300.0
2016-05-31,233845100.0
2016-06-01,165887100.0
2016-06-02,157670800.0
2016-06-03,169882200.0
2016-06-04,173583500.0
2016-06-05,129929300.0
2016-06-06,117353700.0
2016-06-07,142174900.0
2016-06-08,129499000.0
2016-06-09,135102000.0
2016-06-10,168895700.0
2016-06-11,145810400.0
2016-06-12,132744800.0
2016-06-13,146477400.0
2016-06-14,134838600.0
2016-06-15,146408900.0
2016-06-16,163522400.0
2016-06-17,140199400.0
2016-06-18,129380500.0
2016-06-19,194671700.0
2016-06-20,230031400.0
2016-06-21,222677600.0
2016-06-22,182730300.0
2016-06-23,165300300.0
2016-06-24,234183800.0
2016-06-25,220869100.0
2016-06-26,257890100.0
2016-06-27,167423200.0
2016-06-28,159123900.0
2016-06-29,186254900.0
2016-06-30,202257900.0
2016-07-01,270475900.0
2016-07-02,252916600.0
2016-07-03,310386700.0
2016-07-04,226895900.0
2016-07-05,233257900.0
2016-07-06,420360000.0
2016-07-07,276528300.0
2016-07-08,189154800.0
2016-07-09,146997700.0
2016-07-10,135733200.0
2016-07-11,196364700.0
2016-07-12,185136000.0
2016-07-13,157183600.0
2016-07-14,140719700.0
2016-07-15,230678700.0
2016-07-16,188119700.0
2016-07-17,143704800.0
2016-07-18,245110800.0
2016-07-19,159966800.0
2016-07-20,216180200.0
2016-07-21,204192900.0
2016-07-22,188165600.0
2016-07-23,206690000.0
2016-07-24,173920100.0
2016-07-25,174508900.0
2016-07-26,145972700.0
2016-07-27,278487400.0
2016-07-28,198097600.0
2016-07-29,167891600.0
2016-07-30,145505600.0
2016-07-31,163276300.0
2016-08-01,171970200.0
2016-08-02,159901100.0
2016-08-03,160489000.0
2016-08-04,166811300.0
2016-08-05,137900200.0
2016-08-06,111103900.0
2016-08-07,112838000.0
2016-08-08,150549700.0
2016-08-09,140457400.0
2016-08-10,146498100.0
2016-08-11,147846000.0
2016-08-12,129797600.0
2016-08-13,161967000.0
2016-08-14,125894000.0
2016-08-15,179469900.0
2016-08-16,149797300.0
2016-08-17,214276700.0
2016-08-18,389964200.0
2016-08-19,207228400.0
2016-08-20,145103800.0
2016-08-21,125063100.0
2016-08-22,151298000.0
2016-08-23,137491500.0
2016-08-24,138815900.0
2016-08-25,118214500.0
2016-08-26,153039000.0
2016-08-27,201372100.0
2016-08-28,165531300.0
2016-08-29,117343900.0
2016-08-30,190736600.0
2016-08-31,129762900.0
2016-09-01,299613500.0
2016-09-02,178463300.0
2016-09-03,142739200.0
2016-09-04,156677300.0
2016-09-05,174046500.0
2016-09-06,190731700.0
2016-09-07,244958700.0
2016-09-08,159469000.0
2016-09-09,146247200.0
2016-09-10,184830600.0
2016-09-11,312604400.0
2016-09-12,242960100.0
2016-09-13,161423300.0
2016-09-14,243086200.0
2016-09-15,305630200.0
2016-09-16,169530600.0
2016-09-17,135034500.0
2016-09-18,140970200.0
2016-09-19,174844100.0
2016-09-20,136291500.0
2016-09-21,225426900.0
2016-09-22,143850800.0
2016-09-23,141625000.0
2016-09-24,244156900.0
2016-09-25,263594300.0
2016-09-26,173784000.0
2016-09-27,223134600.0
2016-09-28,172355000.0
2016-09-29,136163700.0
2016-09-30,136820000.0
2016-10-01,159320100.0
2016-10-02,157556400.0
2016-10-03,131443400.0
2016-10-04,144858600.0
2016-10-05,133841100.0
2016-10-06,135045800.0
2016-10-07,147554800.0
2016-10-08,166013400.0
2016-10-09,155518000.0
2016-10-10,220313700.0
2016-10-11,185672100.0
2016-10-12,250333700.0
2016-10-13,157388100.0
2016-10-14,213314300.0
2016-10-15,163244600.0
2016-10-16,182678800.0
2016-10-17,171848200.0
2016-10-18,182254300.0
2016-10-19,135022700.0
2016-10-20,159211900.0
2016-10-21,141863500.0
2016-10-22,160811100.0
2016-10-23,130310100.0
2016-10-24,124458200.0
2016-10-25,177883400.0
2016-10-26,174324500.0
2016-10-27,213537500.0
2016-10-28,208827000.0
2016-10-29,255176400.0
2016-10-30,151494400.0
2016-10-31,155200500.0
2016-11-01,185193900.0
2016-11-02,169294200.0
2016-11-03,149788500.0
2016-11-04,155472300.0
2016-11-05,168315000.0
2016-11-06,175302300.0
2016-11-07,182802100.0
2016-11-08,167120200.0
2016-11-09,161926800.0
2016-11-10,180065500.0
2016-11-11,390974400.0
2016-11-12,201022600.0
2016-11-13,179800600.0
2016-11-14,218716100.0
2016-11-15,233685000.0
2016-11-16,225051800.0
2016-11-17,216222000.0
2016-11-18,213298900.0
2016-11-19,293362400.0
2016-11-20,261685400.0
2016-11-21,180129300.0
2016-11-22,152803800.0
2016-11-23,141663600.0
2016-11-24,168826900.0
2016-11-25,215634600.0
2016-11-26,203954800.0
2016-11-27,227973100.0
2016-11-28,220790700.0
2016-11-29,284336400.0
2016-11-30,176552600.0
2016-12-01,223131100.0
2016-12-02,241633200.0
2016-12-03,274260100.0
2016-12-04,243945400.0
2016-12-05,225212100.0
2016-12-06,201937100.0
2016-12-07,173638300.0
2016-12-08,201255900.0
2016-12-09,165729500.0
2016-12-10,206746100.0
2016-12-11,198350900.0
2016-12-12,144757000.0
2016-12-13,136499400.0
2016-12-14,157340200.0
2016-12-15,127089300.0
2016-12-16,120757400.0
2016-12-17,125069000.0
2016-12-18,125634800.0
2016-12-19,110082800.0
2016-12-20,111084500.0
2016-12-21,173572600.0
2016-12-22,148265700.0
2016-12-23,139872400.0
2016-12-24,141269500.0
2016-12-25,124486600.0
2016-12-26,124650400.0
2016-12-27,139561600.0
2016-12-28,122065900.0
2016-12-29,105104000.0
2016-12-30,132706300.0
2016-12-31,158507200.0
2017-01-01,137712300.0
2017-01-02,125385900.0
2017-01-03,100514800.0
2017-01-04,99264800.0
2017-01-05,122459500.0
2017-01-06,110019300.0
2017-01-07,116773800.0
2017-01-08,183269000.0
2017-01-09,162421800.0
2017-01-10,149167100.0
2017-01-11,145275600.0
2017-01-12,135559900.0
2017-01-13,144937400.0
2017-01-14,130270300.0
2017-01-15,116190000.0
2017-01-16,115480400.0
2017-01-17,129944800.0
2017-01-18,154202600.0
2017-01-19,153341500.0
2017-01-20,141442800.0
2017-01-21,156895500.0
2017-01-22,123140300.0
2017-01-23,100860500.0
2017-01-24,90869900.0
2017-01-25,87623800.0
2017-01-26,116456700.0
2017-01-27,130582700.0
2017-01-28,121760400.0
2017-01-29,110837400.0
2017-01-30,146414800.0
2017-01-31,100985000.0
2017-02-01,104966400.0
2017-02-02,90912600.0
2017-02-03,88538500.0
2017-02-04,86882500.0
2017-02-05,87321100.0
2017-02-06,79784700.0
2017-02-07,64335100.0
2017-02-08,66050100.0
2017-02-09,68591500.0
2017-02-10,71713600.0
2017-02-11,83742100.0
2017-02-12,94658700.0
2017-02-13,94827300.0
2017-02-14,73603700.0
2017-02-15,62891100.0
2017-02-16,64218900.0
2017-02-17,73935000.0
2017-02-18,68433100.0
2017-02-19,61301600.0
2017-02-20,65021500.0
2017-02-21,66489300.0
2017-02-22,74993000.0
2017-02-23,74542700.0
2017-02-24,102071800.0
2017-02-25,98606000.0
2017-02-26,108636100.0
2017-02-27,107894700.0
2017-02-28,88872800.0
2017-03-01,93428600.0
2017-03-02,113600500.0
2017-03-03,108144400.0
2017-03-04,95416400.0
2017-03-05,95774900.0
2017-03-06,107194700.0
2017-03-07,132223400.0
2017-03-08,181674400.0
2017-03-09,161911700.0
2017-03-10,153855800.0
2017-03-11,136685700.0
2017-03-12,205372600.0
2017-03-13,168616300.0
2017-03-14,171053800.0
2017-03-15,187964800.0
2017-03-16,146478200.0
2017-03-17,120678500.0
2017-03-18,118478400.0
2017-03-19,123952700.0
2017-03-20,120465700.0
2017-03-21,124542300.0
2017-03-22,165707300.0
2017-03-23,262529100.0
2017-03-24,236481400.0
2017-03-25,203072000.0
2017-03-26,390408000.0
2017-03-27,311152200.0
2017-03-28,293971600.0
2017-03-29,313686300.0
2017-03-30,304941800.0
2017-03-31,369797100.0
2017-04-01,332978600.0
2017-04-02,212079700.0
2017-04-03,176137400.0
2017-04-04,139033700.0
2017-04-05,120222100.0
2017-04-06,107375600.0
2017-04-07,116145900.0
2017-04-08,110043200.0
2017-04-09,173155000.0
2017-04-10,146022300.0
2017-04-11,149818700.0
2017-04-12,186876900.0
2017-04-13,174073400.0
2017-04-14,191073100.0
2017-04-15,140037600.0
2017-04-16,134762700.0
2017-04-17,176112800.0
2017-04-18,150147000.0
2017-04-19,207481100.0
2017-04-20,173865200.0
2017-04-21,248721900.0
2017-04-22,161804300.0
2017-04-23,130706200.0
2017-04-24,133173600.0
2017-04-25,151140600.0
2017-04-26,253914900.0
2017-04-27,141909800.0
2017-04-28,120844900.0
2017-04-29,123726000.0
2017-04-30,197552100.0
2017-05-01,194943000.0
2017-05-02,257640400.0
2017-05-03,189159100.0
2017-05-04,229559400.0
2017-05-05,226551700.0
2017-05-06,429693500.0
2017-05-07,287031600.0
2017-05-08,408884000.0
2017-05-09,295138200.0
2017-05-10,395071200.0
2017-05-11,338703700.0
2017-05-12,322806600.0
2017-05-13,370098500.0
2017-05-14,415122100.0
2017-05-15,476524100.0
2017-05-16,449796000.0
2017-05-17,377421500.0
2017-05-18,427235800.0
2017-05-19,288668800.0
2017-05-20,275886300.0
2017-05-21,276843300.0
2017-05-22,300706300.0
2017-05-23,212639100.0
2017-05-24,199643300.0
2017-05-25,184868200.0
2017-05-26,157230900.0
2017-05-27,167270500.0
2017-05-28,142167900.0
2017-05-29,147341200.0
2017-05-30,217131700.0
2017-05-31,204148900.0
2017-06-01,228931300.0
2017-06-02,214589900.0
2017-06-03,133265300.0
2017-06-04,171610500.0
2017-06-05,230468400.0
2017-06-06,146013300.0
2017-06-07,342984300.0
2017-06-08,251505600.0
2017-06-09,212628000.0
2017-06-10,183305300.0
2017-06-11,209698200.0
2017-06-12,304566200.0
2017-06-13,426481000.0
2017-06-14,283089700.0
2017-06-15,435645400.0
2017-06-16,256178600.0
2017-06-17,264925900.0
2017-06-18,232335200.0
2017-06-19,244818900.0
2017-06-20,241540600.0
2017-06-21,287800400.0
2017-06-22,215058400.0
2017-06-23,229859800.0
2017-06-24,178548000.0
2017-06-25,178094400.0
2017-06-26,240972500.0
2017-06-27,255747700.0
2017-06-28,218411600.0
2017-06-29,169380100.0
2017-06-30,250635500.0
2017-07-01,217551600.0
2017-07-02,226858600.0
2017-07-03,194828400.0
2017-07-04,182070500.0
2017-07-05,165339000.0
2017-07-06,226339000.0
2017-07-07,160919200.0
2017-07-08,166017600.0
2017-07-09,200636100.0
2017-07-10,206828300.0
2017-07-11,217354200.0
2017-07-12,235427600.0
2017-07-13,182437600.0
2017-07-14,165476100.0
2017-07-15,180551500.0
2017-07-16,164438400.0
2017-07-17,168989600.0
2017-07-18,260352500.0
2017-07-19,254682800.0
2017-07-20,249389800.0
2017-07-21,161713800.0
2017-07-22,144023400.0
2017-07-23,181630800.0
2017-07-24,155177000.0
2017-07-25,284845100.0
2017-07-26,235209700.0
2017-07-27,200910100.0
2017-07-28,223248600.0
2017-07-29,182237700.0
2017-07-30,217075300.0
2017-07-31,199376200.0
2017-08-01,168874900.0
2017-08-02,142458100.0
2017-08-03,131181700.0
2017-08-04,216288500.0
2017-08-05,143252900.0
2017-08-06,124430700.0
2017-08-07,152152300.0
2017-08-08,183823300.0
2017-08-09,245790600.0
2017-08-10,154577400.0
2017-08-11,167184500.0
2017-08-12,201512200.0
2017-08-13,123764800.0
2017-08-14,110762900.0
2017-08-15,116981700.0
2017-08-16,158409100.0
2017-08-17,122308800.0
2017-08-18,124662500.0
2017-08-19,171935100.0
2017-08-20,159547700.0
2017-08-21,136030800.0
2017-08-22,146627300.0
2017-08-23,121202200.0
2017-08-24,165668400.0
2017-08-25,123340700.0
2017-08-26,127955200.0
2017-08-27,155211100.0
2017-08-28,127059000.0
2017-08-29,176842500.0
2017-08-30,218395700.0
2017-08-31,180923500.0
2017-09-01,122891100.0
2017-09-02,178647900.0
2017-09-03,133610200.0
2017-09-04,117428100.0
2017-09-05,140068900.0
2017-09-06,138019600.0
2017-09-07,147571400.0
2017-09-08,169446500.0
2017-09-09,173653300.0
2017-09-10,220404300.0
2017-09-11,144243100.0
2017-09-12,158061300.0
2017-09-13,169292500.0
2017-09-14,146422400.0
2017-09-15,192609800.0
2017-09-16,267197200.0
2017-09-17,248365300.0
2017-09-18,159267900.0
2017-09-19,155055100.0
2017-09-20,165199900.0
2017-09-21,114036900.0
2017-09-22,139344500.0
2017-09-23,216524700.0
2017-09-24,164795100.0
2017-09-25,142973400.0
2017-09-26,129098900.0
2017-09-27,107756700.0
2017-09-28,150788900.0
2017-09-29,181372000.0
2017-09-30,199565900.0
2017-10-01,151196200.0
2017-10-02,210218300.0
2017-10-03,196502600.0
2017-10-04,222693900.0
2017-10-05,176212500.0
2017-10-06,155016300.0
2017-10-07,134532500.0
2017-10-08,119787100.0
2017-10-09,133159200.0
2017-10-10,142745400.0
2017-10-11,170186000.0
2017-10-12,120959000.0
2017-10-13,122915600.0
2017-10-14,126740000.0
2017-10-15,124114200.0
2017-10-16,134960100.0
2017-10-17,109308600.0
2017-10-18,107337000.0
2017-10-19,110521900.0
2017-10-20,117886000.0
2017-10-21,130178800.0
2017-10-22,162601500.0
2017-10-23,128488900.0
2017-10-24,116491200.0
2017-10-25,108687800.0
2017-10-26,158733700.0
2017-10-27,124747800.0
2017-10-28,184425600.0
2017-10-29,250481800.0
2017-10-30,169404800.0
2017-10-31,167505600.0
2017-11-01,162629100.0
2017-11-02,151647100.0
2017-11-03,173983700.0
2017-11-04,263967400.0
2017-11-05,160632300.0
2017-11-06,146183800.0
2017-11-07,121453700.0
2017-11-08,174323500.0
2017-11-09,162087300.0
2017-11-10,167527200.0
2017-11-11,177263300.0
2017-11-12,144301500.0
2017-11-13,131133200.0
2017-11-14,156915700.0
2017-11-15,263955100.0
2017-11-16,287076200.0
2017-11-17,255313800.0
2017-11-18,273367500.0
2017-11-19,296386200.0
2017-11-20,273846100.0
2017-11-21,230998800.0
2017-11-22,173817100.0
2017-11-23,167400800.0
2017-11-24,196866700.0
2017-11-25,186948600.0
2017-11-26,152949000.0
2017-11-27,145020000.0
2017-11-28,140168600.0
2017-11-29,133569800.0
2017-11-30,132219200.0
2017-12-01,152276700.0
2017-12-02,175970900.0
2017-12-03,157071000.0
2017-12-04,149354000.0
2017-12-05,171097400.0
2017-12-06,119471000.0
2017-12-07,119040900.0
2017-12-08,144137600.0
2017-12-09,223473400.0
2017-12-10,173874000.0
2017-12-11,169560300.0
2017-12-12,181025800.0
2017-12-13,131653400.0
2017-12-14,107138000.0
2017-12-15,99727200.0
2017-12-16,102782700.0
2017-12-17,85988700.0
2017-12-18,85949200.0
2017-12-19,74522000.0
2017-12-20,81518800.0
2017-12-21,79946600.0
2017-12-22,77291800.0
2017-12-23,80408600.0
2017-12-24,88952500.0
2017-12-25,94647000.0
2017-12-26,99156700.0
2017-12-27,132154000.0
2017-12-28,115223300.0
2017-12-29,127512000.0
2017-12-30,131999700.0
2017-12-31,131455800.0
2018-01-01,130937300.0
2018-01-02,136647500.0
2018-01-03,150155200.0
2018-01-04,142374700.0
2018-01-05,148188600.0
2018-01-06,118149000.0
2018-01-07,104971100.0
2018-01-08,92414800.0
2018-01-09,140787400.0
2018-01-10,154571600.0
2018-01-11,137369700.0
2018-01-12,157083500.0
2018-01-13,111845900.0
2018-01-14,113172000.0
2018-01-15,120374200.0
2018-01-16,121159500.0
2018-01-17,141942200.0
2018-01-18,166318700.0
2018-01-19,190171700.0
2018-01-20,148490100.0
2018-01-21,118957000.0
2018-01-22,96125900.0
2018-01-23,96965300.0
2018-01-24,90643300.0
2018-01-25,74860500.0
2018-01-26,78383000.0
2018-01-27,80990200.0
2018-01-28,88601000.0
2018-01-29,77127400.0
2018-01-30,89635400.0
2018-01-31,77319500.0
2018-02-01,69382700.0
2018-02-02,85310400.0
2018-02-03,105648500.0
2018-02-04,80024900.0
2018-02-05,75811200.0
2018-02-06,82111200.0
2018-02-07,77758300.0
2018-02-08,68023900.0
2018-02-09,62851500.0
2018-02-10,70651400.0
2018-02-11,80385200.0
2018-02-12,85690700.0
2018-02-13,76566100.0
2018-02-14,77987200.0
2018-02-15,83664500.0
2018-02-16,83143800.0
2018-02-17,84769000.0
2018-02-18,85537100.0
2018-02-19,94410600.0
2018-02-20,80935000.0
2018-02-21,89111200.0
2018-02-22,82434900.0
2018-02-23,96245100.0
2018-02-24,106583400.0
2018-02-25,93549100.0
2018-02-26,85032200.0
2018-02-27,75621700.0
2018-02-28,66988100.0
2018-03-01,61643600.0
2018-03-02,76266400.0
2018-03-03,74986600.0
2018-03-04,80048200.0
2018-03-05,102049400.0
2018-03-06,103958000.0
2018-03-07,91086100.0
2018-03-08,126731200.0
2018-03-09,98650100.0
2018-03-10,74144500.0
2018-03-11,63848800.0
2018-03-12,58482800.0
2018-03-13,74704000.0
2018-03-14,72346400.0
2018-03-15,71257500.0
2018-03-16,74197200.0
2018-03-17,67028800.0
2018-03-18,80018400.0
2018-03-19,84940900.0
2018-03-20,90859500.0
2018-03-21,89824400.0
2018-03-22,80685800.0
2018-03-23,95402400.0
2018-03-24,114871900.0
2018-03-25,133571700.0
2018-03-26,119812700.0
2018-03-27,122606500.0
2018-03-28,121542200.0
2018-03-29,163300200.0
2018-03-30,117222400.0
2018-03-31,184017900.0
2018-04-01,251685600.0
2018-04-02,238055600.0
2018-04-03,242118500.0
2018-04-04,282791200.0
2018-04-05,243287100.0
2018-04-06,292819600.0
2018-04-07,207917200.0
2018-04-08,201764200.0
2018-04-09,178990000.0
2018-04-10,191405800.0
2018-04-11,205811600.0
2018-04-12,251590600.0
2018-04-13,262653600.0
2018-04-14,327239900.0
2018-04-15,231429800.0
2018-04-16,200909300.0
2018-04-17,175565500.0
2018-04-18,172473800.0
2018-04-19,234605500.0
2018-04-20,166393500.0
2018-04-21,129983800.0
2018-04-22,169114100.0
2018-04-23,185726700.0
2018-04-24,167296200.0
2018-04-25,202658200.0
2018-04-26,290419600.0
2018-04-27,444703600.0
2018-04-28,271298400.0
2018-04-29,271323700.0
2018-04-30,203711200.0
2018-05-01,186389600.0
2018-05-02,278404000.0
2018-05-03,205393500.0
2018-05-04,313134800.0
2018-05-05,226215700.0
2018-05-06,228383000.0
2018-05-07,340099700.0
2018-05-08,513359500.0
2018-05-09,420366700.0
2018-05-10,409945700.0
2018-05-11,365723500.0
2018-05-12,304190100.0
2018-05-13,358701000.0
2018-05-14,371264000.0
2018-05-15,409439700.0
2018-05-16,319320200.0
2018-05-17,313513000.0
2018-05-18,284756900.0
2018-05-19,309065900.0
2018-05-20,443458800.0
2018-05-21,346147000.0
2018-05-22,259053500.0
2018-05-23,417164800.0
2018-05-24,285547200.0
2018-05-25,266010000.0
2018-05-26,334720300.0
2018-05-27,378836900.0
2018-05-28,398742900.0
2018-05-29,262310400.0
2018-05-30,263457700.0
2018-05-31,251839100.0
2018-06-01,339723800.0
2018-06-02,351648500.0
2018-06-03,356082500.0
2018-06-04,418493200.0
2018-06-05,327420200.0
2018-06-06,295188600.0
2018-06-07,266548400.0
2018-06-08,250551900.0
2018-06-09,255841900.0
2018-06-10,242776300.0
2018-06-11,257522100.0
2018-06-12,239952700.0
2018-06-13,188035200.0
2018-06-14,257655100.0
2018-06-15,246512000.0
2018-06-16,264167100.0
2018-06-17,295758200.0
2018-06-18,238270400.0
2018-06-19,239850000.0
2018-06-20,250705200.0
2018-06-21,234393100.0
2018-06-22,202359200.0
2018-06-23,238979900.0
2018-06-24,315960600.0
2018-06-25,236514300.0
2018-06-26,257695400.0
2018-06-27,235287600.0
2018-06-28,406591200.0
2018-06-29,270587100.0
2018-06-30,226857900.0
2018-07-01,232225400.0
2018-07-02,270353500.0
2018-07-03,230454000.0
2018-07-04,193670200.0
2018-07-05,212210800.0
2018-07-06,191756200.0
2018-07-07,246833500.0
2018-07-08,184348600.0
2018-07-09,197469400.0
2018-07-10,251854000.0
2018-07-11,209420600.0
2018-07-12,211109500.0
2018-07-13,253412100.0
2018-07-14,223690800.0
2018-07-15,233990500.0
2018-07-16,297973400.0
2018-07-17,285048100.0
2018-07-18,225436900.0
2018-07-19,205438100.0
2018-07-20,214470300.0
2018-07-21,225658300.0
2018-07-22,212214100.0
2018-07-23,165724300.0
2018-07-24,292216800.0
2018-07-25,197134800.0
2018-07-26,192030900.0
2018-07-27,268047800.0
2018-07-28,326347200.0
2018-07-29,216180500.0
2018-07-30,212040500.0
2018-07-31,213053900.0
2018-08-01,198821300.0
2018-08-02,180108900.0
2018-08-03,215898500.0
2018-08-04,226192700.0
2018-08-05,355246800.0
2018-08-06,165349000.0
2018-08-07,170998600.0
2018-08-08,159561200.0
2018-08-09,227628800.0
2018-08-10,174278100.0
2018-08-11,136333400.0
2018-08-12,155888000.0
2018-08-13,181287400.0
2018-08-14,238844100.0
2018-08-15,163851300.0
2018-08-16,132031800.0
2018-08-17,156135200.0
2018-08-18,172242100.0
2018-08-19,202321500.0
2018-08-20,132356200.0
2018-08-21,143104000.0
2018-08-22,238693100.0
2018-08-23,139667100.0
2018-08-24,175583500.0
2018-08-25,123022100.0
2018-08-26,178200200.0
2018-08-27,287169200.0
2018-08-28,165741400.0
2018-08-29,179809200.0
2018-08-30,174101600.0
2018-08-31,142197600.0
2018-09-01,125886000.0
2018-09-02,136483800.0
2018-09-03,122255200.0
2018-09-04,161418400.0
2018-09-05,163726100.0
2018-09-06,222535300.0
2018-09-07,203574200.0
2018-09-08,255039400.0
2018-09-09,185192000.0
2018-09-10,132488100.0
2018-09-11,127089400.0
2018-09-12,129342000.0
2018-09-13,125660500.0
2018-09-14,173564900.0
2018-09-15,212112300.0
2018-09-16,226991500.0
2018-09-17,140499600.0
2018-09-18,149346000.0
2018-09-19,193263600.0
2018-09-20,148393500.0
2018-09-21,120404000.0
2018-09-22,146250200.0
2018-09-23,101898300.0
2018-09-24,105523200.0
2018-09-25,97748400.0
2018-09-26,101860200.0
2018-09-27,193706600.0
2018-09-28,149812700.0
2018-09-29,194421700.0
2018-09-30,164808700.0
2018-10-01,144560300.0
2018-10-02,153732400.0
2018-10-03,126370600.0
2018-10-04,145293900.0
2018-10-05,197717600.0
2018-10-06,221293200.0
2018-10-07,177416900.0
2018-10-08,191044400.0
2018-10-09,186615500.0
2018-10-10,206072900.0
2018-10-11,410010700.0
2018-10-12,217306100.0
2018-10-13,174820000.0
2018-10-14,185288000.0
2018-10-15,176096200.0
2018-10-16,195352900.0
2018-10-17,178202600.0
2018-10-18,150548900.0
2018-10-19,173727100.0
2018-10-20,188906500.0
2018-10-21,199799300.0
2018-10-22,167473600.0
2018-10-23,179203700.0
2018-10-24,211841500.0
2018-10-25,205413100.0
2018-10-26,199021300.0
2018-10-27,195250900.0
2018-10-28,165107300.0
2018-10-29,174306500.0
2018-10-30,163231300.0
2018-10-31,155078400.0
2018-11-01,143082800.0
2018-11-02,171213800.0
2018-11-03,215332700.0
2018-11-04,201953100.0
2018-11-05,254081000.0
2018-11-06,213825200.0
2018-11-07,194186900.0
2018-11-08,156753900.0
2018-11-09,212043700.0
2018-11-10,196375900.0
2018-11-11,179369900.0
2018-11-12,170478200.0
2018-11-13,169807200.0
2018-11-14,161713600.0
2018-11-15,161864400.0
2018-11-16,144845200.0
2018-11-17,168299700.0
2018-11-18,215660500.0
2018-11-19,188221800.0
2018-11-20,151582300.0
2018-11-21,152170500.0
2018-11-22,151519600.0
2018-11-23,187644600.0
2018-11-24,173192500.0
2018-11-25,230460300.0
2018-11-26,194884000.0
2018-11-27,171635800.0
2018-11-28,171253400.0
2018-11-29,152830200.0
2018-11-30,162907000.0
2018-12-01,158757800.0
2018-12-02,136740500.0
2018-12-03,126140800.0
2018-12-04,121562900.0
2018-12-05,127130600.0
2018-12-06,123136900.0
2018-12-07,106084900.0
2018-12-08,110600200.0
2018-12-09,99452700.0
2018-12-10,88591600.0
2018-12-11,93653100.0
2018-12-12,104048100.0
2018-12-13,105883800.0
2018-12-14,101473600.0
2018-12-15,98936700.0
2018-12-16,84282400.0
2018-12-17,86468600.0
2018-12-18,81091600.0
2018-12-19,99799700.0
2018-12-20,83393100.0
2018-12-21,82133700.0
2018-12-22,82591300.0
2018-12-23,82179100.0
2018-12-24,77617800.0
2018-12-25,80895000.0
2018-12-26,68050300.0
2018-12-27,75836500.0
2018-12-28,69145600.0
2018-12-29,62922200.0
2018-12-30,71202900.0
2018-12-31,66390600.0
2019-01-01,63035900.0
2019-01-02,60901300.0
2019-01-03,64058000.0
2019-01-04,62531300.0
2019-01-05,62769100.0
2019-01-06,68701100.0
2019-01-07,73105400.0
2019-01-08,67340400.0
2019-01-09,78001100.0
2019-01-10,74148600.0
2019-01-11,64123700.0
2019-01-12,67859800.0
2019-01-13,69245800.0
2019-01-14,75249400.0
2019-01-15,76075600.0
2019-01-16,74866300.0
2019-01-17,71206200.0
2019-01-18,74096100.0
2019-01-19,70487500.0
2019-01-20,84715100.0
2019-01-21,99163400.0
2019-01-22,73821300.0
2019-01-23,60833700.0
2019-01-24,59325000.0
2019-01-25,67777100.0
2019-01-26,61176300.0
2019-01-27,63514900.0
2019-01-28,71523500.0
2019-01-29,82082100.0
2019-01-30,63806100.0
2019-01-31,71622300.0
2019-02-01,72548500.0
2019-02-02,72581500.0
2019-02-03,68872600.0
2019-02-04,57683900.0
2019-02-05,67261500.0
2019-02-06,72305600.0
2019-02-07,71710100.0
2019-02-08,84816900.0
2019-02-09,80308600.0
2019-02-10,74978100.0
2019-02-11,65427200.0
2019-02-12,74117300.0
2019-02-13,61372900.0
2019-02-14,67370200.0
2019-02-15,56349400.0
2019-02-16,55495100.0
2019-02-17,66607400.0
2019-02-18,65849000.0
2019-02-19,83709700.0
2019-02-20,81827900.0
2019-02-21,75715300.0
2019-02-22,74940500.0
2019-02-23,87375400.0
2019-02-24,87179100.0
2019-02-25,88485100.0
2019-02-26,84367800.0
2019-02-27,93936600.0
2019-02-28,91820500.0
2019-03-01,80952600.0
2019-03-02,102977300.0
2019-03-03,72481300.0
2019-03-04,74048300.0
2019-03-05,71337100.0
2019-03-06,90965900.0
2019-03-07,71695400.0
2019-03-08,88646000.0
2019-03-09,73123100.0
2019-03-10,100111700.0
2019-03-11,101163800.0
2019-03-12,96258700.0
2019-03-13,78366300.0
2019-03-14,90310000.0
2019-03-15,101980300.0
2019-03-16,83550100.0
2019-03-17,88578800.0
2019-03-18,90007000.0
2019-03-19,142849300.0
2019-03-20,117920900.0
2019-03-21,112401100.0
2019-03-22,141974100.0
2019-03-23,147417300.0
2019-03-24,132084000.0
2019-03-25,114393000.0
2019-03-26,122911200.0
2019-03-27,103777600.0
2019-03-28,109044800.0
2019-03-29,122211400.0
2019-03-30,128964500.0
2019-03-31,100677800.0
2019-04-01,166306600.0
2019-04-02,220839000.0
2019-04-03,132915900.0
2019-04-04,133291000.0
2019-04-05,176725800.0
2019-04-06,202339400.0
2019-04-07,175546600.0
2019-04-08,138754100.0
2019-04-09,138237500.0
2019-04-10,129049200.0
2019-04-11,126166000.0
2019-04-12,138178300.0
2019-04-13,126648600.0
2019-04-14,137831200.0
2019-04-15,231763500.0
2019-04-16,141620600.0
2019-04-17,145394300.0
2019-04-18,173020700.0
2019-04-19,175040600.0
2019-04-20,205677100.0
2019-04-21,252147900.0
2019-04-22,325834500.0
2019-04-23,268829100.0
2019-04-24,293884100.0
2019-04-25,241468200.0
2019-04-26,244059400.0
2019-04-27,194148800.0
2019-04-28,187142700.0
2019-04-29,154055100.0
2019-04-30,126197100.0
2019-05-01,106024600.0
2019-05-02,102251800.0
2019-05-03,98057600.0
2019-05-04,108285100.0
2019-05-05,103885400.0
2019-05-06,106883300.0
2019-05-07,117041500.0
2019-05-08,155376300.0
2019-05-09,185244900.0
2019-05-10,230108500.0
2019-05-11,286151700.0
2019-05-12,237626900.0
2019-05-13,308549900.0
2019-05-14,339965600.0
2019-05-15,269666300.0
2019-05-16,211268800.0
2019-05-17,245991000.0
2019-05-18,214290100.0
2019-05-19,256912000.0
2019-05-20,244695700.0
2019-05-21,260891700.0
2019-05-22,269400900.0
2019-05-23,285674500.0
2019-05-24,334169200.0
2019-05-25,297776600.0
2019-05-26,241603500.0
2019-05-27,326039000.0
2019-05-28,242070400.0
2019-05-29,261505700.0
2019-05-30,298506900.0
2019-05-31,278916700.0
2019-06-01,352801100.0
2019-06-02,293743400.0
2019-06-03,248943500.0
2019-06-04,208728500.0
2019-06-05,257710600.0
2019-06-06,230489200.0
2019-06-07,268013700.0
2019-06-08,212450900.0
2019-06-09,185736700.0
2019-06-10,324148500.0
2019-06-11,276450900.0
2019-06-12,322149400.0
2019-06-13,242207900.0
2019-06-14,272658800.0
2019-06-15,267772100.0
2019-06-16,223636000.0
2019-06-17,232507700.0
2019-06-18,247467600.0
2019-06-19,200615700.0
2019-06-20,318587900.0
2019-06-21,367168400.0
2019-06-22,342664300.0
2019-06-23,316022900.0
2019-06-24,300708700.0
2019-06-25,245270300.0
2019-06-26,196138900.0
2019-06-27,160084300.0
2019-06-28,160804200.0
2019-06-29,200406500.0
2019-06-30,219137100.0
2019-07-01,255283100.0
2019-07-02,238181100.0
2019-07-03,232981700.0
2019-07-04,172502000.0
2019-07-05,198126700.0
2019-07-06,192267600.0
2019-07-07,146858900.0
2019-07-08,161731400.0
2019-07-09,152042100.0
2019-07-10,140789200.0
2019-07-11,155620000.0
2019-07-12,136799400.0
2019-07-13,217924200.0
2019-07-14,294211800.0
2019-07-15,294956900.0
2019-07-16,185197100.0
2019-07-17,151981400.0
2019-07-18,141125300.0
2019-07-19,244327800.0
2019-07-20,265828300.0
2019-07-21,276396900.0
2019-07-22,279440300.0
2019-07-23,368347300.0
2019-07-24,240510900.0
2019-07-25,195991100.0
2019-07-26,221173800.0
2019-07-27,208175900.0
2019-07-28,266803400.0
2019-07-29,184757500.0
2019-07-30,160524600.0
2019-07-31,144930200.0
2019-08-01,134614700.0
2019-08-02,150309300.0
2019-08-03,211800800.0
2019-08-04,179116500.0
2019-08-05,179459400.0
2019-08-06,140936200.0
2019-08-07,119959700.0
2019-08-08,166475200.0
2019-08-09,137772600.0
2019-08-10,127310600.0
2019-08-11,171071200.0
2019-08-12,159735300.0
2019-08-13,255500200.0
2019-08-14,295795600.0
2019-08-15,212284900.0
2019-08-16,161796800.0
2019-08-17,164197700.0
2019-08-18,138895000.0
2019-08-19,199507400.0
2019-08-20,148259200.0
2019-08-21,137154000.0
2019-08-22,112492600.0
2019-08-23,112145400.0
2019-08-24,109857400.0
2019-08-25,98939500.0
2019-08-26,89465600.0
2019-08-27,91196300.0
2019-08-28,137548900.0
2019-08-29,112013100.0
2019-08-30,89144300.0
2019-08-31,88923400.0
2019-09-01,104324600.0
2019-09-02,155531600.0
2019-09-03,103026700.0
2019-09-04,123856100.0
2019-09-05,110635100.0
2019-09-06,132414300.0
2019-09-07,121283400.0
2019-09-08,84545200.0
2019-09-09,82309500.0
2019-09-10,92756000.0
2019-09-11,101181500.0
2019-09-12,103287700.0
2019-09-13,133617800.0
2019-09-14,139305900.0
2019-09-15,108245100.0
2019-09-16,136699700.0
2019-09-17,98257800.0
2019-09-18,134994700.0
2019-09-19,157191800.0
2019-09-20,143569700.0
2019-09-21,172040000.0
2019-09-22,139209300.0
2019-09-23,177902200.0
2019-09-24,118885000.0
2019-09-25,149067100.0
2019-09-26,165258300.0
2019-09-27,101324500.0
2019-09-28,110206800.0
2019-09-29,135755200.0
2019-09-30,124942100.0
2019-10-01,145151500.0
2019-10-02,129060400.0
2019-10-03,244505600.0
2019-10-04,133646900.0
2019-10-05,133793600.0
2019-10-06,125556600.0
2019-10-07,144485200.0
2019-10-08,133320700.0
2019-10-09,115142400.0
2019-10-10,134788700.0
2019-10-11,152220600.0
2019-10-12,193558000.0
2019-10-13,240918000.0
2019-10-14,166105200.0
2019-10-15,123777700.0
2019-10-16,116825200.0
2019-10-17,140781200.0
2019-10-18,149544500.0
2019-10-19,205002600.0
2019-10-20,193702300.0
2019-10-21,187698800.0
2019-10-22,165728600.0
2019-10-23,209217400.0
2019-10-24,219384000.0
2019-10-25,188505200.0
2019-10-26,201078700.0
2019-10-27,208200100.0
2019-10-28,151915300.0
2019-10-29,162299500.0
2019-10-30,214711700.0
2019-10-31,144005000.0
2019-11-01,127352200.0
2019-11-02,136855200.0
2019-11-03,128405200.0
2019-11-04,136596000.0
2019-11-05,139377500.0
2019-11-06,121318700.0
2019-11-07,108403300.0
2019-11-08,107984300.0
2019-11-09,158956700.0
2019-11-10,121045300.0
2019-11-11,188187800.0
2019-11-12,223310200.0
2019-11-13,257022300.0
2019-11-14,215021100.0
2019-11-15,205038500.0
2019-11-16,176881300.0
2019-11-17,152259900.0
2019-11-18,147570100.0
2019-11-19,149836600.0
2019-11-20,172890300.0
2019-11-21,143387100.0
2019-11-22,164901400.0
2019-11-23,165669100.0
2019-11-24,140567800.0
2019-11-25,117887300.0
2019-11-26,113673600.0
2019-11-27,127120200.0
2019-11-28,130444500.0
2019-11-29,121316300.0
2019-11-30,119922800.0
2019-12-01,135369100.0
2019-12-02,111323800.0
2019-12-03,103056100.0
2019-12-04,96976500.0
2019-12-05,107206000.0
2019-12-06,96732400.0
2019-12-07,103591700.0
2019-12-08,104983100.0
2019-12-09,96900900.0
2019-12-10,92846100.0
2019-12-11,94893400.0
2019-12-12,95946200.0
2019-12-13,109395000.0
2019-12-14,142325800.0
2019-12-15,165291500.0
2019-12-16,104956100.0
2019-12-17,99962000.0
2019-12-18,104246000.0
2019-12-19,98450400.0
2019-12-20,129027600.0
2019-12-21,111089600.0
2019-12-22,112768800.0
2019-12-23,102009100.0
2019-12-24,93062800.0
2019-12-25,114902800.0
2019-12-26,138478200.0
2019-12-27,100303900.0
2019-12-28,80942900.0
2019-12-29,78816500.0
2019-12-30,110690400.0
2019-12-31,167617400.0
