fecha,compras_contrato
2010-01-01,139513242.05
2010-01-02,149019866.53
2010-01-03,142706302.31
2010-01-04,162337508.33
2010-01-05,164415230.05
2010-01-06,163158987.3
2010-01-07,167986492.28
2010-01-08,172147368.21
2010-01-09,164998217.56999996
2010-01-10,155259130.72
2010-01-11,156685783.07
2010-01-12,169969310.47
2010-01-13,172631091.39000002
2010-01-14,173995690.65000004
2010-01-15,173863314.42000005
2010-01-16,167966408.98999998
2010-01-17,157145988.03
2010-01-18,170974694.3
2010-01-19,171438603.33999997
2010-01-20,173744319.15999997
2010-01-21,172783398.3
2010-01-22,172730600.70999998
2010-01-23,167470367.8
2010-01-24,156843026.76
2010-01-25,173108870.33
2010-01-26,173501867.02
2010-01-27,174364381.83
2010-01-28,174355511.73000002
2010-01-29,172708201.41000003
2010-01-30,167448752.51
2010-01-31,156197102.45000002
2010-02-01,174015638.69999996
2010-02-02,175618076.54000002
2010-02-03,173560569.92999998
2010-02-04,174937645.91
2010-02-05,177457745.76999998
2010-02-06,172725323.91999996
2010-02-07,159222639.78
2010-02-08,178484106.72
2010-02-09,178090803.23000002
2010-02-10,177603908.07
2010-02-11,176868518.48000002
2010-02-12,173710787.42
2010-02-13,168300549.13
2010-02-14,157427317.41000003
2010-02-15,173935737.78999996
2010-02-16,175042800.83999997
2010-02-17,176027850.98000002
2010-02-18,176080668.47000003
2010-02-19,176236000.26999998
2010-02-20,169669029.58
2010-02-21,158266561.81
2010-02-22,176975976.13
2010-02-23,176726990.77
2010-02-24,176543936.12
2010-02-25,177053588.83
2010-02-26,175647737.09999996
2010-02-27,168314967.25
2010-02-28,157836737.2
2010-03-01,170255693.13000003
2010-03-02,170579044.24
2010-03-03,172067952.73000002
2010-03-04,173124017.25
2010-03-05,172015285.34
2010-03-06,164575027.75000003
2010-03-07,155280432.10000002
2010-03-08,169755100.88
2010-03-09,172699447.52
2010-03-10,174042328.48
2010-03-11,173448767.98
2010-03-12,173759010.76
2010-03-13,167700919.41
2010-03-14,156011523.62
2010-03-15,172830854.40000004
2010-03-16,174836396.45999998
2010-03-17,172537312.11000004
2010-03-18,174276177.19
2010-03-19,174370867.46000004
2010-03-20,168646778.59
2010-03-21,158523280.38
2010-03-22,158965117.94000003
2010-03-23,173411016.24
2010-03-24,174932446.49
2010-03-25,175047855.64999995
2010-03-26,176048780.29
2010-03-27,169227622.72
2010-03-28,158628558.29000005
2010-03-29,173154569.20000002
2010-03-30,173466002.04999998
2010-03-31,171363556.23000002
2010-04-01,153982795.8
2010-04-02,150599242.12000003
2010-04-03,159952303.64000002
2010-04-04,154768437.07999995
2010-04-05,172282444.76
2010-04-06,173626280.14000002
2010-04-07,173574159.81
2010-04-08,171911038.89000002
2010-04-09,173139253.32
2010-04-10,167903444.44
2010-04-11,157143010.0
2010-04-12,172880242.4
2010-04-13,174919557.55
2010-04-14,174560855.89000002
2010-04-15,174775175.29999998
2010-04-16,174858625.91
2010-04-17,167355130.75
2010-04-18,156108795.57000002
2010-04-19,172797211.16000003
2010-04-20,173415241.7
2010-04-21,173021832.88999996
2010-04-22,172834750.96999997
2010-04-23,172657753.67999998
2010-04-24,168207368.10999998
2010-04-25,158613867.34
2010-04-26,174305779.5
2010-04-27,175041983.79999998
2010-04-28,174858304.36
2010-04-29,175352377.25
2010-04-30,174512857.60000002
2010-05-01,166602444.27
2010-05-02,164596866.62999997
2010-05-03,182421836.53
2010-05-04,183664566.11999995
2010-05-05,182955972.60999998
2010-05-06,183349925.37999997
2010-05-07,185334908.40000004
2010-05-08,180375316.55
2010-05-09,167574506.01
2010-05-10,185142877.94000003
2010-05-11,186221032.48
2010-05-12,185414225.48
2010-05-13,185681466.32
2010-05-14,185594082.63
2010-05-15,180664569.61999995
2010-05-16,168892794.5
2010-05-17,169225011.87
2010-05-18,185809604.79
2010-05-19,187124778.74999994
2010-05-20,187045791.47999996
2010-05-21,186126684.39
2010-05-22,180901353.05000004
2010-05-23,169050286.60000002
2010-05-24,184664306.29999998
2010-05-25,185661385.11999997
2010-05-26,185583213.24999997
2010-05-27,185152595.58
2010-05-28,184822750.78
2010-05-29,178988240.26
2010-05-30,166676852.68000004
2010-05-31,183655912.34
2010-06-01,189784732.26999995
2010-06-02,187580199.9
2010-06-03,187839960.92000002
2010-06-04,176798171.88
2010-06-05,170742994.04
2010-06-06,159003962.6
2010-06-07,159818013.01999998
2010-06-08,178058906.62
2010-06-09,179409978.60000002
2010-06-10,180631201.64
2010-06-11,179861568.63000003
2010-06-12,170601301.24000007
2010-06-13,159169757.76999998
2010-06-14,159443086.84
2010-06-15,177992779.29
2010-06-16,176799695.27
2010-06-17,179232776.69000006
2010-06-18,177344038.84000003
2010-06-19,171575872.03999996
2010-06-20,157712449.52
2010-06-21,179937351.14
2010-06-22,181438076.02999994
2010-06-23,181796174.32
2010-06-24,180904636.90999997
2010-06-25,180777713.1
2010-06-26,174013206.21000004
2010-06-27,160230983.05999997
2010-06-28,176721243.11999997
2010-06-29,181576969.99999997
2010-06-30,182207441.89
2010-07-01,178391250.12999997
2010-07-02,174927468.21999997
2010-07-03,169289553.01
2010-07-04,157350639.43999997
2010-07-05,158390869.32
2010-07-06,173962299.45999995
2010-07-07,174976960.23000002
2010-07-08,174486821.33999997
2010-07-09,174935931.79
2010-07-10,168463451.03000006
2010-07-11,158035551.22
2010-07-12,174423340.82000005
2010-07-13,177171477.95
2010-07-14,177864503.45
2010-07-15,177417322.76
2010-07-16,176657779.26
2010-07-17,168580439.40000004
2010-07-18,156634736.04
2010-07-19,170612401.33000004
2010-07-20,159545506.33
2010-07-21,176012256.59000003
2010-07-22,177178666.53000003
2010-07-23,177450985.86
2010-07-24,171091150.77
2010-07-25,159927644.79000005
2010-07-26,178145418.88
2010-07-27,180747018.32999998
2010-07-28,178846513.17000002
2010-07-29,180009379.11
2010-07-30,178221597.29999995
2010-07-31,170185493.31000003
2010-08-01,154876252.07
2010-08-02,171751996.5
2010-08-03,174737769.88
2010-08-04,175221031.59
2010-08-05,174265674.42
2010-08-06,173187034.3
2010-08-07,158782960.70000005
2010-08-08,155162644.94
2010-08-09,174671840.55
2010-08-10,177538571.26999998
2010-08-11,176233016.38
2010-08-12,177027618.00000003
2010-08-13,177311685.27
2010-08-14,171629192.32
2010-08-15,156543782.02
2010-08-16,157571639.91000003
2010-08-17,174790452.62
2010-08-18,177345403.1
2010-08-19,178900100.89
2010-08-20,177934906.37
2010-08-21,171388053.42000002
2010-08-22,159597317.95999998
2010-08-23,179290946.84
2010-08-24,180661702.29000002
2010-08-25,178686756.33
2010-08-26,180178032.5
2010-08-27,179296601.70000005
2010-08-28,171156434.99
2010-08-29,159782435.05
2010-08-30,179996983.71
2010-08-31,185698377.20999998
2010-09-01,189533032.39000002
2010-09-02,188078920.66
2010-09-03,183123950.93000007
2010-09-04,176060953.46
2010-09-05,164117941.89
2010-09-06,182485978.32999998
2010-09-07,184363241.93
2010-09-08,183188994.32
2010-09-09,182869652.19
2010-09-10,179669835.01999998
2010-09-11,172361881.92
2010-09-12,161094104.79
2010-09-13,178950460.12000003
2010-09-14,181200659.15
2010-09-15,182697385.64000002
2010-09-16,182155273.04
2010-09-17,183049490.78999996
2010-09-18,175129667.28
2010-09-19,162381999.16999996
2010-09-20,184707475.42
2010-09-21,183934237.78
2010-09-22,190082456.44
2010-09-23,190593023.42
2010-09-24,191726984.94999996
2010-09-25,181951899.05999997
2010-09-26,166603879.10000002
2010-09-27,187997544.10000002
2010-09-28,191369252.95
2010-09-29,192770215.29
2010-09-30,192583460.78999996
2010-10-01,189544598.56999996
2010-10-02,182486001.98999998
2010-10-03,165502864.59999996
2010-10-04,191145017.95999998
2010-10-05,190810980.40000004
2010-10-06,195702837.13
2010-10-07,194912693.39000002
2010-10-08,194185521.75
2010-10-09,185530903.77
2010-10-10,172727413.28
2010-10-11,194675726.35999998
2010-10-12,196722331.20999998
2010-10-13,196618514.09
2010-10-14,194450467.94
2010-10-15,196928686.78999996
2010-10-16,188547361.50000003
2010-10-17,173422707.15
2010-10-18,174014033.02999997
2010-10-19,193795618.46999997
2010-10-20,194182267.04
2010-10-21,193492880.66000003
2010-10-22,194344472.07
2010-10-23,187293192.57
2010-10-24,174635176.58000007
2010-10-25,193348574.73
2010-10-26,195652287.66
2010-10-27,195142221.65
2010-10-28,193169666.48999998
2010-10-29,194201938.64000002
2010-10-30,186702763.66
2010-10-31,172306731.56
2010-11-01,173566628.75
2010-11-02,191499986.01999998
2010-11-03,184990045.66
2010-11-04,185105462.66999996
2010-11-05,187721957.9
2010-11-06,179290855.43
2010-11-07,166590271.15
2010-11-08,184541044.89
2010-11-09,187278269.08999997
2010-11-10,187354046.37000003
2010-11-11,186996784.66
2010-11-12,186186423.78000003
2010-11-13,177965351.87999997
2010-11-14,164623935.55999997
2010-11-15,165882834.83000007
2010-11-16,181229452.89000002
2010-11-17,182567424.54000002
2010-11-18,183942293.36
2010-11-19,183421331.32000005
2010-11-20,175973820.24000004
2010-11-21,162777831.94000006
2010-11-22,180338631.07999995
2010-11-23,182654152.45999998
2010-11-24,187212604.11999997
2010-11-25,186183268.92999998
2010-11-26,185978800.64
2010-11-27,177477087.19000003
2010-11-28,163651225.33
2010-11-29,182196732.07
2010-11-30,184123829.65
2010-12-01,168939007.70999998
2010-12-02,167299396.44
2010-12-03,167087938.59
2010-12-04,160610583.14999998
2010-12-05,150538639.25
2010-12-06,166370291.45999998
2010-12-07,167401415.05999997
2010-12-08,153120455.17999998
2010-12-09,167451139.21999997
2010-12-10,167978993.47000003
2010-12-11,161642722.2
2010-12-12,150893383.41000003
2010-12-13,166436147.42999998
2010-12-14,165174273.07000002
2010-12-15,168985568.56999996
2010-12-16,169324242.32000002
2010-12-17,169497337.76000002
2010-12-18,161330866.67
2010-12-19,150796888.35
2010-12-20,166554260.43000004
2010-12-21,166760572.4
2010-12-22,167136318.83000004
2010-12-23,166885215.73000002
2010-12-24,158647852.44
2010-12-25,143103630.67
2010-12-26,146645740.70000002
2010-12-27,164781782.65
2010-12-28,165972088.95
2010-12-29,165336316.18
2010-12-30,163853372.54999998
2010-12-31,155361370.05
2011-01-01,131536467.27000001
2011-01-02,134196818.64000003
2011-01-03,153155911.66000003
2011-01-04,155713425.89000002
2011-01-05,156489028.72000003
2011-01-06,158022958.97000003
2011-01-07,157192766.27
2011-01-08,154728480.75999996
2011-01-09,143385593.71
2011-01-10,144162833.01000002
2011-01-11,162679101.73999995
2011-01-12,164108227.25999996
2011-01-13,164758055.43
2011-01-14,164640774.57999998
2011-01-15,158166073.72
2011-01-16,146727408.56
2011-01-17,162138800.83999997
2011-01-18,163943400.76
2011-01-19,164263764.45
2011-01-20,164965377.51999995
2011-01-21,165790120.49
2011-01-22,159681040.94
2011-01-23,148268569.35000002
2011-01-24,167415375.23000002
2011-01-25,168615085.15000004
2011-01-26,169373579.73999998
2011-01-27,165963022.48999995
2011-01-28,167035454.74999997
2011-01-29,157004063.50000003
2011-01-30,146533924.65
2011-01-31,164123450.58000007
2011-02-01,169973252.34999996
2011-02-02,168266626.17
2011-02-03,172560986.44000003
2011-02-04,171546759.76
2011-02-05,159942433.35
2011-02-06,145979886.70999998
2011-02-07,163865294.87
2011-02-08,164586650.04
2011-02-09,164757603.07
2011-02-10,164897488.81
2011-02-11,165894264.13000003
2011-02-12,159134888.92000002
2011-02-13,146585955.30999997
2011-02-14,165198222.3
2011-02-15,167169271.54999998
2011-02-16,164931822.76999998
2011-02-17,163910249.79
2011-02-18,163420661.13000003
2011-02-19,159282229.45
2011-02-20,146255255.32000002
2011-02-21,165224487.84000003
2011-02-22,167198553.74
2011-02-23,167183078.79999998
2011-02-24,166685746.40000004
2011-02-25,166694569.6
2011-02-26,159972914.24999997
2011-02-27,146872838.95999998
2011-02-28,165621705.14
2011-03-01,164813670.77999997
2011-03-02,164788728.29000002
2011-03-03,164556049.42999998
2011-03-04,164699312.35999998
2011-03-05,156805859.65
2011-03-06,144678190.24999997
2011-03-07,163400859.37
2011-03-08,164744135.07999998
2011-03-09,166404837.21
2011-03-10,165874990.48999998
2011-03-11,166248537.56999996
2011-03-12,159090996.54999995
2011-03-13,146464776.04000002
2011-03-14,165305632.67
2011-03-15,166445818.02
2011-03-16,166740760.18
2011-03-17,166009688.37
2011-03-18,166474321.14999998
2011-03-19,158156695.32000002
2011-03-20,144409441.15
2011-03-21,146808262.60000002
2011-03-22,162324683.44
2011-03-23,163520959.29000002
2011-03-24,163181272.04000002
2011-03-25,164894599.23
2011-03-26,157672788.16
2011-03-27,146272741.05
2011-03-28,164761212.21
2011-03-29,166793965.35
2011-03-30,166325790.59
2011-03-31,163770046.29999998
2011-04-01,164060957.76
2011-04-02,156914344.75000003
2011-04-03,148093888.19
2011-04-04,166446464.17
2011-04-05,167070580.65
2011-04-06,167146117.48
2011-04-07,167820665.24
2011-04-08,167482393.62999997
2011-04-09,159450353.07000005
2011-04-10,149379273.45999998
2011-04-11,166626642.59
2011-04-12,167661576.28
2011-04-13,167291329.82
2011-04-14,167553120.22999996
2011-04-15,167442936.51
2011-04-16,159456511.26999998
2011-04-17,150700090.83999997
2011-04-18,165321011.31
2011-04-19,165767301.92
2011-04-20,164208617.95999998
2011-04-21,144618602.82999998
2011-04-22,139964605.99
2011-04-23,149487996.56
2011-04-24,145796888.23
2011-04-25,163331349.03
2011-04-26,166034480.10000002
2011-04-27,167790077.1
2011-04-28,167869704.20999998
2011-04-29,168693243.97
2011-04-30,159293060.23000002
2011-05-01,152523835.63
2011-05-02,173028605.54000002
2011-05-03,173871116.59000003
2011-05-04,174176029.49
2011-05-05,175367474.95
2011-05-06,175491721.85
2011-05-07,168726115.81999996
2011-05-08,154382381.19000003
2011-05-09,174476136.34
2011-05-10,175871705.82999998
2011-05-11,175744731.74
2011-05-12,175699580.39000002
2011-05-13,174420418.98999995
2011-05-14,166704324.57
2011-05-15,154439648.5
2011-05-16,171538899.99
2011-05-17,174590698.42
2011-05-18,174875568.14000002
2011-05-19,175684242.41
2011-05-20,175974250.41
2011-05-21,169781816.22
2011-05-22,155246797.61
2011-05-23,174547216.30000004
2011-05-24,176824197.41000003
2011-05-25,175477997.82000002
2011-05-26,175646090.14000002
2011-05-27,175593902.21000004
2011-05-28,167347715.89000002
2011-05-29,155194884.35
2011-05-30,175001504.20999995
2011-05-31,176028989.89000002
2011-06-01,177509298.36
2011-06-02,177632424.16
2011-06-03,178161516.94000003
2011-06-04,170741756.51000002
2011-06-05,156515162.22
2011-06-06,159171799.95000002
2011-06-07,178044079.10999998
2011-06-08,179583203.06000006
2011-06-09,178869116.89
2011-06-10,180314817.5
2011-06-11,173591936.28999996
2011-06-12,161567079.19
2011-06-13,182525373.32
2011-06-14,184277170.75999996
2011-06-15,184032558.52999997
2011-06-16,181895334.41
2011-06-17,183267551.52
2011-06-18,173938078.14000005
2011-06-19,157880083.85
2011-06-20,180879257.31999996
2011-06-21,182151436.26999995
2011-06-22,182667211.68999997
2011-06-23,181077705.85999998
2011-06-24,179811505.29
2011-06-25,172669359.1
2011-06-26,158691398.56
2011-06-27,161020555.51
2011-06-28,179647809.31999996
2011-06-29,181919845.61999997
2011-06-30,180134151.26999998
2011-07-01,177706422.86999997
2011-07-02,169331352.23
2011-07-03,155980801.85000002
2011-07-04,158055003.81999996
2011-07-05,177336663.65000004
2011-07-06,179360395.04999995
2011-07-07,177948596.76000002
2011-07-08,178651383.48
2011-07-09,170774853.16000003
2011-07-10,159742442.95
2011-07-11,179659016.80999997
2011-07-12,180887958.51000002
2011-07-13,180453019.67000005
2011-07-14,178977215.57999998
2011-07-15,179827071.57
2011-07-16,172464352.66
2011-07-17,159479094.53
2011-07-18,178966045.61000004
2011-07-19,181072074.72
2011-07-20,165753070.66
2011-07-21,180814884.63
2011-07-22,181958394.50000003
2011-07-23,172675559.12
2011-07-24,161016273.27999997
2011-07-25,180667703.47
2011-07-26,181421936.94
2011-07-27,182410287.51
2011-07-28,182444189.88000003
2011-07-29,180970765.10000005
2011-07-30,170500796.55999997
2011-07-31,158832060.52
2011-08-01,178622524.92999998
2011-08-02,180711123.40999997
2011-08-03,181438435.38
2011-08-04,181267718.51999995
2011-08-05,181515779.85999995
2011-08-06,173870713.00999996
2011-08-07,160743160.54
2011-08-08,184064509.14
2011-08-09,184814733.96
2011-08-10,185442709.95
2011-08-11,184572737.65
2011-08-12,185050948.65
2011-08-13,175085575.37999997
2011-08-14,159207610.37999997
2011-08-15,162162114.26000002
2011-08-16,182970487.23
2011-08-17,182766877.32000002
2011-08-18,182375631.24
2011-08-19,183467652.0
2011-08-20,174902300.24
2011-08-21,160741083.23000002
2011-08-22,180669151.27000004
2011-08-23,181452426.17000005
2011-08-24,181069828.80999997
2011-08-25,183449696.97000006
2011-08-26,182855537.90999997
2011-08-27,174147297.31999996
2011-08-28,161517786.50000003
2011-08-29,180506905.60000002
2011-08-30,181752040.04999998
2011-08-31,181914196.42999998
2011-09-01,184429768.69000003
2011-09-02,181678249.21
2011-09-03,174142290.90999997
2011-09-04,161862968.89999998
2011-09-05,182492481.47000003
2011-09-06,184051605.41
2011-09-07,185004182.93
2011-09-08,185192627.76999995
2011-09-09,184052677.67999998
2011-09-10,175131619.22
2011-09-11,163017020.99
2011-09-12,180680151.29999998
2011-09-13,183665585.44
2011-09-14,182180255.40999997
2011-09-15,182240016.02999997
2011-09-16,182611237.95000005
2011-09-17,175705794.76
2011-09-18,162934402.65
2011-09-19,179995933.83
2011-09-20,181551735.62
2011-09-21,181591906.95
2011-09-22,181673367.57
2011-09-23,182682414.95000002
2011-09-24,175291850.0599999
2011-09-25,163739922.34
2011-09-26,182323241.45999998
2011-09-27,182299619.53999996
2011-09-28,184699042.59
2011-09-29,183605339.04999998
2011-09-30,181807006.55000004
2011-10-01,173729039.65
2011-10-02,160986496.44
2011-10-03,182504610.13999996
2011-10-04,183474928.65
2011-10-05,183306275.14000002
2011-10-06,184946318.82
2011-10-07,184489700.58
2011-10-08,174603757.89
2011-10-09,161585023.42999998
2011-10-10,181926899.26999998
2011-10-11,181790275.05999997
2011-10-12,181516394.08
2011-10-13,183527089.39999998
2011-10-14,182569136.94000003
2011-10-15,174191709.87
2011-10-16,159540465.40000004
2011-10-17,162211846.18
2011-10-18,179003063.83
2011-10-19,180890983.47000003
2011-10-20,180324395.44999996
2011-10-21,180157496.5
2011-10-22,174472214.93
2011-10-23,163264091.45
2011-10-24,184452500.66
2011-10-25,186481764.55999994
2011-10-26,186287635.95000002
2011-10-27,186401531.49999997
2011-10-28,186391433.48000002
2011-10-29,175327513.69
2011-10-30,161248722.69
2011-10-31,179624502.73000005
2011-11-01,182505098.28999996
2011-11-02,181758393.67000002
2011-11-03,182708072.35
2011-11-04,183458019.32
2011-11-05,177897540.52
2011-11-06,164837161.79000002
2011-11-07,166674580.99
2011-11-08,185670567.02
2011-11-09,185611414.63
2011-11-10,186047739.65999997
2011-11-11,186159411.9
2011-11-12,177607531.73999998
2011-11-13,163474183.14
2011-11-14,166664709.91
2011-11-15,184362778.64
2011-11-16,184574146.17999995
2011-11-17,183867980.63
2011-11-18,182304770.37
2011-11-19,175611636.24999997
2011-11-20,164499126.20000002
2011-11-21,184051804.76
2011-11-22,184974572.74999997
2011-11-23,185683064.52999997
2011-11-24,184748161.27
2011-11-25,185955967.62999997
2011-11-26,178617010.16999996
2011-11-27,164869847.46
2011-11-28,183568212.71
2011-11-29,182708421.19
2011-11-30,180518445.07999998
2011-12-01,171575535.07
2011-12-02,173128810.36
2011-12-03,167465361.42000002
2011-12-04,156531159.24000004
2011-12-05,174361013.98000002
2011-12-06,174923327.29999998
2011-12-07,173659834.46000004
2011-12-08,157505880.07
2011-12-09,174244154.64
2011-12-10,168047146.61999997
2011-12-11,155814220.46999997
2011-12-12,172548719.63
2011-12-13,174613181.33
2011-12-14,174894170.50999996
2011-12-15,172657793.07999998
2011-12-16,171780690.5
2011-12-17,163484390.67
2011-12-18,153720967.51999998
2011-12-19,171114829.31999996
2011-12-20,171859158.04
2011-12-21,172584859.87999997
2011-12-22,172058550.95
2011-12-23,170545622.71000004
2011-12-24,158599353.91999996
2011-12-25,146754520.82000005
2011-12-26,166619217.85
2011-12-27,170438441.4
2011-12-28,171411050.23000002
2011-12-29,170208383.74
2011-12-30,168542962.34
2011-12-31,156812825.59
2012-01-01,143442559.14999998
2012-01-02,164244543.79999995
2012-01-03,168890260.76000002
2012-01-04,170459966.24
2012-01-05,170499448.45000002
2012-01-06,170928042.72
2012-01-07,165603710.44999996
2012-01-08,153521031.07000002
2012-01-09,154586292.88
2012-01-10,172373911.26999998
2012-01-11,172111768.14
2012-01-12,174125543.04999998
2012-01-13,174681138.33999994
2012-01-14,168281030.52999997
2012-01-15,155489267.8
2012-01-16,173593322.29999998
2012-01-17,175611579.21999997
2012-01-18,174228318.71000004
2012-01-19,174771342.36
2012-01-20,173680726.91
2012-01-21,167535956.23
2012-01-22,154538197.6
2012-01-23,173474872.52
2012-01-24,173007077.42999998
2012-01-25,174606093.89000002
2012-01-26,174232827.49
2012-01-27,174664394.59
2012-01-28,168771532.92999998
2012-01-29,154975659.8
2012-01-30,173080304.61
2012-01-31,174428418.38
2012-02-01,173931812.10999998
2012-02-02,175526092.83
2012-02-03,175786705.60999998
2012-02-04,168931286.59000003
2012-02-05,153818755.75
2012-02-06,175167518.91999996
2012-02-07,176577435.82999998
2012-02-08,177196954.06999996
2012-02-09,177447302.38
2012-02-10,177154325.99
2012-02-11,168618828.27999997
2012-02-12,155038424.61999997
2012-02-13,175702051.91000003
2012-02-14,176597477.6
2012-02-15,176127495.32
2012-02-16,176534398.32999998
2012-02-17,176052254.92000005
2012-02-18,168851972.30999997
2012-02-19,154973791.37
2012-02-20,173998089.71999994
2012-02-21,176025503.97
2012-02-22,177631621.43
2012-02-23,177372059.34
2012-02-24,178244111.84000003
2012-02-25,172514109.39
2012-02-26,158790788.82
2012-02-27,182542967.19
2012-02-28,183093168.74999997
2012-02-29,181630365.76000002
2012-03-01,179642200.9
2012-03-02,178741921.63000003
2012-03-03,169355902.66
2012-03-04,157850968.99999997
2012-03-05,183333015.83999997
2012-03-06,183851187.75
2012-03-07,182919476.29
2012-03-08,181811579.19
2012-03-09,181547489.86
2012-03-10,174134697.82
2012-03-11,160928861.71
2012-03-12,181257314.19999996
2012-03-13,179999516.26999998
2012-03-14,179790844.31
2012-03-15,182457967.48000005
2012-03-16,183348706.28
2012-03-17,174728611.42000002
2012-03-18,159518537.85
2012-03-19,163658310.57999998
2012-03-20,179744553.25
2012-03-21,180260186.53
2012-03-22,178831850.28000003
2012-03-23,178343287.67999998
2012-03-24,170821849.63
2012-03-25,158218479.15000004
2012-03-26,178317000.78000003
2012-03-27,179259303.64999998
2012-03-28,178926976.25999996
2012-03-29,179307668.65999997
2012-03-30,178099647.58999997
2012-03-31,172803653.37
2012-04-01,161250073.74
2012-04-02,178548713.43
2012-04-03,177595445.29999998
2012-04-04,177525835.57999998
2012-04-05,155141254.0
2012-04-06,151509077.51000002
2012-04-07,163481276.03
2012-04-08,158694457.1
2012-04-09,178412591.45000002
2012-04-10,181330586.08999997
2012-04-11,182132451.14
2012-04-12,179498055.06000003
2012-04-13,179748459.18
2012-04-14,172186929.79999998
2012-04-15,160817258.03
2012-04-16,181213648.67
2012-04-17,182250682.39000005
2012-04-18,180983189.67999998
2012-04-19,180894709.07999998
2012-04-20,181937512.88
2012-04-21,172749960.32
2012-04-22,162644901.72
2012-04-23,180372839.79000002
2012-04-24,182081367.57
2012-04-25,182515707.01000002
2012-04-26,182641714.10000002
2012-04-27,182457685.86
2012-04-28,172494891.86999997
2012-04-29,161050537.62
2012-04-30,177878573.86
2012-05-01,162257210.84999996
2012-05-02,181176096.67999998
2012-05-03,182429025.48000002
2012-05-04,181108020.78999996
2012-05-05,175990502.25000003
2012-05-06,164082190.71999997
2012-05-07,183271165.86
2012-05-08,185052904.79999998
2012-05-09,185097243.95
2012-05-10,185818072.92
2012-05-11,186436915.03999996
2012-05-12,178849428.61999995
2012-05-13,163854881.57000002
2012-05-14,183789909.59
2012-05-15,185815689.58
2012-05-16,186970421.76
2012-05-17,186700391.02000004
2012-05-18,186658294.25000003
2012-05-19,178885784.41
2012-05-20,163853664.26
2012-05-21,166940653.12
2012-05-22,185220256.14999998
2012-05-23,185611079.15000004
2012-05-24,186613702.19000003
2012-05-25,187063872.8
2012-05-26,179492388.6
2012-05-27,165025672.54
2012-05-28,185626067.0
2012-05-29,186390693.43000004
2012-05-30,185864999.08
2012-05-31,186339706.2
2012-06-01,190391597.23000002
2012-06-02,182825890.30999997
2012-06-03,168952971.35000002
2012-06-04,189952517.41000003
2012-06-05,190787464.35000005
2012-06-06,192752411.58
2012-06-07,192669452.47000003
2012-06-08,191265603.94
2012-06-09,184222137.89
2012-06-10,169756564.28
2012-06-11,171207781.22
2012-06-12,191340185.62000003
2012-06-13,196838687.86
2012-06-14,195580727.68999997
2012-06-15,196054834.94000003
2012-06-16,183161448.48999998
2012-06-17,165698108.94000003
2012-06-18,168414761.53999996
2012-06-19,189126252.80999997
2012-06-20,189656412.68
2012-06-21,189244358.27999997
2012-06-22,190735403.87
2012-06-23,182740976.17
2012-06-24,166807645.7
2012-06-25,187404505.94
2012-06-26,189448029.3
2012-06-27,189672200.84
2012-06-28,190432654.28000003
2012-06-29,188610911.22999996
2012-06-30,180210170.92999998
2012-07-01,164924771.83
2012-07-02,166877469.29000002
2012-07-03,188138571.2
2012-07-04,190159085.83000004
2012-07-05,189587461.20999995
2012-07-06,190149770.2
2012-07-07,182454724.08999994
2012-07-08,167646547.32
2012-07-09,188608199.77
2012-07-10,190887369.83999997
2012-07-11,189838380.24999997
2012-07-12,188928011.81000003
2012-07-13,188025561.61
2012-07-14,180233669.09
2012-07-15,165895912.92999998
2012-07-16,186313193.47
2012-07-17,189329616.41000003
2012-07-18,188741851.26
2012-07-19,190259499.68000004
2012-07-20,173104403.78000003
2012-07-21,180289524.39999998
2012-07-22,166335288.57
2012-07-23,187548946.39
2012-07-24,188818056.04
2012-07-25,190890835.48999992
2012-07-26,191494880.08999997
2012-07-27,195824869.85
2012-07-28,183211338.01
2012-07-29,170258669.57000002
2012-07-30,196493831.65999997
2012-07-31,190682902.19999996
2012-08-01,197334164.49
2012-08-02,196671487.88
2012-08-03,194549725.25
2012-08-04,191545468.70999998
2012-08-05,168295439.01
2012-08-06,194857637.41
2012-08-07,172213956.89000002
2012-08-08,197234592.31000003
2012-08-09,196957476.08
2012-08-10,200280941.14000002
2012-08-11,193020314.3
2012-08-12,176893074.42000002
2012-08-13,198616356.72
2012-08-14,199299369.72999993
2012-08-15,200195337.97999996
2012-08-16,200257783.98999998
2012-08-17,199023797.13000005
2012-08-18,190302355.02
2012-08-19,169707120.91
2012-08-20,171036198.17000002
2012-08-21,194640445.42000002
2012-08-22,195229118.71999994
2012-08-23,193224883.27
2012-08-24,193816263.22
2012-08-25,186421353.95999998
2012-08-26,173424879.75000003
2012-08-27,197918378.82999998
2012-08-28,198732396.94
2012-08-29,200959865.48000002
2012-08-30,200157903.42000002
2012-08-31,199700983.12
2012-09-01,191008489.16
2012-09-02,173220539.73999998
2012-09-03,193993516.99
2012-09-04,197322374.51
2012-09-05,198565964.46
2012-09-06,198147210.49
2012-09-07,200918100.97
2012-09-08,193830918.84999996
2012-09-09,181792411.10999998
2012-09-10,201721627.46
2012-09-11,201390373.69000003
2012-09-12,201936530.20999998
2012-09-13,201959501.06
2012-09-14,202421169.76000002
2012-09-15,195318714.87999997
2012-09-16,181685382.03
2012-09-17,200943182.03000003
2012-09-18,202394696.40999997
2012-09-19,202515329.87000003
2012-09-20,203643040.32
2012-09-21,202841448.30999997
2012-09-22,194908244.53
2012-09-23,182264432.18
2012-09-24,200180835.19000006
2012-09-25,201140790.98
2012-09-26,200900573.42999998
2012-09-27,205121398.74999997
2012-09-28,202783865.86000004
2012-09-29,194064354.08
2012-09-30,181245876.96
2012-10-01,198824458.28999996
2012-10-02,199656525.67
2012-10-03,199882651.24
2012-10-04,201398102.41
2012-10-05,199366770.42999998
2012-10-06,189816297.17000005
2012-10-07,176607530.94000006
2012-10-08,194831250.10999998
2012-10-09,197493976.20999998
2012-10-10,198055183.96
2012-10-11,198648755.73000002
2012-10-12,198352884.51
2012-10-13,190097464.96999997
2012-10-14,175165424.60999995
2012-10-15,176864441.11999997
2012-10-16,196923997.12999997
2012-10-17,197339001.74
2012-10-18,198102427.46000004
2012-10-19,196966737.44000003
2012-10-20,190398372.46000004
2012-10-21,177223248.96
2012-10-22,196908669.7
2012-10-23,197591227.48999998
2012-10-24,197814501.18
2012-10-25,198663188.72
2012-10-26,198250742.67000002
2012-10-27,186332111.76999998
2012-10-28,173364813.49
2012-10-29,199281766.43
2012-10-30,201353324.58
2012-10-31,201207702.57000002
2012-11-01,202738655.03
2012-11-02,202472598.6
2012-11-03,193878859.18999997
2012-11-04,178973873.74
2012-11-05,181135498.83999994
2012-11-06,201521655.89
2012-11-07,202355742.64000002
2012-11-08,201994831.7
2012-11-09,204252855.76999998
2012-11-10,194577661.9
2012-11-11,178550973.84
2012-11-12,182059181.98000002
2012-11-13,200591160.53
2012-11-14,203534297.05
2012-11-15,202426714.04999992
2012-11-16,204229598.78000003
2012-11-17,196274597.01999998
2012-11-18,180960507.4
2012-11-19,202001101.94000003
2012-11-20,199170640.64999995
2012-11-21,196225637.79000002
2012-11-22,198025330.42999998
2012-11-23,199761062.40999997
2012-11-24,191786896.20000002
2012-11-25,175494182.01999998
2012-11-26,199133448.43
2012-11-27,203158370.50000003
2012-11-28,201741987.4
2012-11-29,203319938.09
2012-11-30,202388205.88999996
2012-12-01,183821815.07000002
2012-12-02,170492546.58
2012-12-03,190613904.52
2012-12-04,194015311.27
2012-12-05,192842285.53000003
2012-12-06,193821061.12
2012-12-07,192080219.57
2012-12-08,174449459.6
2012-12-09,172218990.33
2012-12-10,191803586.34
2012-12-11,193503230.77
2012-12-12,193483208.43
2012-12-13,193511927.52
2012-12-14,192635196.98000002
2012-12-15,185375308.14
2012-12-16,170902390.97
2012-12-17,190609227.61000004
2012-12-18,190144128.31
2012-12-19,192319322.45
2012-12-20,191234678.94999996
2012-12-21,189570059.70000002
2012-12-22,183769959.45000008
2012-12-23,168719174.34000003
2012-12-24,176692183.48000002
2012-12-25,161307198.98000002
2012-12-26,184039709.70000002
2012-12-27,185229739.32999998
2012-12-28,185585052.72
2012-12-29,179352169.77
2012-12-30,166974814.18
2012-12-31,174501195.61
2013-01-01,158873195.70000005
2013-01-02,182168674.28999996
2013-01-03,187118220.64000002
2013-01-04,188095271.36
2013-01-05,181848997.49
2013-01-06,169306916.47000003
2013-01-07,170073190.9
2013-01-08,189829243.94999993
2013-01-09,190050112.85
2013-01-10,192439356.69
2013-01-11,192422664.23999995
2013-01-12,185290998.39
2013-01-13,171336620.31
2013-01-14,192273669.42999998
2013-01-15,193884394.45000002
2013-01-16,194283158.92
2013-01-17,194720679.25000003
2013-01-18,194946522.45
2013-01-19,186502661.21
2013-01-20,172319072.93999997
2013-01-21,193191139.60000002
2013-01-22,194419517.70999998
2013-01-23,194253930.90999997
2013-01-24,193706933.04000002
2013-01-25,193297527.78
2013-01-26,185497382.37
2013-01-27,172321321.49999997
2013-01-28,193277660.64000002
2013-01-29,193958297.36999997
2013-01-30,194468487.4
2013-01-31,194753642.70000002
2013-02-01,193590330.08999997
2013-02-02,185787148.13000003
2013-02-03,171512868.70000005
2013-02-04,192489588.97000006
2013-02-05,193250536.55
2013-02-06,195660328.92000002
2013-02-07,194993267.96
2013-02-08,193601107.41
2013-02-09,185609225.58000004
2013-02-10,170990237.04999998
2013-02-11,191075539.93
2013-02-12,191181589.01999998
2013-02-13,193839021.93000007
2013-02-14,195688230.77
2013-02-15,195346796.24
2013-02-16,186290915.86
2013-02-17,171560858.8
2013-02-18,189167901.20000002
2013-02-19,190447603.04999998
2013-02-20,193233470.75
2013-02-21,192186576.7
2013-02-22,192968986.79
2013-02-23,183493170.73999998
2013-02-24,170146937.05
2013-02-25,189986246.74000007
2013-02-26,191898547.73999995
2013-02-27,192006619.73
2013-02-28,190996398.46
2013-03-01,188619216.9
2013-03-02,181431976.21999997
2013-03-03,167623315.2
2013-03-04,189417756.5
2013-03-05,192920674.92000002
2013-03-06,194486275.61
2013-03-07,194329461.47999996
2013-03-08,192904197.02999994
2013-03-09,186043987.22
2013-03-10,171952445.71
2013-03-11,189819116.39999998
2013-03-12,191075356.85000002
2013-03-13,189813870.04
2013-03-14,192737339.06
2013-03-15,190385531.58999997
2013-03-16,177485381.88000003
2013-03-17,164882380.61
2013-03-18,184588096.90999997
2013-03-19,186741551.63
2013-03-20,188186798.93999997
2013-03-21,187820873.60000002
2013-03-22,188242433.54
2013-03-23,178230975.02999997
2013-03-24,165079239.95
2013-03-25,166167848.75
2013-03-26,183269436.27
2013-03-27,181054397.85000002
2013-03-28,161097898.92
2013-03-29,157721906.49
2013-03-30,170809433.26000005
2013-03-31,168513457.16
2013-04-01,195172979.92000002
2013-04-02,198038735.04999995
2013-04-03,198746183.91999996
2013-04-04,198074195.64999992
2013-04-05,197524653.03
2013-04-06,188246430.65
2013-04-07,175990865.89000002
2013-04-08,197993891.07000002
2013-04-09,197998805.90000004
2013-04-10,198106243.48999998
2013-04-11,198869160.08000004
2013-04-12,199035320.24
2013-04-13,190382990.98
2013-04-14,176164887.76
2013-04-15,197971129.74000004
2013-04-16,199968515.40999997
2013-04-17,199698609.70000002
2013-04-18,200548248.85999998
2013-04-19,199801168.70999995
2013-04-20,190307182.82999998
2013-04-21,175718781.34
2013-04-22,197612984.33
2013-04-23,197359171.68999997
2013-04-24,197590817.83
2013-04-25,198712634.67
2013-04-26,198803862.49
2013-04-27,190033589.35999995
2013-04-28,177527122.92000002
2013-04-29,197948528.05
2013-04-30,199097025.73999998
2013-05-01,182432762.51999998
2013-05-02,201280842.28999996
2013-05-03,202199346.07
2013-05-04,196514987.86999997
2013-05-05,181160906.91
2013-05-06,202187761.76000002
2013-05-07,202263489.25
2013-05-08,205718685.51000002
2013-05-09,204688983.17000002
2013-05-10,205884911.64
2013-05-11,197174315.14
2013-05-12,181065411.90000004
2013-05-13,183132060.58
2013-05-14,204014273.06000003
2013-05-15,205204159.36000004
2013-05-16,205590874.29
2013-05-17,205204786.70000008
2013-05-18,199043110.74
2013-05-19,177309210.28999996
2013-05-20,199706879.85000002
2013-05-21,198609692.08000004
2013-05-22,200112851.76
2013-05-23,197921087.82000002
2013-05-24,200925670.25
2013-05-25,192681958.64999998
2013-05-26,175579360.54
2013-05-27,199125058.10000002
2013-05-28,198749197.25000003
2013-05-29,199363624.7
2013-05-30,196951880.9
2013-05-31,197300070.72
2013-06-01,191610752.42999998
2013-06-02,177470082.35
2013-06-03,178258707.21
2013-06-04,207680935.32000002
2013-06-05,202131832.79000002
2013-06-06,204984777.73999998
2013-06-07,204028117.5
2013-06-08,194540701.0
2013-06-09,176555197.17000002
2013-06-10,179938682.42999998
2013-06-11,202025985.56
2013-06-12,209279143.83
2013-06-13,210522677.48999995
2013-06-14,200206030.61
2013-06-15,197164548.76
2013-06-16,178344447.26999998
2013-06-17,200905029.29000005
2013-06-18,204174686.92000002
2013-06-19,202617383.62999994
2013-06-20,205522188.72
2013-06-21,209493460.76
2013-06-22,200039544.93999997
2013-06-23,184536134.60000002
2013-06-24,206593830.18
2013-06-25,209027835.77
2013-06-26,209361935.35000002
2013-06-27,210701932.2
2013-06-28,209598754.44
2013-06-29,198575931.17
2013-06-30,176690937.45000002
2013-07-01,182585450.52999997
2013-07-02,204072626.19
2013-07-03,207445476.16000003
2013-07-04,210629653.10000002
2013-07-05,209573839.55999997
2013-07-06,201565569.87000003
2013-07-07,186878631.64000002
2013-07-08,208753148.64999998
2013-07-09,208384239.21
2013-07-10,205991649.19999996
2013-07-11,208014071.48000002
2013-07-12,208181079.79
2013-07-13,200500146.73000005
2013-07-14,186232523.53
2013-07-15,209631033.26
2013-07-16,210584635.83000004
2013-07-17,210698791.6
2013-07-18,209893031.49000004
2013-07-19,209618167.97
2013-07-20,188266559.80000004
2013-07-21,185598358.94000003
2013-07-22,209419743.22
2013-07-23,211139185.04999998
2013-07-24,210113714.38000003
2013-07-25,210657225.86999997
2013-07-26,210399073.84000006
2013-07-27,201570902.84
2013-07-28,187054150.49
2013-07-29,208335319.27000007
2013-07-30,209676962.12999997
2013-07-31,209301278.46999997
2013-08-01,208484198.54
2013-08-02,209005612.4
2013-08-03,200222869.45000005
2013-08-04,185352837.95000002
2013-08-05,209517351.12999994
2013-08-06,209377398.83
2013-08-07,191028076.49
2013-08-08,208675560.32999995
2013-08-09,210046161.73000002
2013-08-10,199288287.55000004
2013-08-11,185250423.33999997
2013-08-12,205642986.41000006
2013-08-13,205063316.48000002
2013-08-14,205419637.62
2013-08-15,202994109.46
2013-08-16,208556038.10000002
2013-08-17,199069708.10000002
2013-08-18,178427032.18
2013-08-19,180519246.95000002
2013-08-20,202621617.31999996
2013-08-21,198296286.95
2013-08-22,201075780.29999998
2013-08-23,199785148.35000002
2013-08-24,190779564.24
2013-08-25,176852295.86999995
2013-08-26,196469542.67999998
2013-08-27,194668178.74
2013-08-28,194528796.25000003
2013-08-29,194371942.57
2013-08-30,196522984.72999996
2013-08-31,193200768.43
2013-09-01,178737213.86
2013-09-02,202713782.19000003
2013-09-03,203553125.82000002
2013-09-04,203561350.07000002
2013-09-05,201008578.73999998
2013-09-06,198937048.5
2013-09-07,189305068.36999995
2013-09-08,175618860.53
2013-09-09,198177510.13000003
2013-09-10,205793787.78999996
2013-09-11,206555410.95999995
2013-09-12,205946040.25000003
2013-09-13,206943120.11000004
2013-09-14,196556474.88
2013-09-15,180632442.06
2013-09-16,206085294.51000005
2013-09-17,207520405.57999998
2013-09-18,206685892.06
2013-09-19,206001961.9
2013-09-20,203646904.49
2013-09-21,190573814.75
2013-09-22,175532694.56
2013-09-23,201728824.13999996
2013-09-24,208497560.63000003
2013-09-25,207917112.29999995
2013-09-26,206786182.55999997
2013-09-27,206211405.71
2013-09-28,197467032.34999996
2013-09-29,182047526.43000004
2013-09-30,201945014.72
2013-10-01,206498765.24
2013-10-02,207503825.20999998
2013-10-03,209294451.47
2013-10-04,209402416.28000003
2013-10-05,198412554.75000003
2013-10-06,178365357.99999997
2013-10-07,205032219.04
2013-10-08,206269268.47
2013-10-09,207251687.49
2013-10-10,210332720.41000003
2013-10-11,210917918.61
2013-10-12,199965508.86
2013-10-13,185462645.85999995
2013-10-14,187419979.47000003
2013-10-15,206387038.54
2013-10-16,206406225.0
2013-10-17,206076650.94000003
2013-10-18,207552651.53000003
2013-10-19,198538279.28
2013-10-20,184140425.64
2013-10-21,207005985.94
2013-10-22,207480935.68000004
2013-10-23,209612862.66
2013-10-24,208412584.95999995
2013-10-25,208710260.17999998
2013-10-26,198546757.76000002
2013-10-27,187658472.85
2013-10-28,209483665.16
2013-10-29,210789006.66000003
2013-10-30,209958443.05999997
2013-10-31,209889227.35999998
2013-11-01,210096869.55
2013-11-02,202105764.53999996
2013-11-03,185892164.30999997
2013-11-04,188124865.98000002
2013-11-05,210098918.60000002
2013-11-06,208726206.21
2013-11-07,210192833.42000002
2013-11-08,212043939.09999996
2013-11-09,203653986.93999997
2013-11-10,185429861.90999997
2013-11-11,190148268.15999997
2013-11-12,209774989.64000002
2013-11-13,211375483.26
2013-11-14,210269056.98999998
2013-11-15,210998895.87000006
2013-11-16,202624071.73
2013-11-17,187607934.14
2013-11-18,208939473.18999997
2013-11-19,209837551.63
2013-11-20,208143631.33999997
2013-11-21,209521509.46999997
2013-11-22,209387371.81000003
2013-11-23,202666900.11999997
2013-11-24,187392396.87
2013-11-25,208747321.95999995
2013-11-26,210082471.71
2013-11-27,208819279.63
2013-11-28,209625394.19000006
2013-11-29,208877530.73999998
2013-11-30,199096615.42
2013-12-01,177222207.60000002
2013-12-02,197967095.76
2013-12-03,197882996.33000004
2013-12-04,198963560.60999998
2013-12-05,199568057.28
2013-12-06,200574328.95
2013-12-07,194363597.88
2013-12-08,179680953.49
2013-12-09,200857095.90000004
2013-12-10,201544322.14
2013-12-11,201822473.27
2013-12-12,201974393.48
2013-12-13,200740454.82000002
2013-12-14,193513160.67999995
2013-12-15,181087395.16000006
2013-12-16,201036086.38000003
2013-12-17,201622013.49000004
2013-12-18,202146471.89999998
2013-12-19,202600771.62
2013-12-20,200743052.95
2013-12-21,193532878.86999995
2013-12-22,180709711.34000003
2013-12-23,195630408.25999996
2013-12-24,189844466.85999998
2013-12-25,163143444.07999998
2013-12-26,184746443.03
2013-12-27,186609050.00000003
2013-12-28,181051745.26
2013-12-29,176418009.87
2013-12-30,192525521.54
2013-12-31,186605646.96
2014-01-01,142892978.19000003
2014-01-02,166777495.73000002
2014-01-03,173588014.05
2014-01-04,166524292.66000003
2014-01-05,153961531.07000002
2014-01-06,155290602.53
2014-01-07,176133877.76999998
2014-01-08,176898098.84
2014-01-09,178241098.24
2014-01-10,177894937.49000004
2014-01-11,169977060.09999996
2014-01-12,153844535.97
2014-01-13,178169908.87
2014-01-14,181767007.83999997
2014-01-15,182118534.01
2014-01-16,188349296.18999994
2014-01-17,189444362.03999996
2014-01-18,181218576.97
2014-01-19,166475629.10000002
2014-01-20,188797757.90999997
2014-01-21,190698302.45000002
2014-01-22,190888248.76999995
2014-01-23,190554775.13000003
2014-01-24,190662555.84
2014-01-25,182989416.42000002
2014-01-26,168210862.43
2014-01-27,190285568.43
2014-01-28,192203729.23000008
2014-01-29,193124388.31000003
2014-01-30,191203553.07000005
2014-01-31,190550422.21000004
2014-02-01,182311428.62
2014-02-02,168021390.46
2014-02-03,189419942.80000004
2014-02-04,191123024.39
2014-02-05,190227117.54000002
2014-02-06,191137540.76
2014-02-07,192068023.48999998
2014-02-08,183711462.98
2014-02-09,168987648.27999997
2014-02-10,190861320.28999996
2014-02-11,192174920.86999997
2014-02-12,192108524.89999998
2014-02-13,191591324.81999996
2014-02-14,191800184.96999997
2014-02-15,184342538.89999998
2014-02-16,169288941.02999997
2014-02-17,191406142.32
2014-02-18,191234978.63
2014-02-19,192005250.53
2014-02-20,192494596.42999998
2014-02-21,192518611.61
2014-02-22,184834459.58999994
2014-02-23,170149006.28999996
2014-02-24,191258485.54
2014-02-25,192448538.05
2014-02-26,192843030.67000002
2014-02-27,192831775.27999997
2014-02-28,193327038.09
2014-03-01,180583642.49999997
2014-03-02,163405595.28
2014-03-03,184185416.8
2014-03-04,185960450.51000002
2014-03-05,187748398.26000002
2014-03-06,187591545.81
2014-03-07,189290819.83
2014-03-08,183415250.45999998
2014-03-09,162920321.57999998
2014-03-10,182753595.85000002
2014-03-11,186015321.70000002
2014-03-12,184160194.95999995
2014-03-13,183870878.19999996
2014-03-14,186485206.91
2014-03-15,178348587.35999998
2014-03-16,159525390.19
2014-03-17,184154568.73000002
2014-03-18,184810202.04
2014-03-19,184712522.14999998
2014-03-20,185875971.03999996
2014-03-21,186295802.93999997
2014-03-22,179175537.54999998
2014-03-23,163860651.39
2014-03-24,167567863.41
2014-03-25,186712080.73000002
2014-03-26,188128241.34000003
2014-03-27,189112735.39000002
2014-03-28,187163120.28999996
2014-03-29,177238523.0
2014-03-30,163180982.21
2014-03-31,182054879.63
2014-04-01,185811259.51999995
2014-04-02,188454665.01
2014-04-03,189131100.18000004
2014-04-04,188773429.58
2014-04-05,178915575.5
2014-04-06,164981895.53999996
2014-04-07,187718629.94000003
2014-04-08,190164438.42
2014-04-09,189507753.69
2014-04-10,189185714.61999997
2014-04-11,191130520.63000003
2014-04-12,180870898.81000003
2014-04-13,168757993.22
2014-04-14,190103697.28
2014-04-15,190439269.64999998
2014-04-16,188512062.92999998
2014-04-17,163408417.16999996
2014-04-18,159621585.13000003
2014-04-19,171814542.26999998
2014-04-20,164999823.31
2014-04-21,188650147.26999998
2014-04-22,189907239.92999998
2014-04-23,190523351.92
2014-04-24,190455462.7
2014-04-25,191881574.23999998
2014-04-26,181917360.38000003
2014-04-27,169327672.42999998
2014-04-28,192558712.72
2014-04-29,192406814.47999993
2014-04-30,191581069.95
2014-05-01,173797626.59
2014-05-02,195678576.36
2014-05-03,189240819.93999997
2014-05-04,174642022.63
2014-05-05,197576990.64
2014-05-06,198347919.46
2014-05-07,196711723.37000003
2014-05-08,198374300.31
2014-05-09,199060932.93000004
2014-05-10,190467389.95
2014-05-11,173724407.44000003
2014-05-12,198069379.26
2014-05-13,199150020.90999997
2014-05-14,198113524.59999996
2014-05-15,197345772.73999998
2014-05-16,197287200.59
2014-05-17,189691650.35999998
2014-05-18,174312106.34
2014-05-19,196957971.87
2014-05-20,198299155.13
2014-05-21,197637129.04999995
2014-05-22,198031803.21
2014-05-23,197620322.12
2014-05-24,189726514.27
2014-05-25,174165753.92999998
2014-05-26,195411045.19
2014-05-27,196917974.82
2014-05-28,197469331.63
2014-05-29,197948700.53
2014-05-30,198060695.53
2014-05-31,189328917.47999993
2014-06-01,177420932.2
2014-06-02,179877529.90000004
2014-06-03,202994318.03000003
2014-06-04,204265830.47999996
2014-06-05,204035434.23
2014-06-06,205564711.42
2014-06-07,196057570.24
2014-06-08,180753043.17000002
2014-06-09,204878049.46999997
2014-06-10,204814993.68
2014-06-11,204582913.86999997
2014-06-12,204947474.74
2014-06-13,204801195.68
2014-06-14,194532262.79
2014-06-15,179164679.56
2014-06-16,204076159.29999998
2014-06-17,204586585.05000004
2014-06-18,205383930.28
2014-06-19,204170961.32000002
2014-06-20,204323847.04999995
2014-06-21,195862048.32999998
2014-06-22,178637361.13
2014-06-23,180067606.20999998
2014-06-24,201741220.79
2014-06-25,200830971.74
2014-06-26,201857974.07999998
2014-06-27,199122669.49000004
2014-06-28,187070546.25999996
2014-06-29,172166724.10999995
2014-06-30,174683592.6
2014-07-01,202025096.26
2014-07-02,202308818.07000002
2014-07-03,205060915.12999997
2014-07-04,201951370.35999995
2014-07-05,195519094.41999996
2014-07-06,179727841.66000003
2014-07-07,202699895.11
2014-07-08,205036948.93000004
2014-07-09,204599646.78000003
2014-07-10,203569353.38
2014-07-11,202861512.82999995
2014-07-12,196422180.49999997
2014-07-13,181575531.93000004
2014-07-14,201843918.62999994
2014-07-15,201988020.57999998
2014-07-16,202248214.37000003
2014-07-17,203089941.39000002
2014-07-18,204736257.25
2014-07-19,196714013.61999997
2014-07-20,179707689.25000003
2014-07-21,202225743.38000003
2014-07-22,205205952.17000002
2014-07-23,206846051.42000002
2014-07-24,206306535.60000002
2014-07-25,206061674.76999998
2014-07-26,198004408.42000005
2014-07-27,181204945.97
2014-07-28,204047881.92000002
2014-07-29,205130358.95000002
2014-07-30,203110613.82999998
2014-07-31,204026610.72
2014-08-01,202592730.99999997
2014-08-02,194669569.73
2014-08-03,178658387.52
2014-08-04,201152761.7
2014-08-05,202300669.29999998
2014-08-06,203115362.23000002
2014-08-07,184754602.36000004
2014-08-08,203072698.69000003
2014-08-09,194596950.01
2014-08-10,179050217.81000003
2014-08-11,202626184.57999998
2014-08-12,202963747.01000005
2014-08-13,202955244.65000004
2014-08-14,204632580.04
2014-08-15,204836568.60999995
2014-08-16,198856200.91000003
2014-08-17,180188686.14000002
2014-08-18,180940877.08000004
2014-08-19,203993534.12000003
2014-08-20,205280724.45999998
2014-08-21,204732421.92999998
2014-08-22,204569284.64000002
2014-08-23,197282426.13
2014-08-24,181531001.3
2014-08-25,204066030.04
2014-08-26,205254935.13000003
2014-08-27,206300122.10999998
2014-08-28,205149439.17
2014-08-29,206220117.36
2014-08-30,197047140.67000002
2014-08-31,180583396.72999996
2014-09-01,199332306.8
2014-09-02,203179169.04
2014-09-03,202336649.74999997
2014-09-04,202855113.83
2014-09-05,203838351.40000004
2014-09-06,193656389.62000003
2014-09-07,177301645.26999998
2014-09-08,202210559.29999995
2014-09-09,203852883.79
2014-09-10,203290719.04
2014-09-11,204622672.54000002
2014-09-12,203890313.14
2014-09-13,194731613.04999998
2014-09-14,177695730.42000002
2014-09-15,201825681.34
2014-09-16,201776888.72
2014-09-17,200545641.54
2014-09-18,201569607.12000003
2014-09-19,201387109.29999998
2014-09-20,191137522.64000002
2014-09-21,174939699.16
2014-09-22,198961799.51000005
2014-09-23,198040725.35000002
2014-09-24,201222177.17000002
2014-09-25,203128383.95999998
2014-09-26,202844209.46999997
2014-09-27,193791304.92000002
2014-09-28,176991580.39000002
2014-09-29,200755391.99
2014-09-30,203611406.62
2014-10-01,199285329.01000005
2014-10-02,202473331.15
2014-10-03,204137375.29000002
2014-10-04,195390101.70999995
2014-10-05,177554271.16000003
2014-10-06,200345630.51000002
2014-10-07,203049665.09999996
2014-10-08,202304302.04999998
2014-10-09,197698946.9
2014-10-10,199760452.27999997
2014-10-11,191139322.11
2014-10-12,175697595.43
2014-10-13,177691789.87
2014-10-14,199050746.87000006
2014-10-15,199066241.79000002
2014-10-16,201903960.29999998
2014-10-17,203928304.28999993
2014-10-18,194437166.77
2014-10-19,179717796.77999997
2014-10-20,199973291.53
2014-10-21,202218360.88000003
2014-10-22,202083646.82000002
2014-10-23,202862558.79000002
2014-10-24,202442412.09
2014-10-25,193823029.98999995
2014-10-26,178966274.79999998
2014-10-27,200774175.45999998
2014-10-28,202177952.25999996
2014-10-29,202483514.47999993
2014-10-30,202021915.56000003
2014-10-31,200465764.94000003
2014-11-01,194480639.96000004
2014-11-02,179446039.34000003
2014-11-03,180863384.14000002
2014-11-04,202661783.62999997
2014-11-05,204039445.52000004
2014-11-06,205151530.77
2014-11-07,204874968.05
2014-11-08,197521853.26000002
2014-11-09,181602834.72000003
2014-11-10,203675306.21
2014-11-11,204024597.85999998
2014-11-12,202642638.64000008
2014-11-13,204674475.73000002
2014-11-14,204336064.99999997
2014-11-15,197383402.44
2014-11-16,179335364.38
2014-11-17,183634977.63
2014-11-18,204872937.62000006
2014-11-19,204868315.8
2014-11-20,205865982.87
2014-11-21,206083877.3
2014-11-22,197717708.27000004
2014-11-23,184450821.06000006
2014-11-24,205593403.1
2014-11-25,205951962.03
2014-11-26,205209527.33
2014-11-27,205542007.14
2014-11-28,205875379.64
2014-11-29,197162103.25000003
2014-11-30,182886164.53
2014-12-01,195270540.12999997
2014-12-02,196873680.19999996
2014-12-03,196764868.76
2014-12-04,196780389.20999998
2014-12-05,196712026.04
2014-12-06,191025054.45
2014-12-07,176459208.09
2014-12-08,177225585.15
2014-12-09,194306094.23
2014-12-10,195477559.87
2014-12-11,194990551.34000003
2014-12-12,195392824.45999998
2014-12-13,188157339.04
2014-12-14,174235361.67
2014-12-15,196173863.65
2014-12-16,196748485.19000003
2014-12-17,198448257.51
2014-12-18,197982345.19000003
2014-12-19,197048382.31999993
2014-12-20,188137254.92
2014-12-21,176358618.57000002
2014-12-22,192766397.7
2014-12-23,193028236.56999996
2014-12-24,186341591.93000004
2014-12-25,167073961.76999998
2014-12-26,185492835.39000005
2014-12-27,184798083.88
2014-12-28,175086069.97000006
2014-12-29,189991863.83
2014-12-30,189169302.14
2014-12-31,182234146.15999997
2015-01-01,150666018.04999998
2015-01-02,169741757.73000002
2015-01-03,168245330.76000002
2015-01-04,159233935.34
2015-01-05,176832778.88000003
2015-01-06,178591578.42000002
2015-01-07,180394288.99
2015-01-08,182902033.19
2015-01-09,182869357.93
2015-01-10,177464646.78000003
2015-01-11,164335624.5
2015-01-12,165065411.05
2015-01-13,182332198.65
2015-01-14,183083273.64000002
2015-01-15,187379415.76000002
2015-01-16,189471912.82999995
2015-01-17,181453892.25000003
2015-01-18,168038440.52000004
2015-01-19,188636014.89000002
2015-01-20,189689219.13
2015-01-21,189185440.75
2015-01-22,191547294.80000004
2015-01-23,191581295.8
2015-01-24,183921734.1
2015-01-25,168681716.47
2015-01-26,188958920.49
2015-01-27,192268694.01999998
2015-01-28,192428282.87
2015-01-29,191591555.01000002
2015-01-30,192232920.01000005
2015-01-31,184121716.27999997
2015-02-01,169978073.91000003
2015-02-02,189727089.52
2015-02-03,191371675.53
2015-02-04,192955252.61
2015-02-05,193292288.7
2015-02-06,193591613.42999998
2015-02-07,185320140.52000007
2015-02-08,170107787.19
2015-02-09,190232183.51000002
2015-02-10,192853176.74
2015-02-11,192966417.43999997
2015-02-12,191996597.32999995
2015-02-13,191278611.01
2015-02-14,181502097.14
2015-02-15,165840248.41
2015-02-16,188170837.37999994
2015-02-17,190677373.03000003
2015-02-18,191093788.12
2015-02-19,191989371.37
2015-02-20,193350879.45000002
2015-02-21,185500923.76
2015-02-22,171947347.64000002
2015-02-23,192023295.44
2015-02-24,193634988.33999997
2015-02-25,193626942.58999994
2015-02-26,193531288.20000002
2015-02-27,193082137.32000002
2015-02-28,185656628.69999996
2015-03-01,168243300.32000002
2015-03-02,187745007.3
2015-03-03,190560250.88000003
2015-03-04,190289707.46
2015-03-05,189784736.32999998
2015-03-06,189432331.74
2015-03-07,181338967.26999998
2015-03-08,167054698.34
2015-03-09,188175420.31
2015-03-10,189360838.15
2015-03-11,189984953.35999995
2015-03-12,190799371.27
2015-03-13,190005858.12
2015-03-14,182351578.82
2015-03-15,166428256.87000006
2015-03-16,186957473.99
2015-03-17,187747775.65
2015-03-18,186956327.60999998
2015-03-19,187258028.02
2015-03-20,188462743.22999996
2015-03-21,181005482.15
2015-03-22,167971605.60999998
2015-03-23,169140110.41000003
2015-03-24,188398303.09
2015-03-25,187731676.83
2015-03-26,189036301.29999995
2015-03-27,190151070.94
2015-03-28,183304118.25
2015-03-29,169023421.68
2015-03-30,187089214.98000002
2015-03-31,187255330.60999995
2015-04-01,187825394.32
2015-04-02,164448220.83
2015-04-03,161774218.35
2015-04-04,172851697.68999994
2015-04-05,166543011.60000002
2015-04-06,188714951.82000005
2015-04-07,190877307.66
2015-04-08,190465372.19
2015-04-09,190430132.1
2015-04-10,191696565.39000005
2015-04-11,181370285.62000003
2015-04-12,168325044.88000003
2015-04-13,190327286.36999997
2015-04-14,191435477.85
2015-04-15,190074552.45000002
2015-04-16,190343426.85000002
2015-04-17,186247702.22999996
2015-04-18,176908115.98000002
2015-04-19,163609206.54999998
2015-04-20,185123079.31000003
2015-04-21,188551068.05999997
2015-04-22,187753094.60999998
2015-04-23,190643267.67000005
2015-04-24,191249869.68999994
2015-04-25,180994857.61999997
2015-04-26,169329961.18
2015-04-27,186969761.82000005
2015-04-28,189243024.71000004
2015-04-29,187124627.37
2015-04-30,187925195.67
2015-05-01,181010402.02
2015-05-02,189437785.90999997
2015-05-03,179575467.65999997
2015-05-04,202520069.82
2015-05-05,204872282.11999997
2015-05-06,206203540.23999995
2015-05-07,206394461.91000006
2015-05-08,206254175.51
2015-05-09,197266300.1
2015-05-10,181496737.51000002
2015-05-11,206402388.97
2015-05-12,208738378.90000004
2015-05-13,208702908.44000003
2015-05-14,207573550.09
2015-05-15,207220877.01000002
2015-05-16,198144592.11
2015-05-17,182599735.86999995
2015-05-18,184698383.78000003
2015-05-19,206263648.53
2015-05-20,207083588.29999998
2015-05-21,206471835.88000003
2015-05-22,207638427.57
2015-05-23,198186476.76999998
2015-05-24,182909047.39000002
2015-05-25,204813790.52000004
2015-05-26,207564607.39999998
2015-05-27,207026970.25999993
2015-05-28,206625084.82000002
2015-05-29,205675019.57000005
2015-05-30,196064405.03
2015-05-31,181251543.23999995
2015-06-01,207431449.50999996
2015-06-02,209762388.59000003
2015-06-03,210573136.75
2015-06-04,211535711.49000007
2015-06-05,211445936.02999997
2015-06-06,202167473.58000004
2015-06-07,187212134.91
2015-06-08,188469760.39000005
2015-06-09,210764918.45999998
2015-06-10,211296928.07000005
2015-06-11,211252939.97000003
2015-06-12,211389526.12
2015-06-13,202857309.97
2015-06-14,186775191.17999995
2015-06-15,187732201.15
2015-06-16,210451795.26999998
2015-06-17,212459554.55
2015-06-18,213085038.96999997
2015-06-19,212579071.85999998
2015-06-20,203132790.29999998
2015-06-21,186749803.38
2015-06-22,209603821.66
2015-06-23,210178987.86
2015-06-24,208227020.61
2015-06-25,209345740.44
2015-06-26,209078040.71
2015-06-27,199530119.17
2015-06-28,180151239.59
2015-06-29,182402949.67999998
2015-06-30,205657004.83999997
2015-07-01,210253758.92000002
2015-07-02,208106894.03
2015-07-03,209184107.33999997
2015-07-04,201312339.07999998
2015-07-05,186210741.74
2015-07-06,210430845.01999998
2015-07-07,212609642.94
2015-07-08,212836503.65999997
2015-07-09,212787811.79000002
2015-07-10,212745891.71999994
2015-07-11,203686413.87
2015-07-12,188986278.33999997
2015-07-13,212026472.32999998
2015-07-14,213558290.47
2015-07-15,212039808.01999998
2015-07-16,211688055.31
2015-07-17,211957498.59
2015-07-18,202440823.28000003
2015-07-19,187163646.81000003
2015-07-20,185782523.0
2015-07-21,210182933.54999995
2015-07-22,211690431.93
2015-07-23,211986082.09999996
2015-07-24,212082337.55999997
2015-07-25,200191192.93
2015-07-26,185104145.67000002
2015-07-27,208547099.22000006
2015-07-28,208605512.53
2015-07-29,212136984.62
2015-07-30,211339544.55
2015-07-31,210691368.67999998
2015-08-01,199958085.79000002
2015-08-02,183496853.29
2015-08-03,209429949.48000005
2015-08-04,210904383.83999994
2015-08-05,212247338.19000003
2015-08-06,212506022.90999997
2015-08-07,193221536.64
2015-08-08,200873206.49999997
2015-08-09,186816575.79000002
2015-08-10,210464660.64999998
2015-08-11,210843718.15999997
2015-08-12,212795958.14000002
2015-08-13,212425467.03
2015-08-14,213481789.49000004
2015-08-15,203561891.01999995
2015-08-16,187080408.88999996
2015-08-17,189122961.61
2015-08-18,210893071.83
2015-08-19,212842859.54000002
2015-08-20,212045067.68999997
2015-08-21,212516734.09
2015-08-22,200663766.98
2015-08-23,184887948.98999998
2015-08-24,209158745.73999998
2015-08-25,213710180.24000004
2015-08-26,211092608.33
2015-08-27,211225147.23999998
2015-08-28,211799181.15000007
2015-08-29,201880670.68999997
2015-08-30,186412753.79
2015-08-31,212047868.38
2015-09-01,209732390.11
2015-09-02,210834067.43
2015-09-03,209934764.35
2015-09-04,210281817.75
2015-09-05,201342195.01000002
2015-09-06,184329097.39000005
2015-09-07,208060200.87999997
2015-09-08,210791570.03999996
2015-09-09,208683510.70000002
2015-09-10,210235193.82
2015-09-11,210603362.17
2015-09-12,201051885.41000003
2015-09-13,184437914.76999998
2015-09-14,209870409.24
2015-09-15,211043522.67000002
2015-09-16,210529298.59999996
2015-09-17,210135787.83
2015-09-18,208934884.82000005
2015-09-19,199707448.61000004
2015-09-20,184091370.31000003
2015-09-21,209112290.12
2015-09-22,210315816.04999998
2015-09-23,209661786.49999997
2015-09-24,210102314.19000003
2015-09-25,209925699.89
2015-09-26,200531880.49
2015-09-27,184963396.76999998
2015-09-28,208463364.94000003
2015-09-29,209292106.79
2015-09-30,209113064.76
2015-10-01,206408813.21
2015-10-02,207339935.67000005
2015-10-03,199572099.90000004
2015-10-04,182465348.0
2015-10-05,205766345.84000003
2015-10-06,206915601.11
2015-10-07,207535216.54
2015-10-08,206241954.07999998
2015-10-09,206537671.05
2015-10-10,198439707.6
2015-10-11,181534533.79999998
2015-10-12,183342369.49000004
2015-10-13,205481051.02
2015-10-14,205586955.02
2015-10-15,205858634.7
2015-10-16,207125813.94000003
2015-10-17,200196135.28000003
2015-10-18,183514984.52
2015-10-19,204722628.20999998
2015-10-20,205731480.82
2015-10-21,205538943.04
2015-10-22,205833615.60999998
2015-10-23,205557090.71999997
2015-10-24,197050374.64999998
2015-10-25,179076800.29999998
2015-10-26,202192608.56000003
2015-10-27,204258548.03000003
2015-10-28,204996377.85
2015-10-29,205357839.02999994
2015-10-30,205285332.45000002
2015-10-31,197246333.82000002
2015-11-01,179908581.32
2015-11-02,181701854.70999995
2015-11-03,204631286.33000004
2015-11-04,205415886.66
2015-11-05,208990106.86
2015-11-06,210526799.54999998
2015-11-07,202219447.11999995
2015-11-08,185895365.86000004
2015-11-09,206562340.60000002
2015-11-10,208631849.64
2015-11-11,207723200.47000003
2015-11-12,208985830.44000003
2015-11-13,208285743.38000003
2015-11-14,199173644.27
2015-11-15,184295410.9
2015-11-16,187798960.54000002
2015-11-17,208705894.95999998
2015-11-18,210263910.59
2015-11-19,210208742.60999995
2015-11-20,210119724.27
2015-11-21,202243291.00000006
2015-11-22,187563162.39000002
2015-11-23,207927936.28
2015-11-24,209578108.27999997
2015-11-25,210608452.34
2015-11-26,211067244.42
2015-11-27,210974891.6
2015-11-28,201353534.39000005
2015-11-29,187246058.12999997
2015-11-30,209304928.23
2015-12-01,202334537.77000004
2015-12-02,203185178.08999997
2015-12-03,203657364.79
2015-12-04,203293417.73
2015-12-05,196502633.25000003
2015-12-06,183720368.75999996
2015-12-07,199661873.48000002
2015-12-08,184178201.29999998
2015-12-09,202845949.95000002
2015-12-10,203447643.82999998
2015-12-11,204139232.57000005
2015-12-12,196200074.69000003
2015-12-13,182676044.10999998
2015-12-14,201514070.82
2015-12-15,201921315.45000002
2015-12-16,202854838.13000003
2015-12-17,202059266.74999997
2015-12-18,202437842.54
2015-12-19,195265178.79
2015-12-20,182199479.85999998
2015-12-21,199601002.89999998
2015-12-22,200677338.35000002
2015-12-23,199719124.29
2015-12-24,192152876.87
2015-12-25,172567107.56000003
2015-12-26,186414729.72
2015-12-27,179022227.78
2015-12-28,194214325.05
2015-12-29,194155937.74
2015-12-30,195226206.51000005
2015-12-31,187441029.45000005
2016-01-01,147276511.08000004
2016-01-02,159818423.67000002
2016-01-03,154906652.11
2016-01-04,173320939.99
2016-01-05,176137455.67
2016-01-06,178130907.07000002
2016-01-07,178748092.73999998
2016-01-08,179543073.58000004
2016-01-09,172567000.48000005
2016-01-10,160298494.69
2016-01-11,160535854.88000003
2016-01-12,178933231.12
2016-01-13,180901086.51
2016-01-14,181987722.28999996
2016-01-15,182203657.52999994
2016-01-16,173702693.74
2016-01-17,160795798.39
2016-01-18,180586470.12
2016-01-19,183200330.92
2016-01-20,183569809.76000002
2016-01-21,183336752.40999997
2016-01-22,184724745.74999997
2016-01-23,175689731.23000002
2016-01-24,162108646.76
2016-01-25,181468679.09000003
2016-01-26,182636030.51
2016-01-27,183398538.70999998
2016-01-28,183796503.58999997
2016-01-29,184228476.66
2016-01-30,176218707.15000004
2016-01-31,160746846.55
2016-02-01,178827322.98
2016-02-02,181142695.86000004
2016-02-03,180730398.39999998
2016-02-04,181045131.06000003
2016-02-05,180495833.89000002
2016-02-06,174572064.15
2016-02-07,160267320.35000002
2016-02-08,179504324.60000002
2016-02-09,180217474.74
2016-02-10,178193930.75
2016-02-11,180799159.87
2016-02-12,180937858.87000003
2016-02-13,173434535.92999995
2016-02-14,160413247.06999996
2016-02-15,180433639.23
2016-02-16,181581940.57999998
2016-02-17,182683526.97000003
2016-02-18,183185313.00999993
2016-02-19,181989991.68000004
2016-02-20,174753306.82999998
2016-02-21,161163975.43999997
2016-02-22,180325703.16
2016-02-23,181701493.45999995
2016-02-24,183082723.24999997
2016-02-25,182726743.6
2016-02-26,182778851.07
2016-02-27,174933326.04000005
2016-02-28,162021445.65
2016-02-29,180000969.85999998
2016-03-01,180151542.22
2016-03-02,178853067.96000007
2016-03-03,181268673.20000005
2016-03-04,181980693.73999998
2016-03-05,175197077.18999997
2016-03-06,160696351.69
2016-03-07,181121214.26
2016-03-08,180723120.19000003
2016-03-09,178937998.86
2016-03-10,180729499.16000003
2016-03-11,180283210.07
2016-03-12,172900784.1
2016-03-13,159197838.85
2016-03-14,179766821.01000002
2016-03-15,179204027.98000002
2016-03-16,180141522.30999997
2016-03-17,180122712.48999998
2016-03-18,181028948.63
2016-03-19,173166515.31
2016-03-20,159268387.50000003
2016-03-21,160222783.31
2016-03-22,176484492.74
2016-03-23,175611649.80000004
2016-03-24,156067218.88
2016-03-25,151710452.49999997
2016-03-26,161852189.57000002
2016-03-27,155350452.80000004
2016-03-28,176067030.57
2016-03-29,178642166.12
2016-03-30,178791008.68
2016-03-31,179361671.60999998
2016-04-01,177919995.01999998
2016-04-02,171810266.09999996
2016-04-03,159107077.96
2016-04-04,179540362.86999997
2016-04-05,180883209.39000002
2016-04-06,181063473.90000004
2016-04-07,180585383.83
2016-04-08,181541042.46000004
2016-04-09,174050864.59
2016-04-10,160900706.95000002
2016-04-11,181793695.57999998
2016-04-12,181334881.43
2016-04-13,177727078.85
2016-04-14,177639232.98999998
2016-04-15,178671418.08
2016-04-16,170929829.98000002
2016-04-17,157429476.23000002
2016-04-18,175004725.32999998
2016-04-19,177239002.29000002
2016-04-20,178532082.8
2016-04-21,178165805.39000005
2016-04-22,181776167.01999995
2016-04-23,170670471.80999997
2016-04-24,157452020.80999997
2016-04-25,177793204.84000003
2016-04-26,178239450.43
2016-04-27,178486929.03000003
2016-04-28,170982714.52000004
2016-04-29,178376449.19000003
2016-04-30,169672754.80000004
2016-05-01,158313893.16
2016-05-02,179329430.82000002
2016-05-03,180411687.76999998
2016-05-04,182385866.65000004
2016-05-05,182997372.64000002
2016-05-06,182099752.73000002
2016-05-07,175086871.82
2016-05-08,157951718.94999996
2016-05-09,159771231.68
2016-05-10,179487006.16
2016-05-11,181569027.01000002
2016-05-12,182911467.7
2016-05-13,184147687.09000003
2016-05-14,175784264.56999993
2016-05-15,162520020.28000003
2016-05-16,182274918.04000005
2016-05-17,183380745.5
2016-05-18,184202997.62
2016-05-19,190131128.87
2016-05-20,191733273.89
2016-05-21,182663567.76999998
2016-05-22,168090247.82000005
2016-05-23,187455979.57999995
2016-05-24,189323976.96
2016-05-25,188845462.17000002
2016-05-26,188630510.48999995
2016-05-27,187764190.38000003
2016-05-28,180845049.25999996
2016-05-29,164132592.60000002
2016-05-30,166571799.24000004
2016-05-31,185859032.7
2016-06-01,190610040.17
2016-06-02,190868510.38000003
2016-06-03,191285554.04
2016-06-04,180749275.40000004
2016-06-05,163865046.66000003
2016-06-06,165340048.16000003
2016-06-07,186636079.79000002
2016-06-08,191353440.76
2016-06-09,192622398.89999995
2016-06-10,193612199.54
2016-06-11,185221644.51000002
2016-06-12,172676305.26000002
2016-06-13,191547213.44
2016-06-14,192219131.68000004
2016-06-15,191876560.35999998
2016-06-16,194484510.75000003
2016-06-17,193252358.71999997
2016-06-18,186075504.63
2016-06-19,171513374.36999997
2016-06-20,191423692.95999998
2016-06-21,193229217.98999998
2016-06-22,193637170.25
2016-06-23,192232184.64000002
2016-06-24,192313828.84000003
2016-06-25,183868960.29
2016-06-26,170266361.13
2016-06-27,192552499.67
2016-06-28,194256824.05
2016-06-29,193891162.1
2016-06-30,193427044.77
2016-07-01,188103273.95
2016-07-02,178065837.53
2016-07-03,165699532.91000003
2016-07-04,165458400.09
2016-07-05,187998418.18
2016-07-06,189827458.88
2016-07-07,189012127.8
2016-07-08,188856325.52
2016-07-09,179059884.5
2016-07-10,166016750.45999998
2016-07-11,187173327.73000002
2016-07-12,188984430.46000004
2016-07-13,187374801.82999998
2016-07-14,187997277.43999997
2016-07-15,187307095.44000006
2016-07-16,174588293.84000003
2016-07-17,163555100.82999998
2016-07-18,187216593.74
2016-07-19,188092832.09999996
2016-07-20,169013389.60999995
2016-07-21,187573813.42999998
2016-07-22,188326436.68000004
2016-07-23,179173084.54999998
2016-07-24,168187014.70999998
2016-07-25,188226525.64999998
2016-07-26,191179750.86999997
2016-07-27,191375433.55
2016-07-28,191187735.51
2016-07-29,190555909.95000002
2016-07-30,180206775.27
2016-07-31,168636002.47
2016-08-01,189574715.98000002
2016-08-02,190618248.28000003
2016-08-03,191376678.08999997
2016-08-04,190765103.13000003
2016-08-05,190695078.66
2016-08-06,183299864.75000003
2016-08-07,168930383.76000002
2016-08-08,191217718.02
2016-08-09,193077184.81
2016-08-10,192882046.87
2016-08-11,193762354.00000003
2016-08-12,193817683.60999998
2016-08-13,186002571.95999992
2016-08-14,170943907.24999997
2016-08-15,170791930.95
2016-08-16,192514957.76000002
2016-08-17,194056310.84999996
2016-08-18,194206822.27000004
2016-08-19,192989674.88
2016-08-20,186246459.72
2016-08-21,170278165.57000002
2016-08-22,191890982.37
2016-08-23,196516550.30000004
2016-08-24,198258534.24
2016-08-25,197150216.38999996
2016-08-26,194358110.64000002
2016-08-27,185643506.76
2016-08-28,171178970.76
2016-08-29,193551920.43999997
2016-08-30,193110170.94
2016-08-31,195088530.94
2016-09-01,190120332.46999997
2016-09-02,191560236.65
2016-09-03,186283188.61
2016-09-04,169840080.0
2016-09-05,192789907.03
2016-09-06,194977342.95999998
2016-09-07,195563048.61
2016-09-08,196987359.65
2016-09-09,197008596.27999994
2016-09-10,189772295.61
2016-09-11,172959773.86
2016-09-12,196105909.95999998
2016-09-13,196874748.79000002
2016-09-14,196387249.65
2016-09-15,197325405.18
2016-09-16,196985160.54000002
2016-09-17,188741092.8
2016-09-18,173227221.51
2016-09-19,196096979.85999998
2016-09-20,197141753.37
2016-09-21,197189731.76
2016-09-22,195574888.62000003
2016-09-23,192557198.84
2016-09-24,185686092.43
2016-09-25,171635458.71
2016-09-26,193413963.0
2016-09-27,195195395.61999997
2016-09-28,196333674.10000002
2016-09-29,194959360.77
2016-09-30,192422885.20000005
2016-10-01,181450302.89000002
2016-10-02,163942921.03
2016-10-03,188008263.65
2016-10-04,190709490.11
2016-10-05,189878517.97999996
2016-10-06,190341971.54999998
2016-10-07,189626025.2
2016-10-08,182048054.67999998
2016-10-09,167247624.52
2016-10-10,190125464.81
2016-10-11,191404626.92999998
2016-10-12,190870265.68999997
2016-10-13,192116268.38
2016-10-14,191591984.99
2016-10-15,186792952.57000002
2016-10-16,169987644.25000003
2016-10-17,171774219.73000005
2016-10-18,191607665.4
2016-10-19,190922031.32999995
2016-10-20,192886994.49
2016-10-21,193707994.22000003
2016-10-22,182702808.34
2016-10-23,165811951.88
2016-10-24,185259967.56
2016-10-25,187669306.76999998
2016-10-26,187773360.0
2016-10-27,188818638.78
2016-10-28,187451166.31999996
2016-10-29,180573362.94
2016-10-30,166078137.14
2016-10-31,186285129.09
2016-11-01,185110043.58999997
2016-11-02,184958351.63
2016-11-03,186628253.82
2016-11-04,186936674.39000002
2016-11-05,179575080.29999998
2016-11-06,164390455.69
2016-11-07,166552508.44
2016-11-08,186530069.61000004
2016-11-09,182016240.44999996
2016-11-10,182502642.83
2016-11-11,179333973.57000002
2016-11-12,172583691.37
2016-11-13,158418969.26
2016-11-14,158872477.33
2016-11-15,179141343.39000002
2016-11-16,179814911.98
2016-11-17,180029162.06
2016-11-18,179643173.12000003
2016-11-19,171884174.36
2016-11-20,156043359.57999998
2016-11-21,177330772.44
2016-11-22,178673918.38000003
2016-11-23,178062052.37000003
2016-11-24,179979834.3
2016-11-25,181052067.23000002
2016-11-26,175423300.14
2016-11-27,157662218.62
2016-11-28,177912597.5
2016-11-29,177767379.43
2016-11-30,178914914.61
2016-12-01,170038962.54000002
2016-12-02,169582550.39
2016-12-03,163237991.7
2016-12-04,153852262.02
2016-12-05,170875626.09
2016-12-06,172590791.75999996
2016-12-07,172124523.98999998
2016-12-08,156504525.71
2016-12-09,170791516.45
2016-12-10,165787168.07999998
2016-12-11,154826623.84
2016-12-12,172266287.12999997
2016-12-13,171668618.03
2016-12-14,172766311.65999997
2016-12-15,173598691.27999997
2016-12-16,172155481.58000004
2016-12-17,164148220.14000002
2016-12-18,153612600.31
2016-12-19,170947251.12
2016-12-20,170722699.60000002
2016-12-21,169763367.69
2016-12-22,170647231.16000003
2016-12-23,168862953.98
2016-12-24,156583321.1
2016-12-25,144813632.18999997
2016-12-26,169945680.08
2016-12-27,172627360.77
2016-12-28,172756217.63000003
2016-12-29,172730653.10000002
2016-12-30,169951689.12
2016-12-31,151225961.08999997
2017-01-01,133137529.86000001
2017-01-02,154432054.43999997
2017-01-03,159931526.4
2017-01-04,161529605.44000003
2017-01-05,164432275.04
2017-01-06,165006807.35
2017-01-07,159657479.06999996
2017-01-08,147649027.73000002
2017-01-09,147164930.48
2017-01-10,165391294.03999996
2017-01-11,166116108.59
2017-01-12,167736970.54999998
2017-01-13,167746554.05
2017-01-14,162354539.98
2017-01-15,148423838.05
2017-01-16,167322440.78
2017-01-17,168602414.7
2017-01-18,166696534.14999998
2017-01-19,167541000.76000002
2017-01-20,168501487.46
2017-01-21,162572883.60999998
2017-01-22,149112366.17000002
2017-01-23,166352644.32999998
2017-01-24,169027840.39000002
2017-01-25,168992515.28
2017-01-26,169773158.35
2017-01-27,169958145.34999996
2017-01-28,162309971.07999995
2017-01-29,149297138.76999998
2017-01-30,168747127.88
2017-01-31,168846856.56
2017-02-01,170805425.20000002
2017-02-02,174919615.16
2017-02-03,174387432.81999996
2017-02-04,167198485.60999998
2017-02-05,154372568.1
2017-02-06,173664455.41000003
2017-02-07,175146848.04
2017-02-08,176094756.58999997
2017-02-09,175674933.67999998
2017-02-10,176385891.48000002
2017-02-11,168685140.31000003
2017-02-12,155822205.73
2017-02-13,174774529.10000002
2017-02-14,174078628.97
2017-02-15,174552287.59
2017-02-16,179098411.05
2017-02-17,177146454.90000004
2017-02-18,170604680.39999998
2017-02-19,157864301.4
2017-02-20,175825892.04000002
2017-02-21,176815168.91
2017-02-22,176926981.86999997
2017-02-23,177903623.29000002
2017-02-24,179265461.42000002
2017-02-25,171588737.10000002
2017-02-26,155858260.34999996
2017-02-27,174509286.77999997
2017-02-28,174122093.18999997
2017-03-01,172298660.69000003
2017-03-02,173211638.38
2017-03-03,173713053.91999996
2017-03-04,164466248.14000005
2017-03-05,151659919.90000004
2017-03-06,172023520.02000004
2017-03-07,173229191.65
2017-03-08,172156891.23000002
2017-03-09,174473022.29999995
2017-03-10,174044569.99
2017-03-11,166278089.17000002
2017-03-12,153341680.82999998
2017-03-13,172894938.13000005
2017-03-14,173659998.64
2017-03-15,173509205.00999996
2017-03-16,179242548.37
2017-03-17,179468386.3
2017-03-18,172902601.37999997
2017-03-19,158319054.31
2017-03-20,158893499.32
2017-03-21,179488037.07000002
2017-03-22,180601119.97000003
2017-03-23,180389599.57
2017-03-24,180161876.67
2017-03-25,174021307.71000004
2017-03-26,159907144.38
2017-03-27,179550274.64000002
2017-03-28,181579831.05999997
2017-03-29,179716290.67999998
2017-03-30,178651732.53999996
2017-03-31,177471300.91000003
2017-04-01,171934786.02
2017-04-02,159601070.92000002
2017-04-03,181264051.39000002
2017-04-04,181907607.58999997
2017-04-05,181450367.5
2017-04-06,183156763.89000002
2017-04-07,182607527.31000003
2017-04-08,176630098.0
2017-04-09,164322675.27
2017-04-10,181734872.0
2017-04-11,182141959.81
2017-04-12,181803134.97000003
2017-04-13,160683601.24999997
2017-04-14,156160646.58999997
2017-04-15,167048678.95
2017-04-16,159140967.98
2017-04-17,181515708.92999998
2017-04-18,183376591.62
2017-04-19,185033698.92999998
2017-04-20,183986022.50999996
2017-04-21,184934648.48
2017-04-22,177211539.46
2017-04-23,162879450.66
2017-04-24,182740988.44
2017-04-25,184577996.39999998
2017-04-26,184467259.13
2017-04-27,185241688.01
2017-04-28,184359176.62
2017-04-29,176476273.75000003
2017-04-30,163172577.22
2017-05-01,168024215.29
2017-05-02,186100568.22999996
2017-05-03,189359184.32
2017-05-04,190157759.35
2017-05-05,190120765.73999998
2017-05-06,182321603.63000003
2017-05-07,168833705.26000002
2017-05-08,187166211.98999998
2017-05-09,187899365.77
2017-05-10,186779428.41
2017-05-11,186205962.92000002
2017-05-12,187371082.4
2017-05-13,181818851.57999998
2017-05-14,167191298.46
2017-05-15,188165959.33
2017-05-16,189183959.34
2017-05-17,188840123.79000002
2017-05-18,189175448.89999998
2017-05-19,190555227.99000004
2017-05-20,183421370.15
2017-05-21,169471263.23
2017-05-22,187867095.97000003
2017-05-23,190262965.85999998
2017-05-24,190622347.84999996
2017-05-25,191389287.96
2017-05-26,189945909.59
2017-05-27,183055881.98
2017-05-28,168559731.06999996
2017-05-29,169046241.02
2017-05-30,188020214.82
2017-05-31,190090606.91
2017-06-01,193110809.51000002
2017-06-02,193849275.46999997
2017-06-03,187591835.17000002
2017-06-04,173218612.55
2017-06-05,193919596.62000003
2017-06-06,194909410.63
2017-06-07,196584577.36999997
2017-06-08,196273146.12
2017-06-09,196546426.48
2017-06-10,189805708.15
2017-06-11,173939363.97000003
2017-06-12,194236449.65
2017-06-13,194882584.56000003
2017-06-14,195382919.42000002
2017-06-15,194837327.25000003
2017-06-16,195569661.42000002
2017-06-17,187899191.64999998
2017-06-18,171480453.54
2017-06-19,172286606.17000005
2017-06-20,193076733.52
2017-06-21,194151499.89999998
2017-06-22,195807069.12
2017-06-23,196203727.89000002
2017-06-24,188945044.84
2017-06-25,173510944.82999998
2017-06-26,175796928.5
2017-06-27,195520080.58999997
2017-06-28,195111184.26000002
2017-06-29,195871112.46999997
2017-06-30,196288105.66000006
2017-07-01,187911586.2
2017-07-02,176448646.60000005
2017-07-03,175021143.91999996
2017-07-04,196691483.10000005
2017-07-05,195769900.9
2017-07-06,195876503.48999998
2017-07-07,197473906.5
2017-07-08,187875641.13
2017-07-09,175449263.62
2017-07-10,195685542.51000002
2017-07-11,196653531.78
2017-07-12,193584978.62
2017-07-13,194408635.69999996
2017-07-14,195546517.95000002
2017-07-15,187284213.27999997
2017-07-16,174339049.60000002
2017-07-17,195089651.10000002
2017-07-18,196256002.71000004
2017-07-19,197008877.38
2017-07-20,180289542.69
2017-07-21,195766924.96999994
2017-07-22,186892407.69
2017-07-23,175765738.20999998
2017-07-24,196005633.49999994
2017-07-25,197441884.04999998
2017-07-26,196893819.10999998
2017-07-27,200511394.45999998
2017-07-28,199643691.69999996
2017-07-29,190185975.91
2017-07-30,176626786.58000004
2017-07-31,196998286.74000004
2017-08-01,198368024.90000004
2017-08-02,200351330.64000002
2017-08-03,200587765.98
2017-08-04,200633693.88000003
2017-08-05,193638778.66000003
2017-08-06,179426495.6
2017-08-07,181554922.95
2017-08-08,201939289.86
2017-08-09,202747087.64
2017-08-10,201309652.4
2017-08-11,203625693.17999995
2017-08-12,195855021.08000004
2017-08-13,181356509.48000002
2017-08-14,201857182.69000003
2017-08-15,202662991.18
2017-08-16,202236718.29999995
2017-08-17,204022328.09
2017-08-18,203615882.76999995
2017-08-19,196286127.24000004
2017-08-20,181361530.52
2017-08-21,182399341.39
2017-08-22,200390381.16000006
2017-08-23,200692166.12
2017-08-24,200786695.96
2017-08-25,201363823.16
2017-08-26,193528546.80000004
2017-08-27,181116686.79000002
2017-08-28,200457008.84000003
2017-08-29,202990544.04999998
2017-08-30,203567314.09999996
2017-08-31,204047932.04
2017-09-01,202161111.59000003
2017-09-02,193624649.45000002
2017-09-03,178687166.20000002
2017-09-04,200687059.94
2017-09-05,200787404.85000005
2017-09-06,201132482.17
2017-09-07,201089164.16
2017-09-08,198921830.92999998
2017-09-09,191928154.54000002
2017-09-10,178072643.35999998
2017-09-11,200082917.33999997
2017-09-12,201171572.20999998
2017-09-13,202212681.19000006
2017-09-14,203112893.79999998
2017-09-15,203483549.34999996
2017-09-16,195913022.37
2017-09-17,179797541.78000003
2017-09-18,201838610.20000002
2017-09-19,203311704.31000003
2017-09-20,203561206.00999996
2017-09-21,204745703.41
2017-09-22,203717645.64999995
2017-09-23,197039661.54000002
2017-09-24,182477859.94000003
2017-09-25,203238251.93
2017-09-26,205362269.29
2017-09-27,203582920.43
2017-09-28,203291956.07999998
2017-09-29,203101225.68999994
2017-09-30,194272960.86
2017-10-01,175763355.13
2017-10-02,198195648.69
2017-10-03,199310087.15
2017-10-04,196893323.28
2017-10-05,198486423.80000004
2017-10-06,199504896.3
2017-10-07,192971802.24
2017-10-08,178371423.17000002
2017-10-09,199037922.71999997
2017-10-10,200637884.01
2017-10-11,200324052.78
2017-10-12,200144683.29
2017-10-13,201365568.45000005
2017-10-14,192182246.54
2017-10-15,177402918.99
2017-10-16,179345201.86
2017-10-17,200658411.26
2017-10-18,201869301.58
2017-10-19,200744178.19000003
2017-10-20,202341595.42000002
2017-10-21,194113316.60999998
2017-10-22,178014909.79
2017-10-23,197356842.75999996
2017-10-24,198788268.16000003
2017-10-25,197910407.85999998
2017-10-26,200450372.35000002
2017-10-27,198472330.74
2017-10-28,191846384.40999997
2017-10-29,177284572.72
2017-10-30,197041805.7
2017-10-31,199149571.85000002
2017-11-01,198097378.57999998
2017-11-02,198454922.66999996
2017-11-03,199319792.79000005
2017-11-04,193814856.01999998
2017-11-05,179264261.40000004
2017-11-06,180125147.97000003
2017-11-07,199832279.58
2017-11-08,199731314.76000005
2017-11-09,201000807.18
2017-11-10,200933657.69000006
2017-11-11,194840980.06
2017-11-12,177509218.69000006
2017-11-13,179742894.58
2017-11-14,200280047.74
2017-11-15,200228351.67999995
2017-11-16,200795654.83
2017-11-17,200853817.00000006
2017-11-18,194732840.90000004
2017-11-19,179500081.07999995
2017-11-20,200374368.82000002
2017-11-21,201948947.79999995
2017-11-22,202709675.72999996
2017-11-23,201354166.67999998
2017-11-24,201889657.32999998
2017-11-25,194478173.58000004
2017-11-26,179682205.68
2017-11-27,200491859.73999998
2017-11-28,201208686.34
2017-11-29,200909006.4
2017-11-30,200309555.73
2017-12-01,190109146.19999996
2017-12-02,184107238.36999997
2017-12-03,171855329.76000002
2017-12-04,190922576.85
2017-12-05,192730052.59
2017-12-06,191988092.57999998
2017-12-07,190264138.29000002
2017-12-08,174794765.01999995
2017-12-09,182853611.86
2017-12-10,172748113.54
2017-12-11,190048908.99999994
2017-12-12,191564933.62000003
2017-12-13,187626533.65000004
2017-12-14,189564615.19
2017-12-15,190928853.32999998
2017-12-16,183716471.7199999
2017-12-17,171718733.13
2017-12-18,188404559.28
2017-12-19,188693367.45
2017-12-20,189083102.48999998
2017-12-21,188315822.74999997
2017-12-22,187535168.74000004
2017-12-23,180921222.70999995
2017-12-24,164605993.65000004
2017-12-25,162512098.33
2017-12-26,183600665.03
2017-12-27,186104810.29999998
2017-12-28,185717626.04000002
2017-12-29,186908620.12999997
2017-12-30,179341984.69999996
2017-12-31,164750456.59999996
2018-01-01,149460344.75000003
2018-01-02,172142311.07000002
2018-01-03,178342170.1
2018-01-04,179523156.83000004
2018-01-05,181126157.91000003
2018-01-06,174061954.51000002
2018-01-07,160344835.26999998
2018-01-08,161337939.32999995
2018-01-09,180165930.09999996
2018-01-10,182075324.35000002
2018-01-11,183890310.65
2018-01-12,184174055.83
2018-01-13,177545561.76000002
2018-01-14,164532286.21
2018-01-15,183643296.52999997
2018-01-16,184466651.50000003
2018-01-17,185253699.97
2018-01-18,184483642.35999998
2018-01-19,187242016.02999997
2018-01-20,180068885.78
2018-01-21,165073035.88
2018-01-22,185022270.35
2018-01-23,186110181.56
2018-01-24,184039482.39000002
2018-01-25,185596506.90000004
2018-01-26,186651899.15999997
2018-01-27,178796310.26000002
2018-01-28,165455857.94000006
2018-01-29,183984016.79999998
2018-01-30,185887030.23000002
2018-01-31,184312355.46
2018-02-01,191154404.61
2018-02-02,191442326.51000005
2018-02-03,184614260.22999996
2018-02-04,170524124.14
2018-02-05,187583768.82
2018-02-06,188795124.79
2018-02-07,188947255.83
2018-02-08,193414810.42
2018-02-09,192811395.32000002
2018-02-10,184809713.79000002
2018-02-11,172263566.26999995
2018-02-12,192525812.97000003
2018-02-13,193015648.20000002
2018-02-14,194238137.91000003
2018-02-15,193092760.52999997
2018-02-16,195324877.16000003
2018-02-17,188258320.47
2018-02-18,174608330.59000003
2018-02-19,194025510.16000003
2018-02-20,196214066.86999997
2018-02-21,195367428.97
2018-02-22,194505382.29000002
2018-02-23,196147838.1
2018-02-24,188449530.92
2018-02-25,175467854.68
2018-02-26,194792754.89
2018-02-27,194724523.27999997
2018-02-28,193378353.67000002
2018-03-01,191183142.49999997
2018-03-02,192752702.56
2018-03-03,186400829.07000002
2018-03-04,172530916.23999995
2018-03-05,192457155.77999997
2018-03-06,192464354.15
2018-03-07,193238089.42000005
2018-03-08,193808598.75000003
2018-03-09,192649881.95
2018-03-10,184537831.06
2018-03-11,168159413.34
2018-03-12,189975013.98
2018-03-13,193856549.49
2018-03-14,194061120.12000006
2018-03-15,193746711.47
2018-03-16,191944833.79999995
2018-03-17,185269073.60000002
2018-03-18,171542792.96999997
2018-03-19,172198774.02000004
2018-03-20,191559683.95999998
2018-03-21,193377343.96999997
2018-03-22,193506992.32999998
2018-03-23,194359978.42
2018-03-24,186949005.61999997
2018-03-25,174252482.97
2018-03-26,192385705.53000006
2018-03-27,192853652.81
2018-03-28,190838659.97999996
2018-03-29,171043831.66
2018-03-30,166376827.01999995
2018-03-31,178422494.23999998
2018-04-01,173466251.57999998
2018-04-02,193785802.62999997
2018-04-03,196565587.59000006
2018-04-04,197549345.17
2018-04-05,198289118.07
2018-04-06,199705529.7
2018-04-07,192318387.36999997
2018-04-08,177086846.96
2018-04-09,196517967.33
2018-04-10,199720873.37000006
2018-04-11,201013220.92
2018-04-12,200955691.73000002
2018-04-13,201758058.68
2018-04-14,193456596.34
2018-04-15,178020561.47
2018-04-16,198679220.60999998
2018-04-17,198878800.94
2018-04-18,200024079.42999998
2018-04-19,200127540.18999997
2018-04-20,196842396.0
2018-04-21,189405961.61999997
2018-04-22,176618280.51
2018-04-23,198566151.29000002
2018-04-24,200089595.53
2018-04-25,199897618.48999998
2018-04-26,201023749.69
2018-04-27,201614474.79999998
2018-04-28,195572113.78
2018-04-29,179946489.08999997
2018-04-30,197389283.96
2018-05-01,186996593.10000002
2018-05-02,207025936.63
2018-05-03,209184061.71000004
2018-05-04,208214398.18000007
2018-05-05,201916530.24
2018-05-06,185559298.98000002
2018-05-07,207489379.35999998
2018-05-08,207549463.96000004
2018-05-09,209203201.35999995
2018-05-10,210373172.74000004
2018-05-11,211793734.83
2018-05-12,203152227.52
2018-05-13,185967056.64999998
2018-05-14,186585377.87
2018-05-15,208602730.19000003
2018-05-16,209724219.83000004
2018-05-17,211107891.89
2018-05-18,210335313.25000006
2018-05-19,203810450.42000002
2018-05-20,187794314.76999992
2018-05-21,208167108.24000004
2018-05-22,210407633.18999997
2018-05-23,208912086.61
2018-05-24,209364580.51000005
2018-05-25,210363772.65
2018-05-26,203069796.92999998
2018-05-27,187122491.82999998
2018-05-28,207166555.42999998
2018-05-29,209132905.34
2018-05-30,209603424.89000005
2018-05-31,209433268.53
2018-06-01,213444376.11000004
2018-06-02,204883150.17
2018-06-03,191094207.42999998
2018-06-04,194268519.05000004
2018-06-05,215023233.45999998
2018-06-06,216018852.43999997
2018-06-07,216305866.29000005
2018-06-08,216118546.47000006
2018-06-09,207475060.71
2018-06-10,191774570.44000006
2018-06-11,193594135.65
2018-06-12,214754828.66000006
2018-06-13,215783298.03000003
2018-06-14,214818856.54
2018-06-15,214245526.97
2018-06-16,206046894.26
2018-06-17,191790143.99
2018-06-18,213313578.64000002
2018-06-19,214395379.42000005
2018-06-20,214177693.76999995
2018-06-21,214025348.41
2018-06-22,214525134.45999998
2018-06-23,207294006.33
2018-06-24,193140851.07
2018-06-25,214289100.8
2018-06-26,215871931.44000003
2018-06-27,215654948.65000004
2018-06-28,214843796.54000002
2018-06-29,214320053.22999996
2018-06-30,206131218.77999997
2018-07-01,192553000.84
2018-07-02,194114831.13999996
2018-07-03,212637493.68
2018-07-04,214112894.35
2018-07-05,215202619.33
2018-07-06,216011310.14999998
2018-07-07,204588660.09
2018-07-08,193025383.89000002
2018-07-09,214250615.63
2018-07-10,216051282.69
2018-07-11,216137124.81
2018-07-12,219050354.62
2018-07-13,218713615.13
2018-07-14,206804255.02
2018-07-15,195002201.39999998
2018-07-16,213606588.33
2018-07-17,216903896.82
2018-07-18,215377081.07999998
2018-07-19,215994354.59
2018-07-20,197537653.07
2018-07-21,201743627.68000004
2018-07-22,192558410.96
2018-07-23,215273715.62
2018-07-24,217406514.50000003
2018-07-25,217051629.76999998
2018-07-26,217280535.85
2018-07-27,216557260.63
2018-07-28,207188179.39999995
2018-07-29,195709922.02
2018-07-30,216735156.28999996
2018-07-31,217200911.92000002
2018-08-01,217261854.19000003
2018-08-02,217728414.11
2018-08-03,219195185.44
2018-08-04,212848868.10000002
2018-08-05,197339513.98000002
2018-08-06,216223509.46
2018-08-07,199605423.94999996
2018-08-08,217540305.81
2018-08-09,218792971.17000002
2018-08-10,218846342.34000003
2018-08-11,209330429.23999998
2018-08-12,194231370.05
2018-08-13,216572696.5
2018-08-14,219156179.92
2018-08-15,219145584.98
2018-08-16,218585292.20999995
2018-08-17,218431133.04000002
2018-08-18,210539018.57
2018-08-19,195466707.34
2018-08-20,196014937.46
2018-08-21,216372881.98000008
2018-08-22,218958153.90999997
2018-08-23,218452025.62000003
2018-08-24,219325007.12000006
2018-08-25,210752637.82999998
2018-08-26,196343576.53
2018-08-27,218851454.04000002
2018-08-28,219463780.42999998
2018-08-29,217986603.20000002
2018-08-30,219136186.07
2018-08-31,219199930.34999996
2018-09-01,210826885.61999997
2018-09-02,193736779.67
2018-09-03,214338335.73000002
2018-09-04,217911018.4
2018-09-05,217990342.28
2018-09-06,220241222.66000003
2018-09-07,220033708.40000004
2018-09-08,213339573.62999997
2018-09-09,197719327.50999996
2018-09-10,217712592.5
2018-09-11,218951384.56000003
2018-09-12,219420878.95
2018-09-13,218480042.04
2018-09-14,219105795.18999997
2018-09-15,210961400.65
2018-09-16,195544008.67
2018-09-17,216256017.04999998
2018-09-18,218508892.99
2018-09-19,220347602.98
2018-09-20,220616064.46999997
2018-09-21,219915541.41
2018-09-22,211999058.85999995
2018-09-23,195947189.13
2018-09-24,216038178.85
2018-09-25,217057227.66
2018-09-26,217424129.77
2018-09-27,219183288.11999997
2018-09-28,219525502.00999996
2018-09-29,211615624.69
2018-09-30,196508997.28
2018-10-01,220524085.95999995
2018-10-02,223472868.93
2018-10-03,221423621.20999998
2018-10-04,222046534.54000002
2018-10-05,223619979.32000002
2018-10-06,215346297.78000003
2018-10-07,200017596.02
2018-10-08,221096293.86
2018-10-09,222697876.83000004
2018-10-10,222922260.51999998
2018-10-11,223225990.44
2018-10-12,223341805.68
2018-10-13,215686966.61999997
2018-10-14,199621298.21
2018-10-15,198773152.9
2018-10-16,222778412.52
2018-10-17,225782949.04
2018-10-18,226852402.05
2018-10-19,225517170.82
2018-10-20,219106214.71999997
2018-10-21,203653219.26999998
2018-10-22,223927988.04
2018-10-23,224423402.11999997
2018-10-24,223470859.40999997
2018-10-25,227392450.53000003
2018-10-26,227043866.78
2018-10-27,220446135.88999996
2018-10-28,204518451.06999996
2018-10-29,224489422.38
2018-10-30,226385918.73999998
2018-10-31,226480931.27999994
2018-11-01,221712817.73999995
2018-11-02,222167808.16
2018-11-03,215374312.94999996
2018-11-04,199219284.86
2018-11-05,200939904.63
2018-11-06,221057274.64
2018-11-07,222866371.17000002
2018-11-08,223613117.09999993
2018-11-09,222856352.68
2018-11-10,214815554.86000004
2018-11-11,199107543.21999997
2018-11-12,200640944.21999997
2018-11-13,221218151.82999995
2018-11-14,221069386.04
2018-11-15,222550654.75000003
2018-11-16,220976560.52
2018-11-17,213800600.03
2018-11-18,198073500.61
2018-11-19,218883511.14999998
2018-11-20,220918497.58
2018-11-21,220529195.84
2018-11-22,221102744.79999995
2018-11-23,221541718.05
2018-11-24,214305898.72
2018-11-25,199148452.67999998
2018-11-26,220222078.69999996
2018-11-27,220481663.08999997
2018-11-28,220535855.99000004
2018-11-29,220169401.53999996
2018-11-30,221513042.42999995
2018-12-01,207360920.92000002
2018-12-02,193219129.84999996
2018-12-03,212392102.73999995
2018-12-04,213794989.92999998
2018-12-05,213809304.44
2018-12-06,213011304.61
2018-12-07,208717259.69
2018-12-08,190106761.05000004
2018-12-09,189213669.48000002
2018-12-10,209233089.65
2018-12-11,211139642.08000004
2018-12-12,211965684.85
2018-12-13,211793381.39
2018-12-14,210724049.83000004
2018-12-15,202712702.26000002
2018-12-16,189502588.51000002
2018-12-17,207739972.50999996
2018-12-18,209951929.82000002
2018-12-19,210087086.99999997
2018-12-20,209242231.64999998
2018-12-21,206777583.50000003
2018-12-22,201206828.04999998
2018-12-23,187251281.34
2018-12-24,195301788.03999996
2018-12-25,177956562.52
2018-12-26,201465403.05
2018-12-27,203661685.76
2018-12-28,202846252.15
2018-12-29,196224745.13000003
2018-12-30,183418224.07000002
2018-12-31,190854827.73000002
2019-01-01,155818226.53000003
2019-01-02,178528123.13
2019-01-03,187010714.13
2019-01-04,187328970.63
2019-01-05,182034566.11
2019-01-06,168156851.63999996
2019-01-07,169732826.22
2019-01-08,190926344.90999997
2019-01-09,191590755.17
2019-01-10,191281669.58
2019-01-11,192822966.24
2019-01-12,186545017.41
2019-01-13,173595968.76999998
2019-01-14,191274739.20000002
2019-01-15,192352598.62000003
2019-01-16,192722125.49
2019-01-17,192929519.31
2019-01-18,192418891.93999997
2019-01-19,184564247.85999995
2019-01-20,170268231.79999998
2019-01-21,187624876.76999995
2019-01-22,190098327.76999998
2019-01-23,191030022.78000003
2019-01-24,191993563.22
2019-01-25,191069080.44000003
2019-01-26,183620335.2
2019-01-27,172095351.91000003
2019-01-28,190103747.83
2019-01-29,190590932.75
2019-01-30,191656153.21999997
2019-01-31,192011336.04000002
2019-02-01,191975475.18999997
2019-02-02,187108281.30999997
2019-02-03,171356758.7
2019-02-04,191608745.18
2019-02-05,193849579.81
2019-02-06,194550734.35000002
2019-02-07,195700856.3
2019-02-08,194886354.38
2019-02-09,189349256.58999997
2019-02-10,175299013.38000003
2019-02-11,193055436.35999998
2019-02-12,194241158.77999994
2019-02-13,191573859.00999996
2019-02-14,196794757.72000003
2019-02-15,198001778.87999994
2019-02-16,190775399.86
2019-02-17,174431650.18
2019-02-18,195237040.04999998
2019-02-19,194983111.14000002
2019-02-20,196182215.14000005
2019-02-21,195185108.40999997
2019-02-22,196044626.73999998
2019-02-23,188937170.0
2019-02-24,174030347.8
2019-02-25,194955024.79999998
2019-02-26,195874052.70999998
2019-02-27,197930023.45000002
2019-02-28,197851410.81000003
2019-03-01,194440662.01
2019-03-02,189027139.21
2019-03-03,172342541.81
2019-03-04,193119781.42
2019-03-05,194095199.14
2019-03-06,194208357.01
2019-03-07,195009931.45
2019-03-08,195615087.91000003
2019-03-09,189653531.46999997
2019-03-10,175896126.73
2019-03-11,192906715.86
2019-03-12,193174636.46000004
2019-03-13,192251551.13999996
2019-03-14,194096111.67000005
2019-03-15,193501751.05
2019-03-16,188372049.95999998
2019-03-17,172491752.92
2019-03-18,192041802.94000006
2019-03-19,194073241.12000003
2019-03-20,194957957.12000006
2019-03-21,195965619.31
2019-03-22,197106412.29000002
2019-03-23,190251565.23
2019-03-24,176542767.67
2019-03-25,177739956.39
2019-03-26,196384254.29
2019-03-27,196635279.91000003
2019-03-28,196516805.34
2019-03-29,196944039.15000004
2019-03-30,188469151.82999998
2019-03-31,175629734.86
2019-04-01,198975619.32
2019-04-02,200960387.17
2019-04-03,200536446.10999998
2019-04-04,201307015.15000004
2019-04-05,199339946.3
2019-04-06,193154076.22
2019-04-07,180760900.83999997
2019-04-08,200594897.73000005
2019-04-09,201309678.34000003
2019-04-10,202176571.11000004
2019-04-11,200867412.99
2019-04-12,201417464.87999994
2019-04-13,193913901.01000002
2019-04-14,181772059.86
2019-04-15,198684877.29
2019-04-16,198307205.58999997
2019-04-17,199258103.59000003
2019-04-18,178970378.58
2019-04-19,174636255.75
2019-04-20,184906019.08999997
2019-04-21,178336163.42000002
2019-04-22,199477183.55
2019-04-23,201673648.59
2019-04-24,203012623.02999997
2019-04-25,202665700.72999996
2019-04-26,205726322.14999998
2019-04-27,196819905.18000004
2019-04-28,183130523.59999996
2019-04-29,201664657.86999995
2019-04-30,202506151.52
2019-05-01,188342998.95000002
2019-05-02,204974795.82000005
2019-05-03,206367396.04999998
2019-05-04,199632596.28999996
2019-05-05,184130391.06
2019-05-06,205279713.55
2019-05-07,207716341.73999998
2019-05-08,204845830.41000006
2019-05-09,205302886.93
2019-05-10,203012086.07
2019-05-11,200245451.18000004
2019-05-12,185472367.08999997
2019-05-13,206678477.82000002
2019-05-14,209165022.06
2019-05-15,209401620.35
2019-05-16,209195575.93
2019-05-17,211250413.11999997
2019-05-18,203562772.65
2019-05-19,188099072.48
2019-05-20,209510412.43999997
2019-05-21,211163759.95000002
2019-05-22,209825335.14000002
2019-05-23,209812168.70999995
2019-05-24,209372131.81999996
2019-05-25,203446434.56
2019-05-26,187947858.69000003
2019-05-27,206291840.51000002
2019-05-28,211211387.81000003
2019-05-29,209172714.94
2019-05-30,208510236.14
2019-05-31,207186373.80000004
2019-06-01,204339979.15
2019-06-02,191242041.94000003
2019-06-03,192204648.17000005
2019-06-04,214477877.37999997
2019-06-05,217015956.09000003
2019-06-06,215882442.88
2019-06-07,216273636.9
2019-06-08,208307194.89
2019-06-09,193462106.4
2019-06-10,215049857.09
2019-06-11,214432795.69
2019-06-12,214516495.69
2019-06-13,216699892.15
2019-06-14,217700157.48000002
2019-06-15,209925873.92999998
2019-06-16,191267041.79
2019-06-17,215194483.05000004
2019-06-18,217347941.43
2019-06-19,216497753.81999996
2019-06-20,216812865.45000002
2019-06-21,215589052.54
2019-06-22,208368104.63
2019-06-23,192456363.57999998
2019-06-24,192851423.55999997
2019-06-25,213015261.64000002
2019-06-26,215312145.85
2019-06-27,215169035.62
2019-06-28,215359077.8
2019-06-29,205926359.20000002
2019-06-30,190434980.01999998
2019-07-01,190731156.19999996
2019-07-02,210336123.5
2019-07-03,213722905.48
2019-07-04,211704721.77999997
2019-07-05,213698962.75000003
2019-07-06,203546358.53
2019-07-07,191299295.89000005
2019-07-08,211812168.20000002
2019-07-09,213352221.94000003
2019-07-10,215123738.86
2019-07-11,215128326.07999998
2019-07-12,215483622.88000005
2019-07-13,206628091.77
2019-07-14,193522058.14000002
2019-07-15,213883876.17
2019-07-16,214130035.55999997
2019-07-17,214874821.91
2019-07-18,215106960.75999996
2019-07-19,216350522.99999997
2019-07-20,196416312.04999998
2019-07-21,191811199.80000004
2019-07-22,214832703.29999998
2019-07-23,214780554.13
2019-07-24,216703496.69
2019-07-25,214829528.45
2019-07-26,214474550.17000002
2019-07-27,206178102.51999995
2019-07-28,192761337.73000002
2019-07-29,212423211.82000005
2019-07-30,213543252.85
2019-07-31,212604627.11999997
2019-08-01,214417972.83000004
2019-08-02,217131108.96000004
2019-08-03,207012008.12000006
2019-08-04,191962520.57999998
2019-08-05,213682543.59
2019-08-06,214122387.43999997
2019-08-07,196526680.06
2019-08-08,214811701.49
2019-08-09,215429016.11
2019-08-10,207039621.71999994
2019-08-11,193155321.53999996
2019-08-12,215565154.39999998
2019-08-13,217232616.3
2019-08-14,214971845.92999998
2019-08-15,215115198.97999996
2019-08-16,211423374.96
2019-08-17,208309954.63000003
2019-08-18,190115338.99
2019-08-19,191562480.49
2019-08-20,210233562.76000005
2019-08-21,215872230.39
2019-08-22,217362320.51000002
2019-08-23,217104354.71999997
2019-08-24,205334860.90999997
2019-08-25,187795329.61
2019-08-26,214336598.19
2019-08-27,216858669.6700001
2019-08-28,213508845.66
2019-08-29,214027478.89000005
2019-08-30,216013557.92000002
2019-08-31,204234286.20000002
2019-09-01,186102894.12
2019-09-02,211727034.77000004
2019-09-03,211628138.01999998
2019-09-04,213342255.39999998
2019-09-05,216820019.89000002
2019-09-06,215394435.53000003
2019-09-07,208031628.84000003
2019-09-08,190893682.35999998
2019-09-09,214007108.84000003
2019-09-10,215347547.54
2019-09-11,215610978.46999997
2019-09-12,215994634.54
2019-09-13,217475103.47
2019-09-14,209735594.47000006
2019-09-15,191540457.11999997
2019-09-16,214278360.39999995
2019-09-17,215446542.24999997
2019-09-18,216766516.14000002
2019-09-19,218388039.61999997
2019-09-20,215594164.71
2019-09-21,208309626.68
2019-09-22,193401463.73
2019-09-23,216375641.52999997
2019-09-24,215965097.34000003
2019-09-25,218638787.18
2019-09-26,218439943.68999997
2019-09-27,216711010.09999996
2019-09-28,211013688.14000005
2019-09-29,193127642.24999994
2019-09-30,210299179.45999998
2019-10-01,209190981.36
2019-10-02,208765364.53
2019-10-03,213295239.47000003
2019-10-04,212909608.35999998
2019-10-05,206799966.78000006
2019-10-06,188238883.57999998
2019-10-07,212926136.32999995
2019-10-08,212925662.2
2019-10-09,210904174.79
2019-10-10,211388371.77
2019-10-11,212149141.82999995
2019-10-12,203325968.19
2019-10-13,192518370.78999996
2019-10-14,190681837.58
2019-10-15,210933781.89
2019-10-16,213178382.29
2019-10-17,211132787.64000002
2019-10-18,212206039.30000007
2019-10-19,209311243.24
2019-10-20,192136571.56
2019-10-21,216143033.79999992
2019-10-22,216636346.33999994
2019-10-23,215169190.58
2019-10-24,214934467.66
2019-10-25,217554913.87
2019-10-26,210778405.26
2019-10-27,191509984.98999998
2019-10-28,214477245.94
2019-10-29,218476859.85000002
2019-10-30,219223519.11000004
2019-10-31,216813060.74
2019-11-01,217244159.32999998
2019-11-02,206018712.78000003
2019-11-03,191765873.89999995
2019-11-04,192510693.31
2019-11-05,215145110.36
2019-11-06,214231084.93
2019-11-07,214745986.92999998
2019-11-08,214629137.93999994
2019-11-09,207683539.09000006
2019-11-10,193513496.22000003
2019-11-11,196622817.67000005
2019-11-12,213292689.03
2019-11-13,211742224.57999998
2019-11-14,215158823.43
2019-11-15,221632523.09999993
2019-11-16,211541669.58000007
2019-11-17,197878045.01
2019-11-18,216243542.76000005
2019-11-19,215980147.33999997
2019-11-20,217018822.73000005
2019-11-21,213938332.22000003
2019-11-22,212630952.86999995
2019-11-23,208100203.86
2019-11-24,197915156.17000005
2019-11-25,218532497.5
2019-11-26,218476093.46
2019-11-27,217298750.3
2019-11-28,217965120.47
2019-11-29,218556146.22000006
2019-11-30,212703501.43000004
2019-12-01,196864347.85999998
2019-12-02,215654454.85000002
2019-12-03,219727590.0
2019-12-04,216693343.95999992
2019-12-05,216786171.68999997
2019-12-06,216984738.58999997
2019-12-07,208691666.15
2019-12-08,193465420.53
2019-12-09,210803999.42999995
2019-12-10,216885375.18000004
2019-12-11,218741124.70000005
2019-12-12,218225787.43999997
2019-12-13,216967408.72999996
2019-12-14,209099295.04000005
2019-12-15,195651950.20000002
2019-12-16,216986385.23
2019-12-17,212972924.83999994
2019-12-18,215060735.83999994
2019-12-19,217414611.54000005
2019-12-20,216089393.15
2019-12-21,203579362.99
2019-12-22,192651616.45000005
2019-12-23,207336847.79000005
2019-12-24,198137693.80999997
2019-12-25,180239388.98000002
2019-12-26,205422801.14000005
2019-12-27,203036193.54000002
2019-12-28,198052236.11000004
2019-12-29,187113994.27
2019-12-30,198373717.60999998
2019-12-31,192404025.89000002
