fecha,demanda
2010-01-01,113361581.12999998
2010-01-02,125471806.71999998
2010-01-03,121145172.79
2010-01-04,143931718.94000003
2010-01-05,149869127.57
2010-01-06,150379646.33
2010-01-07,149729913.23
2010-01-08,151087459.53
2010-01-09,143868742.42
2010-01-10,126779105.90999997
2010-01-11,129057990.07
2010-01-12,149508573.04
2010-01-13,153763913.36999997
2010-01-14,155549588.27
2010-01-15,155550356.51000005
2010-01-16,148330057.20000002
2010-01-17,132970451.83999997
2010-01-18,153844141.23999998
2010-01-19,157369954.59999996
2010-01-20,158516513.76000008
2010-01-21,158508777.0
2010-01-22,158439324.22000003
2010-01-23,150582338.5
2010-01-24,134015753.06
2010-01-25,156766331.07000002
2010-01-26,156757117.9
2010-01-27,156989446.78
2010-01-28,157540157.12999997
2010-01-29,158713606.58999997
2010-01-30,149398717.34
2010-01-31,134621639.24
2010-02-01,157090048.60000002
2010-02-02,160081642.68
2010-02-03,161219300.35000002
2010-02-04,163482861.18999997
2010-02-05,162974222.1
2010-02-06,152560091.37
2010-02-07,133982359.53000003
2010-02-08,158852723.29
2010-02-09,159139408.68999994
2010-02-10,158797403.94999996
2010-02-11,159275432.14
2010-02-12,159617981.75
2010-02-13,150927070.35
2010-02-14,134531380.44
2010-02-15,156642961.91000003
2010-02-16,159504499.19999996
2010-02-17,161179154.26
2010-02-18,161778167.60000005
2010-02-19,162024487.71
2010-02-20,153225696.22
2010-02-21,136193193.23999998
2010-02-22,160869035.56
2010-02-23,159705008.24
2010-02-24,159762221.16
2010-02-25,158970509.64999998
2010-02-26,157562478.02999997
2010-02-27,149215219.92999998
2010-02-28,133536073.47000003
2010-03-01,156658311.48000002
2010-03-02,159474748.70000002
2010-03-03,158784816.91000003
2010-03-04,158982940.15000004
2010-03-05,159385870.59999996
2010-03-06,150329579.53
2010-03-07,133009509.15
2010-03-08,155680822.03999996
2010-03-09,159318992.71
2010-03-10,162833175.92999998
2010-03-11,161597013.37999997
2010-03-12,162835751.11
2010-03-13,153880083.46
2010-03-14,134400071.3
2010-03-15,160413392.4
2010-03-16,163160904.36
2010-03-17,159495302.31
2010-03-18,158346803.79999998
2010-03-19,161928529.98
2010-03-20,153775374.07
2010-03-21,137212523.6
2010-03-22,139324582.35
2010-03-23,160258096.27000004
2010-03-24,163643847.12
2010-03-25,164056023.91
2010-03-26,164494327.31
2010-03-27,156382181.79999998
2010-03-28,138782690.75000003
2010-03-29,159107567.32999998
2010-03-30,158839345.37
2010-03-31,153221123.14
2010-04-01,128334673.06
2010-04-02,120631869.97000001
2010-04-03,133225393.82999998
2010-04-04,129637720.31
2010-04-05,154818877.71
2010-04-06,157155320.29
2010-04-07,158530981.07
2010-04-08,156691085.01
2010-04-09,158184674.9
2010-04-10,149815693.81
2010-04-11,133162265.65
2010-04-12,154328450.95000002
2010-04-13,157277744.34
2010-04-14,155815022.79999998
2010-04-15,157055349.07999998
2010-04-16,158195882.30999997
2010-04-17,150323236.33999997
2010-04-18,134896171.81
2010-04-19,157555905.62
2010-04-20,158782057.71999997
2010-04-21,161045514.07000002
2010-04-22,163176207.48
2010-04-23,164291702.12
2010-04-24,155375258.01999998
2010-04-25,138614846.68999997
2010-04-26,158262702.34000003
2010-04-27,160680206.35999998
2010-04-28,160136224.78999996
2010-04-29,159815970.05
2010-04-30,157584671.02
2010-05-01,137738872.56
2010-05-02,129985315.56
2010-05-03,153549517.01000002
2010-05-04,155154540.73
2010-05-05,156854693.63
2010-05-06,158589167.44
2010-05-07,160703852.26
2010-05-08,151687245.25
2010-05-09,132803835.23000005
2010-05-10,158552240.93
2010-05-11,160768099.26999998
2010-05-12,159813744.01999995
2010-05-13,160501312.7
2010-05-14,161722839.17000002
2010-05-15,153652331.13000003
2010-05-16,136198155.59000003
2010-05-17,138475849.61999997
2010-05-18,161801770.31
2010-05-19,163709152.53999996
2010-05-20,161933365.17999998
2010-05-21,158651539.36999997
2010-05-22,150783498.30999997
2010-05-23,133789507.7
2010-05-24,156367427.36000004
2010-05-25,158605007.37999997
2010-05-26,158383451.57999998
2010-05-27,155878592.39999995
2010-05-28,155229238.22
2010-05-29,147761276.87
2010-05-30,131164370.04000002
2010-05-31,154249183.9
2010-06-01,155748147.16000003
2010-06-02,154641472.57999998
2010-06-03,156491902.23
2010-06-04,161112803.01000002
2010-06-05,154375977.1
2010-06-06,137651918.57
2010-06-07,139018515.21
2010-06-08,159379914.61
2010-06-09,157566751.31999996
2010-06-10,158699523.94
2010-06-11,158596707.86
2010-06-12,151940978.32
2010-06-13,133695924.9
2010-06-14,135949400.66000003
2010-06-15,156563035.35
2010-06-16,159974557.55
2010-06-17,162418522.72
2010-06-18,162485462.11999997
2010-06-19,148445034.70000002
2010-06-20,128373872.61
2010-06-21,152957206.52999997
2010-06-22,155168639.77
2010-06-23,157878219.04000002
2010-06-24,157959606.09000003
2010-06-25,158100227.97
2010-06-26,149902352.93
2010-06-27,129705329.07999998
2010-06-28,153022889.43
2010-06-29,156807607.07000005
2010-06-30,157098603.47000003
2010-07-01,156268029.62
2010-07-02,154860000.22999993
2010-07-03,147744411.79
2010-07-04,128355913.02999996
2010-07-05,131483380.77
2010-07-06,152661108.28
2010-07-07,154583829.04999998
2010-07-08,154001443.99
2010-07-09,153540020.79999998
2010-07-10,146131431.70000002
2010-07-11,129667034.78000002
2010-07-12,156806118.7
2010-07-13,159222862.02999997
2010-07-14,161872658.04
2010-07-15,159442013.65999997
2010-07-16,154942583.86999997
2010-07-17,145089094.01999998
2010-07-18,130681690.0
2010-07-19,151862665.67000002
2010-07-20,136593199.31
2010-07-21,159093908.85
2010-07-22,161196807.61
2010-07-23,162419382.77
2010-07-24,154450324.18999997
2010-07-25,138907957.88
2010-07-26,160027900.14
2010-07-27,159574143.29
2010-07-28,156750904.58
2010-07-29,157836584.51
2010-07-30,157230746.21
2010-07-31,146692929.97000003
2010-08-01,129865284.07
2010-08-02,154984646.68
2010-08-03,157565393.7
2010-08-04,158904246.94
2010-08-05,159073612.49999997
2010-08-06,157637511.31000003
2010-08-07,138401675.7
2010-08-08,130295782.54
2010-08-09,155904564.03000003
2010-08-10,161216904.2
2010-08-11,160823258.57999998
2010-08-12,157154229.53000003
2010-08-13,156846620.71
2010-08-14,150066899.33999997
2010-08-15,129750134.85000001
2010-08-16,133207040.48000002
2010-08-17,157556928.8
2010-08-18,158429098.64
2010-08-19,160566703.35000005
2010-08-20,161579669.65
2010-08-21,153138918.02999997
2010-08-22,135704834.69
2010-08-23,160862715.57999998
2010-08-24,163740600.27999997
2010-08-25,161906039.14999998
2010-08-26,157438551.72000003
2010-08-27,158194492.14000002
2010-08-28,151355237.57999998
2010-08-29,137139469.21
2010-08-30,161900246.31
2010-08-31,161638998.78
2010-09-01,159911648.31000003
2010-09-02,158935190.36
2010-09-03,158856562.0
2010-09-04,150923072.35999998
2010-09-05,133290466.54999997
2010-09-06,156364134.8
2010-09-07,160157597.76
2010-09-08,158941511.27999997
2010-09-09,159548053.07
2010-09-10,159357200.24999997
2010-09-11,153453494.98999998
2010-09-12,136467201.53
2010-09-13,158932564.03999996
2010-09-14,161920181.60000002
2010-09-15,164385634.54999998
2010-09-16,162602194.81
2010-09-17,162667079.95
2010-09-18,151518867.62
2010-09-19,131801245.57
2010-09-20,153102932.78
2010-09-21,156865578.96999997
2010-09-22,159424151.62999997
2010-09-23,159574964.53
2010-09-24,157957408.10999998
2010-09-25,149498377.87999997
2010-09-26,133036518.98
2010-09-27,155445998.52
2010-09-28,158782567.07
2010-09-29,160699427.8
2010-09-30,161408105.01999998
2010-10-01,158844967.64999998
2010-10-02,150002267.1
2010-10-03,130533741.72
2010-10-04,153060509.15
2010-10-05,155745273.20999998
2010-10-06,158198935.07
2010-10-07,158333270.41999996
2010-10-08,159367489.21000004
2010-10-09,151959589.68000004
2010-10-10,135368602.48000002
2010-10-11,161238800.42
2010-10-12,167775731.44000003
2010-10-13,168816706.0
2010-10-14,169051788.36999997
2010-10-15,167400058.04999998
2010-10-16,155839506.45999998
2010-10-17,135479038.48
2010-10-18,136531410.95000002
2010-10-19,161002526.88
2010-10-20,162188116.73
2010-10-21,163551026.04999995
2010-10-22,165893534.46
2010-10-23,156030771.53
2010-10-24,138467141.1
2010-10-25,160436423.0
2010-10-26,164448962.26000002
2010-10-27,165736546.13999996
2010-10-28,164638008.65000004
2010-10-29,163916323.78000003
2010-10-30,155644187.45000002
2010-10-31,138339497.07000002
2010-11-01,140591830.47
2010-11-02,159384692.96000004
2010-11-03,159650927.30999997
2010-11-04,162487874.01999998
2010-11-05,164826283.60000002
2010-11-06,154065386.54
2010-11-07,137374656.88
2010-11-08,160038266.45999998
2010-11-09,163041594.22000003
2010-11-10,163787750.0
2010-11-11,164207461.63000003
2010-11-12,163665778.2
2010-11-13,154901577.39
2010-11-14,138017080.99
2010-11-15,141337214.70000002
2010-11-16,162133532.91
2010-11-17,164594002.94999996
2010-11-18,163941552.42999998
2010-11-19,163291762.92000002
2010-11-20,154975414.19000003
2010-11-21,140808029.85
2010-11-22,162195281.74
2010-11-23,165514481.22999996
2010-11-24,166317810.76000002
2010-11-25,165458077.22000003
2010-11-26,167206582.36
2010-11-27,159132555.76
2010-11-28,139956498.87
2010-11-29,163932409.28000003
2010-11-30,166447893.6
2010-12-01,166459944.88000003
2010-12-02,164980815.79
2010-12-03,163327033.4
2010-12-04,155534855.15
2010-12-05,139917131.03
2010-12-06,163368772.12000003
2010-12-07,165559089.92999998
2010-12-08,147328347.51999998
2010-12-09,164809235.7
2010-12-10,166863602.73000002
2010-12-11,159757714.96
2010-12-12,144051898.63999996
2010-12-13,164005887.43
2010-12-14,160715005.95999998
2010-12-15,164570864.47000003
2010-12-16,163431574.95
2010-12-17,165324216.6
2010-12-18,157311828.94
2010-12-19,142709489.51000002
2010-12-20,161893406.0
2010-12-21,162427504.29
2010-12-22,161547622.39999995
2010-12-23,159763420.8
2010-12-24,144148439.74
2010-12-25,123249822.88000001
2010-12-26,127699431.00000003
2010-12-27,153687521.88
2010-12-28,151884839.94
2010-12-29,152858657.98
2010-12-30,152604702.16000003
2010-12-31,137762963.14000002
2011-01-01,116040630.76
2011-01-02,119802775.25999999
2011-01-03,143660577.13
2011-01-04,146662549.93
2011-01-05,148455675.73
2011-01-06,151323757.48000002
2011-01-07,151775352.92
2011-01-08,148899571.10000002
2011-01-09,131873417.15999998
2011-01-10,136866354.54
2011-01-11,157367734.87
2011-01-12,163033259.9
2011-01-13,162956077.91000003
2011-01-14,163196651.23000002
2011-01-15,157478677.92
2011-01-16,141155076.95999998
2011-01-17,160705201.63
2011-01-18,165218438.62000003
2011-01-19,166217340.32000002
2011-01-20,164547468.24
2011-01-21,165628958.95999998
2011-01-22,157232581.64999998
2011-01-23,142019857.82
2011-01-24,162384638.64999998
2011-01-25,166316635.8
2011-01-26,164276360.17999998
2011-01-27,164642528.52999997
2011-01-28,163257868.33
2011-01-29,155348595.79999998
2011-01-30,138387986.22000003
2011-01-31,162638216.54
2011-02-01,164541050.85999998
2011-02-02,165937167.92999998
2011-02-03,168737315.82000005
2011-02-04,168020013.01000005
2011-02-05,158925195.67999998
2011-02-06,140719529.79
2011-02-07,161739783.25
2011-02-08,163797187.22000003
2011-02-09,164205751.96
2011-02-10,164204385.57000002
2011-02-11,165002916.76000002
2011-02-12,153856843.96000004
2011-02-13,137067576.97
2011-02-14,156208973.01000002
2011-02-15,159960470.13999996
2011-02-16,159315683.13000003
2011-02-17,156163134.58
2011-02-18,156322635.33999997
2011-02-19,149164680.94
2011-02-20,131669718.63
2011-02-21,157716387.71000004
2011-02-22,162898440.11
2011-02-23,161802059.21999997
2011-02-24,159801201.75
2011-02-25,159272954.61999997
2011-02-26,151456431.47
2011-02-27,132649256.49
2011-02-28,156323466.73
2011-03-01,158986009.21999997
2011-03-02,162170062.54000002
2011-03-03,161188231.24999997
2011-03-04,162503576.48000002
2011-03-05,154382216.68
2011-03-06,139529064.91
2011-03-07,162283161.41
2011-03-08,163489539.85999998
2011-03-09,163553807.96000004
2011-03-10,161649175.19000003
2011-03-11,164315046.75
2011-03-12,157186625.52
2011-03-13,139292279.74999997
2011-03-14,166620996.06999996
2011-03-15,166788016.16
2011-03-16,167706428.95999998
2011-03-17,166550135.65000004
2011-03-18,169396246.02999997
2011-03-19,153591886.90000004
2011-03-20,136245690.35000002
2011-03-21,139675913.76000002
2011-03-22,161077258.95999998
2011-03-23,160934477.26
2011-03-24,164981364.80999994
2011-03-25,166788475.36999997
2011-03-26,159180450.47
2011-03-27,143313570.81999996
2011-03-28,168743847.61
2011-03-29,172170503.70999998
2011-03-30,172054322.24000004
2011-03-31,169635551.16000003
2011-04-01,168870171.53999996
2011-04-02,156792437.74999997
2011-04-03,141544560.66
2011-04-04,166693614.53
2011-04-05,168303422.7
2011-04-06,163063822.26999998
2011-04-07,162335690.04999998
2011-04-08,161993799.21
2011-04-09,153018419.25000003
2011-04-10,133857044.3
2011-04-11,158536756.88000003
2011-04-12,160705362.63000003
2011-04-13,159958774.13000003
2011-04-14,161256940.5
2011-04-15,161121722.65999997
2011-04-16,150346200.89
2011-04-17,137979622.78000003
2011-04-18,157712135.89
2011-04-19,155965153.76
2011-04-20,154160828.39999998
2011-04-21,130165658.9
2011-04-22,118210996.27000001
2011-04-23,132959527.24000001
2011-04-24,128762042.18999998
2011-04-25,155279855.23999998
2011-04-26,158036833.42999995
2011-04-27,164355184.13
2011-04-28,160343505.43999997
2011-04-29,162450888.92999998
2011-04-30,152528073.75
2011-05-01,137861829.41
2011-05-02,158372123.59
2011-05-03,160142776.09000003
2011-05-04,161056199.68000004
2011-05-05,162126044.73000002
2011-05-06,164768557.67000002
2011-05-07,155554501.27
2011-05-08,135020920.33
2011-05-09,161694614.22999996
2011-05-10,164292439.96
2011-05-11,164185021.81999993
2011-05-12,164957637.87000003
2011-05-13,162626204.29999998
2011-05-14,150506722.58
2011-05-15,136910367.34
2011-05-16,158557855.1
2011-05-17,160304879.26999998
2011-05-18,159886238.06
2011-05-19,160756726.03
2011-05-20,162345302.04
2011-05-21,152270875.05999997
2011-05-22,132655292.43000002
2011-05-23,157965236.98000002
2011-05-24,162511821.5
2011-05-25,160819546.93999997
2011-05-26,162899753.67000002
2011-05-27,160443308.97000003
2011-05-28,148619533.48000002
2011-05-29,133087480.69
2011-05-30,161016351.00000003
2011-05-31,161616044.08
2011-06-01,158514943.9
2011-06-02,158726714.86
2011-06-03,158353121.77
2011-06-04,148913651.55
2011-06-05,130373233.20999998
2011-06-06,134676461.26000002
2011-06-07,157924837.61999997
2011-06-08,161552561.23999998
2011-06-09,162495749.61999997
2011-06-10,165948856.01000002
2011-06-11,154310196.77000004
2011-06-12,139356499.75999996
2011-06-13,165305244.05000004
2011-06-14,167389559.0
2011-06-15,166595202.78
2011-06-16,162174304.01999998
2011-06-17,164047076.97
2011-06-18,154266347.19
2011-06-19,132788432.19999999
2011-06-20,161223745.27000004
2011-06-21,165378305.45000002
2011-06-22,166950100.58999997
2011-06-23,163803127.5
2011-06-24,160293402.56
2011-06-25,151025845.82000002
2011-06-26,131437138.70999998
2011-06-27,135595967.9
2011-06-28,160982429.35
2011-06-29,165024465.45999998
2011-06-30,162235484.18
2011-07-01,158636909.82000002
2011-07-02,147979393.26999998
2011-07-03,129646803.91
2011-07-04,132371618.93999998
2011-07-05,157394958.97000003
2011-07-06,161704589.96000004
2011-07-07,159880830.56000003
2011-07-08,161998589.38000003
2011-07-09,152776671.49
2011-07-10,136257397.15
2011-07-11,161736311.1
2011-07-12,164503646.68
2011-07-13,160338932.01999998
2011-07-14,157710115.86
2011-07-15,157699685.60999998
2011-07-16,150170051.3
2011-07-17,134082688.14999998
2011-07-18,159114387.04999998
2011-07-19,162456467.42
2011-07-20,145989078.16
2011-07-21,164223183.64999998
2011-07-22,166005716.31
2011-07-23,155170283.52999997
2011-07-24,138666345.30999997
2011-07-25,163941270.58
2011-07-26,164830252.33
2011-07-27,166626149.82000005
2011-07-28,164280218.72
2011-07-29,159937000.23000002
2011-07-30,146817963.97
2011-07-31,132341159.57999995
2011-08-01,157497608.60000002
2011-08-02,162420547.70999995
2011-08-03,163881826.54999998
2011-08-04,163848529.68
2011-08-05,165197387.19
2011-08-06,155848413.42999998
2011-08-07,137773398.24
2011-08-08,166612426.18000004
2011-08-09,168247615.66000006
2011-08-10,168457595.79
2011-08-11,167906086.34
2011-08-12,163591642.1
2011-08-13,154831237.91
2011-08-14,135638487.48
2011-08-15,139608143.10999998
2011-08-16,162670227.11000004
2011-08-17,166653232.83
2011-08-18,166999355.65
2011-08-19,166921688.83
2011-08-20,155717080.48
2011-08-21,138182033.26
2011-08-22,164161967.7
2011-08-23,165494148.33
2011-08-24,165176088.10999998
2011-08-25,167149944.77999997
2011-08-26,167867040.5
2011-08-27,155626535.10999998
2011-08-28,139038297.86
2011-08-29,162765533.58
2011-08-30,167967839.35
2011-08-31,167678098.04999998
2011-09-01,165109641.99
2011-09-02,163188264.93
2011-09-03,152322114.35999998
2011-09-04,134995836.15
2011-09-05,164616858.02
2011-09-06,168732342.01999995
2011-09-07,169129235.32000002
2011-09-08,166305433.72000003
2011-09-09,164939678.23
2011-09-10,153828586.08
2011-09-11,136297362.82999998
2011-09-12,164781183.21
2011-09-13,170081449.38000003
2011-09-14,170028718.06999996
2011-09-15,172060556.65000004
2011-09-16,169980575.75
2011-09-17,160336027.22
2011-09-18,141933194.77999997
2011-09-19,166614350.99
2011-09-20,166229443.48999998
2011-09-21,167398044.10999998
2011-09-22,170699071.13
2011-09-23,173861560.69
2011-09-24,165278235.02
2011-09-25,139845435.29000002
2011-09-26,163269701.39999998
2011-09-27,165234358.59999993
2011-09-28,169840712.41999996
2011-09-29,168272239.64
2011-09-30,166808993.78
2011-10-01,156060941.95
2011-10-02,141016813.76
2011-10-03,166242044.91999996
2011-10-04,167277863.54999998
2011-10-05,165742574.18
2011-10-06,166830252.35
2011-10-07,166985810.61
2011-10-08,154819254.72
2011-10-09,137070494.64
2011-10-10,162351270.8
2011-10-11,163099455.95000002
2011-10-12,163261040.62000006
2011-10-13,164474265.52
2011-10-14,168869213.19
2011-10-15,157528686.26999998
2011-10-16,139144645.36999997
2011-10-17,145033257.36
2011-10-18,160162806.92000002
2011-10-19,169660365.77
2011-10-20,168257142.85
2011-10-21,166345601.26999998
2011-10-22,157722297.46000004
2011-10-23,143541907.34
2011-10-24,168073103.01999992
2011-10-25,173240922.78000003
2011-10-26,170601690.42000002
2011-10-27,170964522.18000004
2011-10-28,170315742.78
2011-10-29,152116485.52999997
2011-10-30,131116498.99
2011-10-31,159420920.81999996
2011-11-01,166212469.95000005
2011-11-02,167483756.35999995
2011-11-03,168659954.44000003
2011-11-04,170085436.79000002
2011-11-05,161170864.33
2011-11-06,145543962.40000004
2011-11-07,148586225.82999995
2011-11-08,169604931.92999998
2011-11-09,169849607.99000004
2011-11-10,167043317.37
2011-11-11,167901982.09
2011-11-12,155424437.88
2011-11-13,136219190.27
2011-11-14,147025356.75
2011-11-15,168398654.57
2011-11-16,172527343.3
2011-11-17,172208266.03999996
2011-11-18,170780120.14
2011-11-19,164638118.33999997
2011-11-20,148316189.49000004
2011-11-21,172700566.64000002
2011-11-22,174590198.27
2011-11-23,174943150.94
2011-11-24,172931853.82999998
2011-11-25,175623866.62000003
2011-11-26,166365165.82
2011-11-27,149334177.38
2011-11-28,170674970.52
2011-11-29,166048908.85000002
2011-11-30,161824262.35999998
2011-12-01,161092100.87000003
2011-12-02,167327182.24999997
2011-12-03,159327654.9
2011-12-04,147372676.95
2011-12-05,170225062.76
2011-12-06,172677882.83
2011-12-07,172025000.06000003
2011-12-08,153389905.59
2011-12-09,171845282.26999998
2011-12-10,166721528.9
2011-12-11,151364266.73
2011-12-12,169662328.89
2011-12-13,174912867.26999998
2011-12-14,165771456.14999998
2011-12-15,163105413.81000003
2011-12-16,161575304.05000004
2011-12-17,151025040.73
2011-12-18,138648285.54999998
2011-12-19,161827899.86
2011-12-20,164143211.05999997
2011-12-21,164633063.06999996
2011-12-22,165186878.35000002
2011-12-23,161583728.85
2011-12-24,144011563.25999996
2011-12-25,125640979.32000001
2011-12-26,154777958.12000003
2011-12-27,158222307.10000002
2011-12-28,160182038.10999998
2011-12-29,158571210.26999998
2011-12-30,154102655.0
2011-12-31,139533814.82
2012-01-01,120802656.75
2012-01-02,144414340.24
2012-01-03,152169073.69999996
2012-01-04,154309483.65
2012-01-05,155173077.66000003
2012-01-06,155960065.76
2012-01-07,149353391.49
2012-01-08,133142861.27999997
2012-01-09,135587239.05
2012-01-10,158646401.0
2012-01-11,160899397.51
2012-01-12,163935912.26
2012-01-13,164974244.52000004
2012-01-14,155099679.32
2012-01-15,137077828.82
2012-01-16,159524218.85
2012-01-17,160724852.85
2012-01-18,161410316.5
2012-01-19,160507942.23000002
2012-01-20,160589807.52
2012-01-21,151650896.14000002
2012-01-22,134765875.16
2012-01-23,159367614.86
2012-01-24,159976386.07999998
2012-01-25,161464906.66
2012-01-26,161534175.16
2012-01-27,162055218.56
2012-01-28,153673643.02
2012-01-29,136349256.44
2012-01-30,159375389.83
2012-01-31,161871154.23000002
2012-02-01,160108487.46
2012-02-02,161902965.29000002
2012-02-03,162023206.26000002
2012-02-04,153718243.68
2012-02-05,135395541.15
2012-02-06,159923475.04999998
2012-02-07,162496487.68
2012-02-08,162966635.23999998
2012-02-09,162486371.67999998
2012-02-10,163132679.47999996
2012-02-11,153885648.02
2012-02-12,135905578.26
2012-02-13,161849670.69
2012-02-14,163829236.78
2012-02-15,162644443.66999996
2012-02-16,162952947.54999998
2012-02-17,162250515.5
2012-02-18,152333144.37
2012-02-19,134820973.52999997
2012-02-20,157949317.59
2012-02-21,161913290.48999998
2012-02-22,164277346.38999996
2012-02-23,164899125.34000003
2012-02-24,166356889.2
2012-02-25,156305102.79
2012-02-26,139534583.26
2012-02-27,164172109.36
2012-02-28,166533341.69
2012-02-29,166119312.99
2012-03-01,166177865.81000003
2012-03-02,168375018.79
2012-03-03,157289199.35999998
2012-03-04,140608474.23999998
2012-03-05,165426168.89000002
2012-03-06,167526293.52000004
2012-03-07,168957065.67999998
2012-03-08,168000195.48999998
2012-03-09,167640535.49
2012-03-10,157015450.83
2012-03-11,139891370.35999998
2012-03-12,164714138.3
2012-03-13,165140886.69
2012-03-14,166291168.05
2012-03-15,169182285.52
2012-03-16,168593317.92000002
2012-03-17,156337141.06
2012-03-18,137153181.38999996
2012-03-19,140519703.91000003
2012-03-20,163559124.95
2012-03-21,165614562.43
2012-03-22,164950688.97
2012-03-23,165777062.6
2012-03-24,156063886.63
2012-03-25,138835368.53
2012-03-26,163922371.43
2012-03-27,166678117.19000003
2012-03-28,167369142.82999998
2012-03-29,168955791.75999996
2012-03-30,167316067.02
2012-03-31,158046389.84999993
2012-04-01,141253224.22
2012-04-02,163276199.32000002
2012-04-03,163712816.36
2012-04-04,160582274.39
2012-04-05,136253546.39999998
2012-04-06,124105908.78000002
2012-04-07,137361175.60000002
2012-04-08,133129554.82000002
2012-04-09,160141485.36999997
2012-04-10,165892362.26000002
2012-04-11,166090069.20000005
2012-04-12,162443887.91
2012-04-13,162700741.57
2012-04-14,156509066.24
2012-04-15,140463295.69
2012-04-16,164363446.48
2012-04-17,166516220.40999997
2012-04-18,164247588.14
2012-04-19,164328397.62
2012-04-20,166247014.07
2012-04-21,156498552.12999997
2012-04-22,140436053.98000002
2012-04-23,164249660.14000002
2012-04-24,165986148.26000002
2012-04-25,167373279.57999998
2012-04-26,168871465.01999998
2012-04-27,167330090.44
2012-04-28,158116219.05000004
2012-04-29,139517845.47
2012-04-30,161553949.79000002
2012-05-01,140022216.20999998
2012-05-02,160932241.24000004
2012-05-03,165026323.74
2012-05-04,162712795.92000002
2012-05-05,153675206.89999998
2012-05-06,138642389.88
2012-05-07,160909844.26000002
2012-05-08,165142295.75
2012-05-09,166065987.22
2012-05-10,168046970.54
2012-05-11,168770933.87
2012-05-12,158542086.37999994
2012-05-13,138178900.48999998
2012-05-14,163974563.07000002
2012-05-15,168755411.61
2012-05-16,171016161.04999998
2012-05-17,170981079.71999997
2012-05-18,170931042.75999996
2012-05-19,159110664.95000002
2012-05-20,136797321.64
2012-05-21,142597571.82999995
2012-05-22,165876058.92000002
2012-05-23,168514379.82000002
2012-05-24,171245998.2
2012-05-25,170044500.31
2012-05-26,161129933.28
2012-05-27,142763167.34
2012-05-28,169394011.86999997
2012-05-29,171135224.03000003
2012-05-30,170130961.27
2012-05-31,171036071.0
2012-06-01,168550989.46000007
2012-06-02,159486619.08000004
2012-06-03,143081879.78999996
2012-06-04,167913068.14999995
2012-06-05,170544733.04999998
2012-06-06,173399205.82999998
2012-06-07,174277437.10000002
2012-06-08,170948387.51999998
2012-06-09,161717578.18
2012-06-10,144853046.07999998
2012-06-11,145867073.42
2012-06-12,165758786.19000003
2012-06-13,168352305.54000002
2012-06-14,168095851.71999997
2012-06-15,169527555.38
2012-06-16,155355748.85000002
2012-06-17,134518313.37
2012-06-18,142682386.54999995
2012-06-19,168830441.11999997
2012-06-20,170632607.32999998
2012-06-21,166598885.71
2012-06-22,170554839.29999998
2012-06-23,160780860.41999996
2012-06-24,138750832.85999998
2012-06-25,161843838.72
2012-06-26,164529176.66
2012-06-27,165249295.89
2012-06-28,167276192.93999997
2012-06-29,165668641.50000003
2012-06-30,153720681.60999998
2012-07-01,134943785.65
2012-07-02,141253337.84000003
2012-07-03,163080559.46
2012-07-04,165330149.32
2012-07-05,168169515.40999997
2012-07-06,168138587.93000004
2012-07-07,159529062.16
2012-07-08,142232696.04999998
2012-07-09,170152083.58
2012-07-10,171443594.97
2012-07-11,170606686.02
2012-07-12,169351432.67999998
2012-07-13,167072568.14999998
2012-07-14,155353935.52999997
2012-07-15,139608793.39
2012-07-16,164547345.44
2012-07-17,169755479.78
2012-07-18,167138727.53000003
2012-07-19,168875529.25999996
2012-07-20,150684421.92999998
2012-07-21,154643887.26999998
2012-07-22,141238500.38
2012-07-23,167139887.98
2012-07-24,168638415.64000005
2012-07-25,171514982.12000003
2012-07-26,173425191.44
2012-07-27,173210519.93
2012-07-28,161659906.34
2012-07-29,144960451.63
2012-07-30,166213144.73000002
2012-07-31,168041943.54
2012-08-01,167428386.46
2012-08-02,169598902.6
2012-08-03,170070060.57999998
2012-08-04,160475275.2
2012-08-05,140857867.31
2012-08-06,163419809.88000003
2012-08-07,150192449.01000002
2012-08-08,170646449.88
2012-08-09,170287790.51
2012-08-10,171096032.32000002
2012-08-11,160374884.26000002
2012-08-12,142477197.57999998
2012-08-13,166153907.71
2012-08-14,165260500.28000003
2012-08-15,168403297.07
2012-08-16,170399489.14000002
2012-08-17,168062174.91
2012-08-18,157145782.01
2012-08-19,141050214.0
2012-08-20,142508282.10999998
2012-08-21,167882363.16
2012-08-22,169843099.85000005
2012-08-23,168892144.41
2012-08-24,168556244.62
2012-08-25,158717817.02
2012-08-26,142489497.32999998
2012-08-27,167764735.59000003
2012-08-28,170689948.06000003
2012-08-29,173517910.65999997
2012-08-30,171916545.13000003
2012-08-31,170704506.42
2012-09-01,159473459.87000003
2012-09-02,142915994.97999996
2012-09-03,167890800.34
2012-09-04,170061359.55999997
2012-09-05,170075088.65000004
2012-09-06,170818711.33
2012-09-07,174962991.12
2012-09-08,164843755.79000002
2012-09-09,147198426.73
2012-09-10,174057777.21
2012-09-11,176360589.18
2012-09-12,175621991.87
2012-09-13,176742415.58000004
2012-09-14,177070481.09000003
2012-09-15,168118867.72
2012-09-16,148977762.93
2012-09-17,173399995.25
2012-09-18,178089343.07
2012-09-19,178626276.96
2012-09-20,180700958.34
2012-09-21,179379655.18
2012-09-22,165767700.35999998
2012-09-23,150802738.27
2012-09-24,172307982.88
2012-09-25,172849239.62
2012-09-26,174946817.32
2012-09-27,175627868.76999998
2012-09-28,176248052.42000002
2012-09-29,167084569.70000002
2012-09-30,148005251.82000002
2012-10-01,171824859.67000002
2012-10-02,174097677.56000003
2012-10-03,175368239.17999998
2012-10-04,176555363.58
2012-10-05,171201809.52
2012-10-06,157545730.15
2012-10-07,140148503.53
2012-10-08,163587327.75000003
2012-10-09,169507205.47000003
2012-10-10,170129047.60999998
2012-10-11,172663991.91
2012-10-12,169722002.64999998
2012-10-13,158639067.35
2012-10-14,138135683.45000002
2012-10-15,141621465.76000002
2012-10-16,164280803.89000002
2012-10-17,164120964.33
2012-10-18,164869521.73000002
2012-10-19,163269784.26000002
2012-10-20,156678645.98999998
2012-10-21,139944474.09000003
2012-10-22,163570587.31
2012-10-23,165514034.35000005
2012-10-24,165885468.26000002
2012-10-25,168576952.2
2012-10-26,169290635.77
2012-10-27,161685926.09
2012-10-28,145098197.54000002
2012-10-29,169100301.46
2012-10-30,169035617.27
2012-10-31,168272514.68
2012-11-01,170550707.25999996
2012-11-02,172989447.25000003
2012-11-03,162412646.42
2012-11-04,143277439.40999997
2012-11-05,148242760.87000003
2012-11-06,170349847.02000004
2012-11-07,171260194.19
2012-11-08,172609632.64
2012-11-09,174809002.54999998
2012-11-10,164321690.04
2012-11-11,144732646.89
2012-11-12,149546222.79000002
2012-11-13,170838139.66000003
2012-11-14,174490449.69000003
2012-11-15,171450960.13000003
2012-11-16,171808137.33
2012-11-17,162776713.86
2012-11-18,144017839.23000002
2012-11-19,171635170.17000002
2012-11-20,174567245.30000004
2012-11-21,172507094.36
2012-11-22,171242476.57999998
2012-11-23,171244275.18
2012-11-24,162702282.59
2012-11-25,146601451.68999997
2012-11-26,171578462.60000002
2012-11-27,175328094.68
2012-11-28,173374145.43
2012-11-29,174145014.79000002
2012-11-30,172302224.56999996
2012-12-01,160013149.32
2012-12-02,143757665.68999997
2012-12-03,167940651.93
2012-12-04,172786720.73000002
2012-12-05,172483980.10999995
2012-12-06,173893739.79
2012-12-07,171660854.48000002
2012-12-08,154413527.36999997
2012-12-09,149196929.66000003
2012-12-10,173536995.47
2012-12-11,176599381.19
2012-12-12,175863646.36999995
2012-12-13,174531726.89
2012-12-14,171527791.17000002
2012-12-15,160095741.82999998
2012-12-16,146080106.82
2012-12-17,168840323.66000003
2012-12-18,169290346.20999998
2012-12-19,173324399.59999996
2012-12-20,172586598.39
2012-12-21,170138627.26
2012-12-22,160102720.14000005
2012-12-23,143681294.87999997
2012-12-24,145914080.04
2012-12-25,129550340.38999999
2012-12-26,160451020.80999997
2012-12-27,162723883.89000002
2012-12-28,164842780.51
2012-12-29,154779486.27
2012-12-30,142108845.36
2012-12-31,141465299.61999997
2013-01-01,123639155.14
2013-01-02,149866069.17999998
2013-01-03,157917961.76
2013-01-04,160414056.24999997
2013-01-05,154596256.19999996
2013-01-06,139633648.01999998
2013-01-07,141737929.06999996
2013-01-08,163473625.75
2013-01-09,166702754.88
2013-01-10,168477215.63000003
2013-01-11,168300595.16000003
2013-01-12,158874825.82999998
2013-01-13,142577581.86999997
2013-01-14,165502885.75000003
2013-01-15,167668757.55
2013-01-16,168953596.82
2013-01-17,170526191.76999998
2013-01-18,170907588.48000002
2013-01-19,160651198.0
2013-01-20,144605283.79
2013-01-21,170816975.0
2013-01-22,173603806.04999998
2013-01-23,174263133.10999998
2013-01-24,171858353.36
2013-01-25,171752436.10000005
2013-01-26,161381105.72
2013-01-27,144349757.64000002
2013-01-28,170545286.87999997
2013-01-29,173381030.45000002
2013-01-30,174792907.39999998
2013-01-31,175433174.34000003
2013-02-01,170958790.17999998
2013-02-02,158546283.42000005
2013-02-03,141607128.36
2013-02-04,168701562.49
2013-02-05,171336801.56
2013-02-06,174022737.05000004
2013-02-07,174343915.24999997
2013-02-08,174232584.04000002
2013-02-09,161486392.45
2013-02-10,143078676.85
2013-02-11,166910777.91
2013-02-12,169713590.56000003
2013-02-13,172917664.17999998
2013-02-14,175313417.09
2013-02-15,176827614.61
2013-02-16,166834475.53000003
2013-02-17,145420392.04999998
2013-02-18,167945955.48000002
2013-02-19,172947199.49
2013-02-20,177700123.69000003
2013-02-21,175199071.21999997
2013-02-22,176758530.17999998
2013-02-23,163619917.08
2013-02-24,145880852.83
2013-02-25,173463396.79000002
2013-02-26,178267031.98000002
2013-02-27,179328895.48
2013-02-28,177290758.7
2013-03-01,174336892.76000002
2013-03-02,164404689.73999998
2013-03-03,146291355.99000004
2013-03-04,166550198.75000003
2013-03-05,173929892.09
2013-03-06,175641065.85
2013-03-07,175477086.38
2013-03-08,175345618.70000002
2013-03-09,166521499.64999998
2013-03-10,148498591.12
2013-03-11,170662349.8
2013-03-12,173511153.14000002
2013-03-13,177781544.06
2013-03-14,178004819.90000004
2013-03-15,175192698.64
2013-03-16,167149343.7
2013-03-17,150249381.95000002
2013-03-18,174110773.24999994
2013-03-19,178809159.67999998
2013-03-20,176270777.22999996
2013-03-21,174315485.27999994
2013-03-22,174498745.77
2013-03-23,163140569.55
2013-03-24,147907321.46
2013-03-25,152790611.51999998
2013-03-26,167773442.55999997
2013-03-27,165364125.03
2013-03-28,142027482.2
2013-03-29,134713191.51
2013-03-30,148285171.95000002
2013-03-31,142614974.76
2013-04-01,174129170.39000002
2013-04-02,177039044.31000003
2013-04-03,177681048.48000005
2013-04-04,177759988.98
2013-04-05,177726942.46000004
2013-04-06,167994553.38000003
2013-04-07,151604341.88
2013-04-08,177117771.45000002
2013-04-09,178929818.62999997
2013-04-10,178978288.73
2013-04-11,179815804.60999998
2013-04-12,180643722.78000006
2013-04-13,171551804.94
2013-04-14,152370427.98000002
2013-04-15,176975879.76
2013-04-16,180353509.47999996
2013-04-17,179416618.11999997
2013-04-18,179892011.4
2013-04-19,175783644.79000002
2013-04-20,165980627.31
2013-04-21,146075750.91
2013-04-22,173739218.53000006
2013-04-23,174704803.24999997
2013-04-24,175542093.68999997
2013-04-25,177608722.58999997
2013-04-26,174987940.64
2013-04-27,164115138.26
2013-04-28,146260867.87
2013-04-29,171280372.37
2013-04-30,174371176.47000003
2013-05-01,151855657.64999998
2013-05-02,171840164.29
2013-05-03,175767004.34999996
2013-05-04,169193055.62
2013-05-05,147256266.36000004
2013-05-06,174701254.31000003
2013-05-07,175564338.35
2013-05-08,178982414.66999996
2013-05-09,177885247.88
2013-05-10,178750815.15000004
2013-05-11,168346383.73999998
2013-05-12,147173286.88000003
2013-05-13,155573127.31
2013-05-14,180418461.21
2013-05-15,180317062.05999997
2013-05-16,181553623.86999997
2013-05-17,180345870.69
2013-05-18,175245008.50000003
2013-05-19,153936001.01
2013-05-20,176643157.85999998
2013-05-21,176910866.60000005
2013-05-22,173817729.40999997
2013-05-23,173327064.86999997
2013-05-24,176567235.94
2013-05-25,169539410.47
2013-05-26,151034199.3
2013-05-27,173579190.57
2013-05-28,179431529.93999997
2013-05-29,174066625.00000003
2013-05-30,177785027.3
2013-05-31,175636793.26999995
2013-06-01,162926741.7
2013-06-02,147198766.10999998
2013-06-03,150066016.25
2013-06-04,174619564.03000003
2013-06-05,173447216.17
2013-06-06,175564739.54000002
2013-06-07,176878172.78999996
2013-06-08,167980718.65
2013-06-09,147774686.95999998
2013-06-10,150976914.25
2013-06-11,171220021.42
2013-06-12,172815125.76000002
2013-06-13,175130426.98000002
2013-06-14,170637436.45999998
2013-06-15,162990387.08000004
2013-06-16,146577359.70999998
2013-06-17,172037895.53
2013-06-18,178165786.92999998
2013-06-19,174628650.82000005
2013-06-20,174564510.61999997
2013-06-21,175560289.77
2013-06-22,166105632.47000003
2013-06-23,148188036.26999998
2013-06-24,169736016.84999996
2013-06-25,173391638.34999996
2013-06-26,175725314.12999997
2013-06-27,176742542.76999998
2013-06-28,171300040.84
2013-06-29,159674206.79999995
2013-06-30,141825158.86
2013-07-01,142467196.64999998
2013-07-02,166346722.41
2013-07-03,174270815.25
2013-07-04,176440014.18999997
2013-07-05,175207629.06
2013-07-06,166139224.64999998
2013-07-07,148036313.11999997
2013-07-08,174684885.90999997
2013-07-09,174936205.12
2013-07-10,172256083.68
2013-07-11,172157545.8
2013-07-12,174445714.28000003
2013-07-13,165289128.07000002
2013-07-14,149755272.2
2013-07-15,175810889.72
2013-07-16,178886829.47
2013-07-17,179155871.76000002
2013-07-18,179339989.78000003
2013-07-19,175720675.56000003
2013-07-20,154013745.69000003
2013-07-21,147529193.12
2013-07-22,175383147.32
2013-07-23,178216530.11
2013-07-24,179600126.43
2013-07-25,181266590.06000003
2013-07-26,178185435.07000002
2013-07-27,165267963.26
2013-07-28,150538897.75000003
2013-07-29,173898690.41
2013-07-30,176344968.72
2013-07-31,176764076.75999996
2013-08-01,175128878.54
2013-08-02,175748088.5
2013-08-03,166365588.85999995
2013-08-04,149757474.2
2013-08-05,176956801.07
2013-08-06,179653793.17999995
2013-08-07,159633395.65
2013-08-08,174498848.06
2013-08-09,175598433.33999997
2013-08-10,163234255.36999997
2013-08-11,144842842.14999998
2013-08-12,167905975.29999998
2013-08-13,171962506.07999998
2013-08-14,175879376.26
2013-08-15,177818081.45999998
2013-08-16,176959896.83
2013-08-17,163955713.65
2013-08-18,145830984.82
2013-08-19,150890080.73000002
2013-08-20,173144512.26000002
2013-08-21,174755523.39
2013-08-22,175925873.15
2013-08-23,174838294.27000004
2013-08-24,162602589.29000002
2013-08-25,147693131.13000003
2013-08-26,169239781.45999998
2013-08-27,168190895.73000002
2013-08-28,170420998.29
2013-08-29,169184362.54
2013-08-30,167550275.32999998
2013-08-31,160188488.77
2013-09-01,142096616.72000003
2013-09-02,168490205.19000003
2013-09-03,170491647.38999993
2013-09-04,172511712.69
2013-09-05,174542753.83999997
2013-09-06,173082161.06
2013-09-07,164695349.64999998
2013-09-08,146722924.21999997
2013-09-09,171965753.07999998
2013-09-10,174493460.23999998
2013-09-11,172038571.95000002
2013-09-12,173752511.30999997
2013-09-13,175228036.69000003
2013-09-14,164436109.69
2013-09-15,149490942.39000002
2013-09-16,175321688.74000004
2013-09-17,177021941.39999995
2013-09-18,175073378.11
2013-09-19,171829300.88
2013-09-20,178176170.66000003
2013-09-21,167116233.49
2013-09-22,150810401.54999998
2013-09-23,178182898.56
2013-09-24,180773461.54
2013-09-25,182012112.33999997
2013-09-26,176992542.79
2013-09-27,176316454.78
2013-09-28,162233846.38
2013-09-29,144721679.55000004
2013-09-30,167673456.50999996
2013-10-01,171841628.31000003
2013-10-02,174876569.49
2013-10-03,177088960.06999996
2013-10-04,171074823.81000003
2013-10-05,162789432.67
2013-10-06,148625875.46999997
2013-10-07,171718250.35
2013-10-08,173959247.21
2013-10-09,176527830.21
2013-10-10,178053298.63
2013-10-11,174980415.09000003
2013-10-12,165247630.95000002
2013-10-13,144606310.16999996
2013-10-14,147428722.7
2013-10-15,169997025.86
2013-10-16,168409795.78
2013-10-17,168893159.48000002
2013-10-18,174033030.77000004
2013-10-19,165419783.09000003
2013-10-20,148167812.29
2013-10-21,171506714.52999997
2013-10-22,170944789.86
2013-10-23,174742096.73
2013-10-24,175091923.17999998
2013-10-25,176613361.29
2013-10-26,165452461.0
2013-10-27,150585889.02999997
2013-10-28,176102244.03000003
2013-10-29,179588724.1
2013-10-30,177704998.36999997
2013-10-31,173633823.49
2013-11-01,171859038.26
2013-11-02,161976258.13
2013-11-03,143377182.58000004
2013-11-04,147469441.41
2013-11-05,171291315.83999997
2013-11-06,171921870.90999997
2013-11-07,171932459.31
2013-11-08,173962793.03
2013-11-09,165786861.99
2013-11-10,147130208.81
2013-11-11,154244804.63000003
2013-11-12,176915235.79999995
2013-11-13,179899516.35999998
2013-11-14,178168499.86
2013-11-15,179611106.32999995
2013-11-16,170453697.01
2013-11-17,153254286.44
2013-11-18,176978380.64000005
2013-11-19,178139880.36999997
2013-11-20,175830141.92
2013-11-21,178680587.20999998
2013-11-22,178613492.70000002
2013-11-23,170470745.24
2013-11-24,150962327.98
2013-11-25,174065488.24
2013-11-26,177270281.45
2013-11-27,176698248.79000002
2013-11-28,179546265.93
2013-11-29,177952800.19
2013-11-30,165861790.64000002
2013-12-01,147893165.45
2013-12-02,171780177.03
2013-12-03,175058030.31
2013-12-04,174976293.64000002
2013-12-05,180832600.69
2013-12-06,181259325.14
2013-12-07,170088781.27999997
2013-12-08,151535985.94000003
2013-12-09,176658494.01000002
2013-12-10,180144308.60000002
2013-12-11,182850788.81000006
2013-12-12,183742904.08999997
2013-12-13,181023847.33000004
2013-12-14,168523004.81
2013-12-15,153433467.82999998
2013-12-16,177028644.91
2013-12-17,179571867.45999998
2013-12-18,180210022.14000002
2013-12-19,181376615.86999997
2013-12-20,177886656.46
2013-12-21,168447669.80999997
2013-12-22,155383496.95
2013-12-23,171330100.01000002
2013-12-24,158217551.04000002
2013-12-25,136922418.64000002
2013-12-26,166202722.5
2013-12-27,172531206.07
2013-12-28,165612634.24
2013-12-29,154839747.16
2013-12-30,166967985.46
2013-12-31,155985850.05
2014-01-01,131444797.27
2014-01-02,156948421.1
2014-01-03,165506671.36999997
2014-01-04,161152968.7
2014-01-05,144478945.72
2014-01-06,147006372.55
2014-01-07,163750976.59
2014-01-08,165485484.16
2014-01-09,166251955.49
2014-01-10,170257043.29000002
2014-01-11,164386598.82999998
2014-01-12,146099446.17999998
2014-01-13,173785952.85999998
2014-01-14,178745766.08
2014-01-15,177658716.61999997
2014-01-16,179052213.16
2014-01-17,179816226.66
2014-01-18,169037833.73999998
2014-01-19,152245655.61
2014-01-20,177690592.09
2014-01-21,181873051.0
2014-01-22,178578822.08
2014-01-23,179771008.42
2014-01-24,180377775.67999998
2014-01-25,172321238.05
2014-01-26,154085893.89
2014-01-27,181161219.57
2014-01-28,184164908.35999998
2014-01-29,183127735.25
2014-01-30,181101774.81000003
2014-01-31,179811493.61999997
2014-02-01,169647901.81
2014-02-02,150339779.72
2014-02-03,177464976.51000002
2014-02-04,180436101.16
2014-02-05,178531225.95999995
2014-02-06,179014852.86
2014-02-07,181018644.81000003
2014-02-08,171672424.78000003
2014-02-09,154828938.77
2014-02-10,179606133.23
2014-02-11,181111317.96
2014-02-12,182054352.30999997
2014-02-13,181586397.42999998
2014-02-14,180851943.9
2014-02-15,172210551.15999997
2014-02-16,153061423.79
2014-02-17,179227208.59
2014-02-18,180394750.89000002
2014-02-19,180722875.61999995
2014-02-20,181805041.92000002
2014-02-21,180921874.53000003
2014-02-22,170975436.48
2014-02-23,154583581.99
2014-02-24,178552123.85999998
2014-02-25,181336714.25000003
2014-02-26,180823734.6
2014-02-27,180716224.82
2014-02-28,179317609.92000002
2014-03-01,167092872.99999997
2014-03-02,147914132.6
2014-03-03,170207278.82
2014-03-04,173850854.94000003
2014-03-05,179306784.08
2014-03-06,180125774.88999996
2014-03-07,180908668.58
2014-03-08,170915397.67999998
2014-03-09,147917407.42
2014-03-10,172334023.30999997
2014-03-11,177213124.87999997
2014-03-12,176043708.32999998
2014-03-13,177910916.20000002
2014-03-14,177986477.59
2014-03-15,165532880.72
2014-03-16,147366151.08
2014-03-17,176477525.78
2014-03-18,179724601.87999997
2014-03-19,180648298.49
2014-03-20,182909788.72
2014-03-21,182912601.46999997
2014-03-22,172942482.36000004
2014-03-23,153450201.77
2014-03-24,155958617.99
2014-03-25,175450822.44000006
2014-03-26,178753999.81999996
2014-03-27,179626305.57000002
2014-03-28,179495097.73
2014-03-29,171098762.01999998
2014-03-30,151238803.89999998
2014-03-31,175003806.78
2014-04-01,178667641.57999995
2014-04-02,179510623.97
2014-04-03,179574373.84999996
2014-04-04,179507361.70999998
2014-04-05,168851135.68000004
2014-04-06,151885792.32999998
2014-04-07,178641939.39999998
2014-04-08,183216573.50999996
2014-04-09,182348802.67999998
2014-04-10,182357730.9
2014-04-11,183764831.13
2014-04-12,172366368.12
2014-04-13,154670739.97000003
2014-04-14,179393620.28
2014-04-15,177626675.08000004
2014-04-16,172115362.51
2014-04-17,146229371.81
2014-04-18,136820823.14999998
2014-04-19,150372226.25
2014-04-20,146817566.9
2014-04-21,176475491.48
2014-04-22,177591221.14999998
2014-04-23,179632444.22999996
2014-04-24,176065805.65
2014-04-25,180415463.14000005
2014-04-26,168517047.95000002
2014-04-27,152544985.85999998
2014-04-28,181706247.2
2014-04-29,183044800.37000003
2014-04-30,181449270.82000002
2014-05-01,157269824.72000003
2014-05-02,176252334.32
2014-05-03,169018132.4
2014-05-04,151855783.67
2014-05-05,176275754.09000003
2014-05-06,180293767.64000002
2014-05-07,177907511.82999998
2014-05-08,180241511.35999998
2014-05-09,178207763.58
2014-05-10,167652222.21
2014-05-11,147626737.08999997
2014-05-12,177044610.04999998
2014-05-13,181362853.12
2014-05-14,182065908.31999996
2014-05-15,179224944.89000002
2014-05-16,179530827.35999998
2014-05-17,169649390.30999994
2014-05-18,151637785.24999997
2014-05-19,176775536.35000002
2014-05-20,178415330.92000002
2014-05-21,177535164.28
2014-05-22,179630291.81000003
2014-05-23,179621696.57
2014-05-24,169762779.75000003
2014-05-25,152654097.0
2014-05-26,176962432.75
2014-05-27,178752576.79000002
2014-05-28,178998954.81999996
2014-05-29,178298905.41
2014-05-30,178584607.83
2014-05-31,169937668.66
2014-06-01,151167028.08
2014-06-02,153971843.23000002
2014-06-03,178726578.28999996
2014-06-04,182033857.13
2014-06-05,182443644.23000005
2014-06-06,184459043.35000002
2014-06-07,172051306.37
2014-06-08,153571009.86
2014-06-09,180931130.02
2014-06-10,182143621.26999998
2014-06-11,182514858.09000003
2014-06-12,186299831.17000002
2014-06-13,185809870.20000005
2014-06-14,169224938.46
2014-06-15,152051828.23000002
2014-06-16,181134446.56
2014-06-17,183750806.31999996
2014-06-18,184115430.79000002
2014-06-19,182795057.1
2014-06-20,182331175.30999997
2014-06-21,172021760.82000002
2014-06-22,152154968.5
2014-06-23,157500626.09
2014-06-24,177791709.48
2014-06-25,175955352.98000002
2014-06-26,177451940.57
2014-06-27,177408850.73999998
2014-06-28,165060899.04999998
2014-06-29,149993755.10999998
2014-06-30,153197779.64999998
2014-07-01,174090439.81
2014-07-02,177174358.77
2014-07-03,181216952.59
2014-07-04,174718007.43
2014-07-05,167962661.22000006
2014-07-06,150955680.85
2014-07-07,176474927.50999996
2014-07-08,179935148.96999997
2014-07-09,180949873.55
2014-07-10,178852824.61
2014-07-11,179798273.93000004
2014-07-12,170699666.89
2014-07-13,153857456.96999997
2014-07-14,178021091.89
2014-07-15,179430032.89000005
2014-07-16,180550872.04999995
2014-07-17,181463003.59
2014-07-18,183292414.21999997
2014-07-19,172630856.4
2014-07-20,153494412.63
2014-07-21,178486700.81000006
2014-07-22,184848334.80999997
2014-07-23,186044306.89999998
2014-07-24,185967108.9
2014-07-25,185796570.66
2014-07-26,172812085.92999998
2014-07-27,150496948.48000002
2014-07-28,180109637.71
2014-07-29,182082731.47999996
2014-07-30,180395683.07000005
2014-07-31,181898074.84
2014-08-01,181838529.13
2014-08-02,167974813.04
2014-08-03,147918506.38
2014-08-04,175588072.70999998
2014-08-05,179566902.64000002
2014-08-06,179396207.09
2014-08-07,159143879.77999997
2014-08-08,178038017.42999998
2014-08-09,167742200.87
2014-08-10,150289060.40000004
2014-08-11,177702265.86000004
2014-08-12,180389708.94000003
2014-08-13,180610133.26000002
2014-08-14,180524976.65999997
2014-08-15,184725731.92999998
2014-08-16,174507354.63
2014-08-17,151380017.30999997
2014-08-18,154183578.54999998
2014-08-19,177911335.48999998
2014-08-20,181113887.26
2014-08-21,182296704.92000005
2014-08-22,181998404.56000006
2014-08-23,170113528.47
2014-08-24,153485283.78
2014-08-25,179237173.72
2014-08-26,178705028.73000005
2014-08-27,179179618.96
2014-08-28,176740566.10000002
2014-08-29,180195473.58
2014-08-30,172174046.96
2014-08-31,156074237.26
2014-09-01,182407444.71
2014-09-02,183732448.69999996
2014-09-03,179836920.01999998
2014-09-04,180580013.08
2014-09-05,184966172.48
2014-09-06,174073136.64
2014-09-07,154316114.20000005
2014-09-08,180520204.95000002
2014-09-09,186544443.04999998
2014-09-10,187209158.19000003
2014-09-11,185549861.93
2014-09-12,183498733.82999998
2014-09-13,171653639.03
2014-09-14,153723759.38
2014-09-15,178484232.77
2014-09-16,180890211.54000002
2014-09-17,179620801.12
2014-09-18,180219005.84
2014-09-19,182164420.62000006
2014-09-20,171215609.08
2014-09-21,152408456.10000005
2014-09-22,177352835.71
2014-09-23,182112939.43000004
2014-09-24,187030115.15
2014-09-25,188018160.10999998
2014-09-26,183823758.35999998
2014-09-27,174788600.66
2014-09-28,155958391.39000002
2014-09-29,185507741.16
2014-09-30,188546489.9
2014-10-01,186020956.39
2014-10-02,185709582.79000005
2014-10-03,186595830.53
2014-10-04,176144594.95
2014-10-05,156050808.9
2014-10-06,181215233.97
2014-10-07,185737215.39000002
2014-10-08,182791500.49999997
2014-10-09,183308509.29999998
2014-10-10,181351755.76
2014-10-11,169991147.17000002
2014-10-12,146451553.49
2014-10-13,152133148.49999997
2014-10-14,177436938.07
2014-10-15,180139188.17999998
2014-10-16,183062913.95
2014-10-17,183367463.51999998
2014-10-18,168077479.58
2014-10-19,151286785.41
2014-10-20,175150104.42
2014-10-21,180757408.4
2014-10-22,182454135.3
2014-10-23,182381941.48
2014-10-24,182761651.35999998
2014-10-25,170810748.12
2014-10-26,150053187.01
2014-10-27,175392495.79000002
2014-10-28,180947996.52
2014-10-29,183944856.65
2014-10-30,183798961.4
2014-10-31,177187577.22000003
2014-11-01,170133915.95
2014-11-02,152599651.84000003
2014-11-03,158060698.58
2014-11-04,182029157.05
2014-11-05,183517240.38999993
2014-11-06,186238938.75999996
2014-11-07,185148733.70999998
2014-11-08,175441110.73000002
2014-11-09,157186417.41
2014-11-10,178504023.81
2014-11-11,178365318.25
2014-11-12,178195373.24
2014-11-13,177825732.83
2014-11-14,179194541.5
2014-11-15,170685003.42
2014-11-16,152642992.10000005
2014-11-17,159869115.33
2014-11-18,185875382.97
2014-11-19,184219282.90999997
2014-11-20,189176648.05999997
2014-11-21,190288649.75
2014-11-22,180405877.98
2014-11-23,162524972.71999997
2014-11-24,187640517.04
2014-11-25,189951514.32
2014-11-26,189758269.75
2014-11-27,187856688.83000004
2014-11-28,189942939.84
2014-11-29,182125957.83
2014-11-30,162014704.96
2014-12-01,183492534.00000003
2014-12-02,189693573.57
2014-12-03,187813274.45000002
2014-12-04,188804061.59000006
2014-12-05,187558434.35000002
2014-12-06,176972844.79
2014-12-07,159274320.65
2014-12-08,160123720.68
2014-12-09,184105058.23999998
2014-12-10,185672934.7
2014-12-11,184974254.12000003
2014-12-12,187919767.96
2014-12-13,177608603.91000003
2014-12-14,158331282.11
2014-12-15,181877298.61999997
2014-12-16,188017148.17000002
2014-12-17,190091142.73999995
2014-12-18,187708921.42999998
2014-12-19,187256373.02999997
2014-12-20,178533909.37999997
2014-12-21,160713837.25
2014-12-22,177310966.02
2014-12-23,177494405.04000002
2014-12-24,165783053.41000003
2014-12-25,140819455.51000002
2014-12-26,168122304.95
2014-12-27,167083625.45000005
2014-12-28,154908292.39999998
2014-12-29,171432850.04999998
2014-12-30,171326067.94
2014-12-31,156039220.81
2015-01-01,132994276.42000002
2015-01-02,154032149.25
2015-01-03,155606438.31
2015-01-04,145637546.11
2015-01-05,170189285.55
2015-01-06,175059588.26000002
2015-01-07,177477478.99999997
2015-01-08,178687448.34999996
2015-01-09,178360917.74
2015-01-10,166755043.21999997
2015-01-11,151390954.26000002
2015-01-12,156159676.82
2015-01-13,176612078.83999994
2015-01-14,183110286.73999995
2015-01-15,182363359.38
2015-01-16,185568555.36000004
2015-01-17,175885921.07999998
2015-01-18,156006987.99000004
2015-01-19,180665959.99
2015-01-20,184185479.02
2015-01-21,184208803.32999998
2015-01-22,180035048.15000004
2015-01-23,179115852.92
2015-01-24,169863852.57999998
2015-01-25,154155638.53
2015-01-26,180204058.92000002
2015-01-27,183013736.86999997
2015-01-28,182793610.90000004
2015-01-29,182077005.98000005
2015-01-30,182807755.89999998
2015-01-31,171071708.38
2015-02-01,153264462.96999997
2015-02-02,178973684.26
2015-02-03,182315692.58999997
2015-02-04,185698569.94999996
2015-02-05,186610497.05
2015-02-06,184984533.65000004
2015-02-07,172907814.79
2015-02-08,153449475.57000002
2015-02-09,178171143.73000002
2015-02-10,181901317.59999996
2015-02-11,182708104.62999997
2015-02-12,183254828.53
2015-02-13,185455891.65000004
2015-02-14,173725951.56
2015-02-15,155661478.93
2015-02-16,181185302.16000003
2015-02-17,184327402.35999998
2015-02-18,186839630.65999994
2015-02-19,186518805.33
2015-02-20,187114881.28000003
2015-02-21,178713179.87
2015-02-22,162183092.30999997
2015-02-23,184618306.40999997
2015-02-24,189775268.29999998
2015-02-25,189724204.47000003
2015-02-26,188990519.53
2015-02-27,190102931.71999997
2015-02-28,179057617.15
2015-03-01,159579443.77999997
2015-03-02,184856721.59000003
2015-03-03,188911840.26999995
2015-03-04,190078482.84999996
2015-03-05,191186577.92999998
2015-03-06,189109537.98000002
2015-03-07,180115150.14999998
2015-03-08,160039414.81
2015-03-09,187351004.23
2015-03-10,190187340.62
2015-03-11,192546782.57
2015-03-12,193087658.42
2015-03-13,191549231.07999998
2015-03-14,179510172.95999998
2015-03-15,159556672.71999997
2015-03-16,184303131.78000003
2015-03-17,185413378.04000002
2015-03-18,182650902.66
2015-03-19,180348559.4
2015-03-20,179705506.91000003
2015-03-21,169705319.02000004
2015-03-22,152455020.92
2015-03-23,159528773.12
2015-03-24,183169217.65000004
2015-03-25,184922799.26
2015-03-26,186018583.22
2015-03-27,188007282.03
2015-03-28,178374374.76000002
2015-03-29,156571348.73000002
2015-03-30,177553987.94000003
2015-03-31,178983690.04
2015-04-01,176294383.15
2015-04-02,151081571.92
2015-04-03,138530391.05000004
2015-04-04,151972622.01000002
2015-04-05,148928172.63
2015-04-06,178671993.53999993
2015-04-07,181551599.95000002
2015-04-08,181825261.23000002
2015-04-09,184346662.76
2015-04-10,187095231.72000003
2015-04-11,174664654.38999996
2015-04-12,156140761.09999996
2015-04-13,182360376.54999998
2015-04-14,184806329.81
2015-04-15,184450586.85
2015-04-16,182537752.43
2015-04-17,179338480.39000002
2015-04-18,170432229.35999995
2015-04-19,150747224.42
2015-04-20,179153764.01999998
2015-04-21,181166524.27
2015-04-22,184798306.41000006
2015-04-23,184744121.32
2015-04-24,187223974.29000002
2015-04-25,175414796.94
2015-04-26,158201226.07999998
2015-04-27,187915624.03
2015-04-28,188476069.1
2015-04-29,189309179.82
2015-04-30,186073774.16999996
2015-05-01,160260595.95
2015-05-02,167097346.82
2015-05-03,156226857.33999997
2015-05-04,184806819.14
2015-05-05,189125604.04000008
2015-05-06,189582882.93000004
2015-05-07,190069839.23
2015-05-08,191163167.52999997
2015-05-09,180588147.99000004
2015-05-10,160262308.10999998
2015-05-11,190826276.92
2015-05-12,197811375.23000002
2015-05-13,194528458.35999998
2015-05-14,191693340.68999994
2015-05-15,187472112.62000003
2015-05-16,177085199.14000002
2015-05-17,155515885.63999996
2015-05-18,159996545.01
2015-05-19,184350157.74
2015-05-20,189269210.87
2015-05-21,188977051.22999996
2015-05-22,187189100.39
2015-05-23,178811599.10000002
2015-05-24,162065080.75
2015-05-25,184348907.10000005
2015-05-26,189133589.69
2015-05-27,188165018.63000005
2015-05-28,184898048.62999994
2015-05-29,184089528.10999998
2015-05-30,172015142.42000002
2015-05-31,155871504.61
2015-06-01,182963974.92
2015-06-02,183918368.75000003
2015-06-03,185595831.48000002
2015-06-04,187240790.75
2015-06-05,185658003.79000002
2015-06-06,176460282.88
2015-06-07,155479276.03
2015-06-08,155873719.87999997
2015-06-09,179734502.65000004
2015-06-10,183117329.07999998
2015-06-11,184718175.08
2015-06-12,187190595.58
2015-06-13,177205289.36999997
2015-06-14,158043028.85
2015-06-15,160090827.34000003
2015-06-16,186305982.18000004
2015-06-17,188746884.59000003
2015-06-18,187941835.89000002
2015-06-19,190501498.07
2015-06-20,179303220.07
2015-06-21,159488316.76999998
2015-06-22,183666936.78000003
2015-06-23,187029631.6
2015-06-24,188503578.48
2015-06-25,189164273.78999996
2015-06-26,188993754.56000003
2015-06-27,176294565.0
2015-06-28,154375629.97000003
2015-06-29,160358974.1
2015-06-30,183431731.04999998
2015-07-01,186300155.16
2015-07-02,186637162.95
2015-07-03,187984131.39000002
2015-07-04,178716869.82000002
2015-07-05,159346610.48999995
2015-07-06,183054790.51000002
2015-07-07,183721224.0
2015-07-08,185787520.19000003
2015-07-09,188231309.38000003
2015-07-10,188715514.38
2015-07-11,177469430.47000003
2015-07-12,159026839.14000002
2015-07-13,186974584.19
2015-07-14,190758157.93000004
2015-07-15,186065337.3
2015-07-16,186250696.76
2015-07-17,186698912.81999996
2015-07-18,174163977.91
2015-07-19,153917933.21
2015-07-20,157009373.58
2015-07-21,182194680.78
2015-07-22,185658255.86
2015-07-23,186359383.22
2015-07-24,186733294.18999997
2015-07-25,176362730.04000005
2015-07-26,159201773.77
2015-07-27,185834464.92
2015-07-28,187655883.95999995
2015-07-29,188228836.89000002
2015-07-30,186186904.47
2015-07-31,185548068.99999994
2015-08-01,175759112.09
2015-08-02,158914918.29
2015-08-03,186285951.23
2015-08-04,189713604.02
2015-08-05,192224440.79
2015-08-06,193886466.01000002
2015-08-07,172075322.28000003
2015-08-08,170912858.23000002
2015-08-09,152669369.73000002
2015-08-10,182091896.18
2015-08-11,186146013.24
2015-08-12,190788862.18000004
2015-08-13,188473548.62
2015-08-14,188370357.2
2015-08-15,178051341.11
2015-08-16,156552887.21
2015-08-17,161017782.58999997
2015-08-18,185325206.67999998
2015-08-19,191234240.32000002
2015-08-20,192117177.29
2015-08-21,191385433.61000004
2015-08-22,180496050.35
2015-08-23,161678250.87
2015-08-24,187351284.03000003
2015-08-25,191196824.32999998
2015-08-26,190616809.76
2015-08-27,192582273.17
2015-08-28,194214511.65000004
2015-08-29,185468045.79999998
2015-08-30,165115831.24
2015-08-31,190729500.15
2015-09-01,190927633.77000004
2015-09-02,193235702.26
2015-09-03,192590877.96
2015-09-04,194716829.05
2015-09-05,185622778.0
2015-09-06,163287490.33
2015-09-07,190788869.76
2015-09-08,195870790.37000003
2015-09-09,194547880.99999997
2015-09-10,192248309.47999996
2015-09-11,186160852.99999997
2015-09-12,178801772.35999998
2015-09-13,163161415.36000004
2015-09-14,192024938.01999998
2015-09-15,197657194.04
2015-09-16,198293173.29999998
2015-09-17,194932738.93999997
2015-09-18,193351631.38
2015-09-19,183677443.72999993
2015-09-20,164377085.03000003
2015-09-21,192319878.15000004
2015-09-22,195805072.79999998
2015-09-23,194764335.54000005
2015-09-24,194191654.01000002
2015-09-25,195474552.21999994
2015-09-26,184026246.88
2015-09-27,166959039.29000002
2015-09-28,193882843.37999997
2015-09-29,195847828.19
2015-09-30,189792776.76000002
2015-10-01,185814161.20000002
2015-10-02,187514291.36999997
2015-10-03,179794070.94
2015-10-04,161827760.06000003
2015-10-05,191808076.60999998
2015-10-06,195325651.06999993
2015-10-07,193892336.38
2015-10-08,193924713.91000006
2015-10-09,193678063.41
2015-10-10,181199274.29999998
2015-10-11,157899970.95000002
2015-10-12,160278023.10000002
2015-10-13,188027964.2
2015-10-14,185982180.8
2015-10-15,187255253.8
2015-10-16,189092883.48999998
2015-10-17,181865904.73999998
2015-10-18,163985574.3
2015-10-19,189020508.23000005
2015-10-20,193000972.83999994
2015-10-21,192472874.41999996
2015-10-22,194915468.73999995
2015-10-23,193014676.79000005
2015-10-24,176870568.87999997
2015-10-25,154141637.14
2015-10-26,181257541.0
2015-10-27,186715211.64000005
2015-10-28,190259736.46
2015-10-29,190804584.2
2015-10-30,190226005.77
2015-10-31,178781154.07999998
2015-11-01,156521730.08999997
2015-11-02,155275721.12000003
2015-11-03,180519833.08000004
2015-11-04,182702511.49999997
2015-11-05,181589961.48000002
2015-11-06,185066825.49
2015-11-07,176621048.26
2015-11-08,159108147.41
2015-11-09,182948520.05
2015-11-10,185639517.14000002
2015-11-11,186805673.39
2015-11-12,189500246.49
2015-11-13,189340951.51999998
2015-11-14,179190275.31000003
2015-11-15,159932393.73999998
2015-11-16,161137150.90000004
2015-11-17,181683056.84999996
2015-11-18,182199374.04
2015-11-19,186957866.15000007
2015-11-20,188853111.45999995
2015-11-21,178876541.45000002
2015-11-22,161805776.25999996
2015-11-23,187190052.15999997
2015-11-24,190527967.17000002
2015-11-25,192712810.79999998
2015-11-26,193492084.02
2015-11-27,192404562.64999998
2015-11-28,178528157.38000003
2015-11-29,161968260.63
2015-11-30,188714147.36999997
2015-12-01,191367588.03
2015-12-02,193590549.75
2015-12-03,193701067.48000002
2015-12-04,191941711.86999997
2015-12-05,183144523.81
2015-12-06,167004932.61
2015-12-07,185697074.07
2015-12-08,168981596.07
2015-12-09,193245780.89000005
2015-12-10,194082466.67000002
2015-12-11,195761229.78000003
2015-12-12,183863351.97000003
2015-12-13,168183537.28
2015-12-14,189843354.92000002
2015-12-15,190944061.4
2015-12-16,192564177.70999998
2015-12-17,191926688.18
2015-12-18,191665488.69
2015-12-19,180816672.55
2015-12-20,167190092.84999996
2015-12-21,188190814.07
2015-12-22,189894744.97000003
2015-12-23,188479039.32
2015-12-24,172249705.17000002
2015-12-25,148480831.22
2015-12-26,166094601.32
2015-12-27,160631571.85999998
2015-12-28,180122374.92
2015-12-29,182026982.69999996
2015-12-30,182775483.17000002
2015-12-31,165781377.83
2016-01-01,141257870.63000003
2016-01-02,152457676.28
2016-01-03,150860893.42999998
2016-01-04,173446156.65000004
2016-01-05,179642918.13999996
2016-01-06,180987854.61
2016-01-07,182062796.68999997
2016-01-08,183960805.73999998
2016-01-09,175662851.82999998
2016-01-10,157017953.45000002
2016-01-11,159339330.66000003
2016-01-12,182227430.71999997
2016-01-13,186188716.64000002
2016-01-14,188031061.81
2016-01-15,189688794.95999998
2016-01-16,178515509.88000003
2016-01-17,161741500.70000002
2016-01-18,186612809.48
2016-01-19,190120092.79
2016-01-20,191095068.03
2016-01-21,191181330.09999996
2016-01-22,193525289.35999995
2016-01-23,183420934.53
2016-01-24,162935871.15000007
2016-01-25,186610832.8
2016-01-26,189873176.89
2016-01-27,191942904.85
2016-01-28,193633052.1
2016-01-29,193966218.49
2016-01-30,183455822.11999995
2016-01-31,162631969.58
2016-02-01,191016793.54999998
2016-02-02,194838649.54999995
2016-02-03,199287946.63
2016-02-04,197682501.96
2016-02-05,189386423.89
2016-02-06,179803479.63999996
2016-02-07,162859481.27
2016-02-08,186616375.11999997
2016-02-09,190287554.90999997
2016-02-10,190220565.57
2016-02-11,191432810.52
2016-02-12,191695829.27
2016-02-13,180886913.39
2016-02-14,162322473.94
2016-02-15,189621911.54999998
2016-02-16,193960223.85
2016-02-17,192850557.01000002
2016-02-18,195072849.6600001
2016-02-19,193465916.07
2016-02-20,183688118.45000002
2016-02-21,162090875.47999996
2016-02-22,187608405.59999996
2016-02-23,192736218.17000005
2016-02-24,194305807.6
2016-02-25,192170940.16000006
2016-02-26,191431875.35999998
2016-02-27,181694714.40000004
2016-02-28,164659319.08
2016-02-29,190314084.34
2016-03-01,191442931.42000002
2016-03-02,189175168.91
2016-03-03,192070447.81
2016-03-04,191460218.23000002
2016-03-05,182786835.13000003
2016-03-06,163636196.97
2016-03-07,188390597.86
2016-03-08,188887328.48000002
2016-03-09,185640168.39000005
2016-03-10,185870111.11
2016-03-11,185061864.44000003
2016-03-12,176165834.64999998
2016-03-13,156235879.89000002
2016-03-14,181532867.09
2016-03-15,183778604.71999994
2016-03-16,186313618.89000002
2016-03-17,185152725.47
2016-03-18,185119910.46
2016-03-19,177258977.92000002
2016-03-20,159420024.14
2016-03-21,162370537.58
2016-03-22,178095553.49
2016-03-23,175539994.40999997
2016-03-24,153729174.14
2016-03-25,145227485.07
2016-03-26,158390255.57999998
2016-03-27,154621043.95999998
2016-03-28,180746744.94000003
2016-03-29,185886970.97
2016-03-30,183629229.89
2016-03-31,182475820.16000003
2016-04-01,180870173.78000003
2016-04-02,169563848.33
2016-04-03,152078754.20999998
2016-04-04,177952015.42000002
2016-04-05,181806515.10000002
2016-04-06,182802435.23999998
2016-04-07,184838218.64999998
2016-04-08,185998937.18
2016-04-09,173675282.14000002
2016-04-10,155570633.71
2016-04-11,181539380.42
2016-04-12,179893822.13999996
2016-04-13,179109885.65999997
2016-04-14,182064244.83999997
2016-04-15,185356066.61000004
2016-04-16,175576028.41
2016-04-17,154464534.82000002
2016-04-18,181696482.82
2016-04-19,181571006.96
2016-04-20,185225839.07999998
2016-04-21,187178036.91000006
2016-04-22,187541060.41000003
2016-04-23,176624870.14999998
2016-04-24,154017463.11
2016-04-25,178286182.8
2016-04-26,183971956.08999997
2016-04-27,181566467.95999998
2016-04-28,176289213.98000002
2016-04-29,182119277.67999998
2016-04-30,171668339.69000003
2016-05-01,150198457.81
2016-05-02,174443963.56000003
2016-05-03,177879988.89999998
2016-05-04,181745110.66000003
2016-05-05,184800165.40000004
2016-05-06,183350185.19000003
2016-05-07,171740143.57000002
2016-05-08,148787347.26000002
2016-05-09,151792907.78999996
2016-05-10,171551723.84
2016-05-11,180065626.88000003
2016-05-12,185333895.48999998
2016-05-13,187400517.6
2016-05-14,177809079.17000005
2016-05-15,160770872.74999997
2016-05-16,185174846.52
2016-05-17,187677751.07000002
2016-05-18,187485939.61
2016-05-19,189611970.09
2016-05-20,191110613.42
2016-05-21,181972544.70999998
2016-05-22,163169325.92000005
2016-05-23,188399521.82000002
2016-05-24,190512718.68
2016-05-25,187930122.55999997
2016-05-26,183122305.26000002
2016-05-27,184611872.98000002
2016-05-28,175635485.85
2016-05-29,152634275.23000005
2016-05-30,157874621.81
2016-05-31,177368028.1
2016-06-01,181018130.45
2016-06-02,181854459.84
2016-06-03,181492775.18999997
2016-06-04,174540189.86
2016-06-05,157165807.79999998
2016-06-06,159063363.48
2016-06-07,179780580.66
2016-06-08,181518853.77
2016-06-09,182569447.07999998
2016-06-10,181710336.46
2016-06-11,174628228.8
2016-06-12,158423506.83999997
2016-06-13,181242748.75000003
2016-06-14,180529079.37999997
2016-06-15,181825077.86
2016-06-16,183069932.45000002
2016-06-17,186187640.48999995
2016-06-18,176424044.56999993
2016-06-19,154605879.18
2016-06-20,177873682.60999998
2016-06-21,179915781.39000002
2016-06-22,183617300.17000002
2016-06-23,184952393.89999998
2016-06-24,183201048.34000003
2016-06-25,172506988.92
2016-06-26,154082841.34999996
2016-06-27,183031860.38000003
2016-06-28,186922357.83
2016-06-29,189400040.92000002
2016-06-30,188977424.34
2016-07-01,182398923.17000002
2016-07-02,171791870.57999995
2016-07-03,151383864.85
2016-07-04,154221880.0
2016-07-05,180488052.69999996
2016-07-06,182026563.39999998
2016-07-07,183944569.36999997
2016-07-08,186071241.43
2016-07-09,177216573.97
2016-07-10,157551567.85999998
2016-07-11,181326518.32999998
2016-07-12,182274144.13000003
2016-07-13,182007654.40000004
2016-07-14,181351813.87
2016-07-15,179030198.85
2016-07-16,165671974.70999998
2016-07-17,150321059.15
2016-07-18,174692169.81
2016-07-19,179348488.62
2016-07-20,161572771.48000002
2016-07-21,179138362.73000005
2016-07-22,179947124.96
2016-07-23,172759023.15
2016-07-24,155241667.54
2016-07-25,178402724.90999997
2016-07-26,186001413.23000002
2016-07-27,185892738.31
2016-07-28,183875319.66
2016-07-29,185086676.50000006
2016-07-30,176467282.14999998
2016-07-31,158522428.55
2016-08-01,184093663.42999998
2016-08-02,186313165.50999996
2016-08-03,186128774.33999997
2016-08-04,183692037.63
2016-08-05,185672663.14999998
2016-08-06,180693187.1
2016-08-07,163934619.97000003
2016-08-08,188952149.13999996
2016-08-09,192068419.79999998
2016-08-10,189679434.0
2016-08-11,190347101.41
2016-08-12,189451720.95999998
2016-08-13,181254426.88
2016-08-14,160003974.7
2016-08-15,164322633.16000003
2016-08-16,189550769.53
2016-08-17,191510619.95
2016-08-18,191081675.76
2016-08-19,192246373.14
2016-08-20,182409401.98
2016-08-21,162566005.04000002
2016-08-22,188752214.01999998
2016-08-23,192439811.62999997
2016-08-24,192957149.54999995
2016-08-25,192158157.78
2016-08-26,184706893.66000003
2016-08-27,176515164.91
2016-08-28,159273856.99
2016-08-29,187831120.03
2016-08-30,188168921.35000002
2016-08-31,185787276.4
2016-09-01,182397651.38000003
2016-09-02,182662599.14000002
2016-09-03,175732580.39999998
2016-09-04,158597991.49999994
2016-09-05,184152300.51000002
2016-09-06,186557993.60999995
2016-09-07,183596365.43
2016-09-08,185654022.31
2016-09-09,188128177.52000004
2016-09-10,177641999.83
2016-09-11,157692614.32000002
2016-09-12,181137509.10999995
2016-09-13,185065765.67
2016-09-14,184270615.61
2016-09-15,184528044.84
2016-09-16,186096983.45000005
2016-09-17,179448728.76000002
2016-09-18,161487293.02
2016-09-19,185122160.51999998
2016-09-20,190704706.57
2016-09-21,186876733.03999996
2016-09-22,186140675.01
2016-09-23,188428719.23000002
2016-09-24,179821009.38
2016-09-25,161434302.55
2016-09-26,188138276.44999996
2016-09-27,190822971.74
2016-09-28,192598287.08999997
2016-09-29,192648281.07
2016-09-30,190307193.69
2016-10-01,169203888.09999996
2016-10-02,147966865.89999998
2016-10-03,178084530.53
2016-10-04,186344876.93
2016-10-05,185427654.26000002
2016-10-06,186929339.92
2016-10-07,184702041.55000004
2016-10-08,175249442.45
2016-10-09,156578143.48
2016-10-10,183313483.70000002
2016-10-11,186898034.98999998
2016-10-12,183457565.68000004
2016-10-13,185917176.09000003
2016-10-14,185202193.94000003
2016-10-15,177652497.79000005
2016-10-16,154731023.50999996
2016-10-17,157432452.96
2016-10-18,182104230.42999998
2016-10-19,187557406.39000002
2016-10-20,189983831.35999995
2016-10-21,190558877.43
2016-10-22,181794257.69
2016-10-23,159937970.08000004
2016-10-24,184678241.96000007
2016-10-25,184837333.52
2016-10-26,183553411.61999995
2016-10-27,185447958.39
2016-10-28,184886081.02999994
2016-10-29,172427821.21000004
2016-10-30,156690940.88
2016-10-31,180655211.61000004
2016-11-01,182145802.39000005
2016-11-02,180709513.83
2016-11-03,184606572.04999995
2016-11-04,185688079.28
2016-11-05,175513783.24999997
2016-11-06,155926722.85
2016-11-07,157369255.83
2016-11-08,182069055.01
2016-11-09,189485306.28999996
2016-11-10,191497435.27000004
2016-11-11,186267082.83000004
2016-11-12,175816983.57999998
2016-11-13,158360361.85
2016-11-14,160523910.35
2016-11-15,180933621.47
2016-11-16,184975470.20000002
2016-11-17,186290611.56999996
2016-11-18,186444347.16999996
2016-11-19,175658266.77
2016-11-20,152969070.39
2016-11-21,182561717.04999998
2016-11-22,186967314.78999996
2016-11-23,187817744.29000002
2016-11-24,190471423.03000003
2016-11-25,187769133.22000003
2016-11-26,177248552.07999998
2016-11-27,157336057.23000002
2016-11-28,182403465.05999997
2016-11-29,183418648.48999998
2016-11-30,185961290.58999994
2016-12-01,185738138.67999995
2016-12-02,183924501.27999994
2016-12-03,171895785.33
2016-12-04,157856696.60999995
2016-12-05,182868469.31999996
2016-12-06,186819218.32999998
2016-12-07,185543827.19000003
2016-12-08,164955936.00000003
2016-12-09,182849413.09
2016-12-10,175534957.19
2016-12-11,159964468.73000002
2016-12-12,185934839.91
2016-12-13,187795851.01000002
2016-12-14,190617178.18999994
2016-12-15,191044032.39999998
2016-12-16,188877154.82
2016-12-17,176310435.49999997
2016-12-18,161660603.68000004
2016-12-19,184648101.89
2016-12-20,185451685.31
2016-12-21,182268771.74000004
2016-12-22,182014393.10000002
2016-12-23,179268504.23000002
2016-12-24,161263628.97
2016-12-25,143736712.12000003
2016-12-26,172204570.01000002
2016-12-27,176936952.85
2016-12-28,178049970.64999998
2016-12-29,177564529.64000005
2016-12-30,171854338.54999998
2016-12-31,155175999.5
2017-01-01,137049944.70000002
2017-01-02,161347202.29000002
2017-01-03,172147418.50000006
2017-01-04,174756300.13999996
2017-01-05,174941254.51000002
2017-01-06,175767192.19000003
2017-01-07,168747330.45999998
2017-01-08,152062138.76999998
2017-01-09,151727357.54999998
2017-01-10,174321666.31
2017-01-11,177811770.15000004
2017-01-12,179518167.7
2017-01-13,179401981.20999998
2017-01-14,170137534.08
2017-01-15,151952620.29
2017-01-16,177510326.93999997
2017-01-17,180634220.86
2017-01-18,178782885.82
2017-01-19,180854319.06
2017-01-20,182870599.03
2017-01-21,171957029.54
2017-01-22,153224861.61999997
2017-01-23,178074317.26999998
2017-01-24,182222739.42000002
2017-01-25,183346984.70000002
2017-01-26,185072910.02000004
2017-01-27,186430892.88000003
2017-01-28,175996353.4
2017-01-29,160372530.04
2017-01-30,183968460.16
2017-01-31,185309256.34
2017-02-01,185881888.77999997
2017-02-02,187123360.63999993
2017-02-03,187203542.28000003
2017-02-04,178852490.65000007
2017-02-05,161892240.73999998
2017-02-06,187495551.72
2017-02-07,191093447.2
2017-02-08,193058496.55999994
2017-02-09,192728892.18
2017-02-10,189637422.67
2017-02-11,177210752.15999997
2017-02-12,160290330.32999998
2017-02-13,183979880.88
2017-02-14,186837537.05000004
2017-02-15,188007044.36
2017-02-16,190148822.10999998
2017-02-17,188023372.44999993
2017-02-18,177771644.45999998
2017-02-19,161727050.29000002
2017-02-20,186782579.69
2017-02-21,188600784.64999992
2017-02-22,187289050.73000005
2017-02-23,187736818.36999997
2017-02-24,188703055.70000002
2017-02-25,178058344.11999995
2017-02-26,158648993.97
2017-02-27,180859016.69999996
2017-02-28,184069627.53
2017-03-01,185247321.9
2017-03-02,187059380.41
2017-03-03,187743156.70999998
2017-03-04,175384527.56000003
2017-03-05,159056112.84
2017-03-06,183965688.61
2017-03-07,184849578.82000002
2017-03-08,181672056.88000005
2017-03-09,184538326.31999996
2017-03-10,184247434.84000003
2017-03-11,175312706.58999997
2017-03-12,154410658.12
2017-03-13,180229667.51
2017-03-14,183163667.27999997
2017-03-15,182429473.78
2017-03-16,184404327.51
2017-03-17,185807868.3
2017-03-18,176295915.98
2017-03-19,155379597.57
2017-03-20,158074838.01999998
2017-03-21,183274441.17999998
2017-03-22,184936840.28
2017-03-23,182559344.56999996
2017-03-24,181009773.2800001
2017-03-25,174776003.19
2017-03-26,155021588.42000002
2017-03-27,180681165.75
2017-03-28,186017055.06
2017-03-29,183882282.05999997
2017-03-30,182936571.20000002
2017-03-31,180907895.95000002
2017-04-01,173006264.03999996
2017-04-02,159023401.23999998
2017-04-03,186375968.35999998
2017-04-04,189794528.67
2017-04-05,191553841.85999998
2017-04-06,192616230.57000002
2017-04-07,192821596.25
2017-04-08,181399551.23000002
2017-04-09,162128199.45999998
2017-04-10,182446627.99
2017-04-11,183837532.57
2017-04-12,180492811.76000002
2017-04-13,156334565.67000002
2017-04-14,145501823.29000002
2017-04-15,159096496.25
2017-04-16,157100420.95999998
2017-04-17,181945207.17000002
2017-04-18,189179086.54999998
2017-04-19,186260157.12999997
2017-04-20,182914621.57
2017-04-21,185441022.41000003
2017-04-22,181688449.09
2017-04-23,165650890.17
2017-04-24,187643097.15
2017-04-25,189916375.05
2017-04-26,187645721.12999997
2017-04-27,191352300.5
2017-04-28,192556344.20999998
2017-04-29,182383624.03000003
2017-04-30,159272708.48
2017-05-01,159251881.00000003
2017-05-02,183262130.63
2017-05-03,186919950.52999997
2017-05-04,190197079.31
2017-05-05,189195941.59
2017-05-06,176611863.92
2017-05-07,157619328.75000003
2017-05-08,181004688.73000002
2017-05-09,182884634.35000005
2017-05-10,186980076.33
2017-05-11,187182363.41000003
2017-05-12,186562113.87
2017-05-13,176376618.14
2017-05-14,156839204.47
2017-05-15,182806209.35999995
2017-05-16,184808846.48
2017-05-17,186624604.19
2017-05-18,189270246.22000003
2017-05-19,192211680.33
2017-05-20,180915272.48000002
2017-05-21,161984477.84
2017-05-22,184735855.17999995
2017-05-23,188606858.02999997
2017-05-24,191220393.84000003
2017-05-25,193459832.10999995
2017-05-26,191184908.06
2017-05-27,178922602.26000002
2017-05-28,159477692.67999998
2017-05-29,160071964.00000003
2017-05-30,186085971.91000006
2017-05-31,188672773.26000002
2017-06-01,188263864.40000004
2017-06-02,191173879.68
2017-06-03,183823518.08
2017-06-04,163617039.55999994
2017-06-05,187700858.22999996
2017-06-06,191526365.06
2017-06-07,189952581.28
2017-06-08,185451875.38000005
2017-06-09,187225425.29
2017-06-10,181003234.98000002
2017-06-11,162115068.38
2017-06-12,181981545.42000002
2017-06-13,184021367.50999996
2017-06-14,186016600.42000005
2017-06-15,183965476.98
2017-06-16,186266904.31000006
2017-06-17,175247773.45999998
2017-06-18,154181883.18999997
2017-06-19,157730743.87999997
2017-06-20,183322744.88000003
2017-06-21,182948643.96
2017-06-22,186003262.42
2017-06-23,186535652.31
2017-06-24,179011203.00999996
2017-06-25,158670453.44
2017-06-26,158901926.92999998
2017-06-27,183495529.02
2017-06-28,187079686.73999998
2017-06-29,188378804.26000002
2017-06-30,187397903.91
2017-07-01,178465956.72
2017-07-02,159099827.79
2017-07-03,155819642.02
2017-07-04,183988474.11999997
2017-07-05,186052147.17999998
2017-07-06,186359561.05
2017-07-07,188832611.1
2017-07-08,181314629.75000003
2017-07-09,162833379.47000003
2017-07-10,187481352.4
2017-07-11,186698194.14000002
2017-07-12,182570976.51999998
2017-07-13,187588687.14999998
2017-07-14,187839592.25000003
2017-07-15,176990246.63000003
2017-07-16,157501110.87
2017-07-17,185097374.11
2017-07-18,189161322.22000003
2017-07-19,187408835.19
2017-07-20,165148281.14000002
2017-07-21,183940555.15
2017-07-22,178744272.86999995
2017-07-23,161064019.51000002
2017-07-24,189359437.79999998
2017-07-25,191326381.78
2017-07-26,191015077.33
2017-07-27,192302931.54000002
2017-07-28,191488558.36999997
2017-07-29,180879117.78999996
2017-07-30,159043456.17999998
2017-07-31,179669529.26000002
2017-08-01,184264183.91
2017-08-02,189146841.48000005
2017-08-03,192480376.76000002
2017-08-04,189191232.59000003
2017-08-05,176197550.21000004
2017-08-06,161145454.87
2017-08-07,167699304.73000002
2017-08-08,193475579.41000003
2017-08-09,191329534.37
2017-08-10,190966387.48
2017-08-11,190343151.23
2017-08-12,178463413.41
2017-08-13,162836588.48
2017-08-14,191099596.99000004
2017-08-15,194533769.46
2017-08-16,191020967.93000004
2017-08-17,194969920.92999998
2017-08-18,194595317.33
2017-08-19,180443877.54
2017-08-20,158900802.81999996
2017-08-21,161830321.26999998
2017-08-22,188137504.16
2017-08-23,189848888.03000003
2017-08-24,189380790.84000003
2017-08-25,189232984.85999992
2017-08-26,181571482.65
2017-08-27,163430819.26000002
2017-08-28,186498559.52
2017-08-29,187967101.57000005
2017-08-30,187728583.04
2017-08-31,189976837.3
2017-09-01,192213612.78
2017-09-02,183673632.67999998
2017-09-03,162985703.32000002
2017-09-04,189829233.56
2017-09-05,193353165.82
2017-09-06,192668462.91
2017-09-07,189789895.82
2017-09-08,186487965.22
2017-09-09,173819740.1
2017-09-10,157551489.11000004
2017-09-11,185943800.95000002
2017-09-12,189928871.79
2017-09-13,189626391.50000003
2017-09-14,190582213.72000006
2017-09-15,190416114.82000002
2017-09-16,181961390.49
2017-09-17,158746553.43
2017-09-18,186187211.97999996
2017-09-19,191294382.08000004
2017-09-20,193924388.03
2017-09-21,194054818.63000003
2017-09-22,193216394.31000003
2017-09-23,180668118.65
2017-09-24,163040872.51999998
2017-09-25,187411454.41
2017-09-26,189753206.28
2017-09-27,193121516.76000005
2017-09-28,190817630.86000004
2017-09-29,188197198.86
2017-09-30,175857217.51000005
2017-10-01,158468214.8
2017-10-02,183460954.75
2017-10-03,187213034.72
2017-10-04,184934495.45999998
2017-10-05,183926296.97
2017-10-06,184068287.88000003
2017-10-07,178739052.90999997
2017-10-08,163888254.75999996
2017-10-09,187153634.20999998
2017-10-10,190105853.83
2017-10-11,189324804.37999997
2017-10-12,192343388.85
2017-10-13,191650443.59000006
2017-10-14,181714664.95
2017-10-15,162472659.91
2017-10-16,168800272.39000002
2017-10-17,195488000.42999998
2017-10-18,198144942.7
2017-10-19,196033406.64000002
2017-10-20,193625478.34000003
2017-10-21,186319539.21999997
2017-10-22,164347683.18000004
2017-10-23,186608629.23999998
2017-10-24,186824032.39999998
2017-10-25,185868962.81
2017-10-26,187312179.37
2017-10-27,186620612.58
2017-10-28,175136853.32
2017-10-29,154742204.41
2017-10-30,179313995.35999995
2017-10-31,183451957.29
2017-11-01,187082804.30000004
2017-11-02,190463443.79999998
2017-11-03,190531630.07
2017-11-04,179547829.45999998
2017-11-05,159736125.85000002
2017-11-06,162509668.69000003
2017-11-07,187816898.04999998
2017-11-08,189543604.56
2017-11-09,189694289.74
2017-11-10,189493453.69
2017-11-11,179966871.57000002
2017-11-12,161763435.66999996
2017-11-13,166737985.77
2017-11-14,186158920.36999997
2017-11-15,185713680.16
2017-11-16,188461499.86999997
2017-11-17,188139639.39000002
2017-11-18,176501821.09
2017-11-19,159917354.48
2017-11-20,185649814.0
2017-11-21,189731604.25999996
2017-11-22,191197093.67999998
2017-11-23,192136487.07999998
2017-11-24,191048522.74
2017-11-25,181155378.84000003
2017-11-26,164336965.77
2017-11-27,192201283.68999997
2017-11-28,194411376.98
2017-11-29,195326179.77
2017-11-30,195137596.22
2017-12-01,191369598.56000003
2017-12-02,181498142.66
2017-12-03,165173115.19999996
2017-12-04,190225873.40000007
2017-12-05,194052802.01
2017-12-06,194574333.94
2017-12-07,192555304.56999996
2017-12-08,170587923.36
2017-12-09,177104108.92
2017-12-10,164731333.56000003
2017-12-11,188215335.52000004
2017-12-12,189481348.98999998
2017-12-13,187137336.73000002
2017-12-14,190672735.98999998
2017-12-15,190981438.0499999
2017-12-16,180823538.7
2017-12-17,164928268.93
2017-12-18,189432966.26999995
2017-12-19,194423173.79000002
2017-12-20,192491411.40999997
2017-12-21,193945668.24
2017-12-22,190559181.22
2017-12-23,177964675.67000002
2017-12-24,160092458.82999998
2017-12-25,146940286.79
2017-12-26,176846959.58999997
2017-12-27,180956561.88
2017-12-28,181182478.19
2017-12-29,177374765.03999996
2017-12-30,165700234.15000007
2017-12-31,152330227.95000002
2018-01-01,137865786.91
2018-01-02,161086624.00999996
2018-01-03,171520058.27
2018-01-04,175399037.23
2018-01-05,177812184.53999996
2018-01-06,170739750.17
2018-01-07,155797431.4
2018-01-08,159282604.56000003
2018-01-09,179408274.66
2018-01-10,181479485.65
2018-01-11,185032891.95999995
2018-01-12,185851046.25000003
2018-01-13,176126966.95999998
2018-01-14,161574351.72
2018-01-15,184651909.29999998
2018-01-16,186559954.90999997
2018-01-17,186722013.03
2018-01-18,186482417.8
2018-01-19,187435839.40999997
2018-01-20,179862599.08
2018-01-21,163055619.92999995
2018-01-22,188489465.43000004
2018-01-23,189903527.61999997
2018-01-24,190403501.56999996
2018-01-25,192303080.51
2018-01-26,192253093.40999997
2018-01-27,182672543.00999996
2018-01-28,164930674.34999996
2018-01-29,190616357.46000004
2018-01-30,193970518.19000006
2018-01-31,194087068.01
2018-02-01,189955819.39000002
2018-02-02,191405887.53
2018-02-03,180814909.3
2018-02-04,163763505.74
2018-02-05,186647537.68999997
2018-02-06,189823206.28
2018-02-07,191062821.27999997
2018-02-08,192448494.79
2018-02-09,192124700.37
2018-02-10,181485459.82000002
2018-02-11,163834678.49
2018-02-12,185835613.35
2018-02-13,186298300.70000002
2018-02-14,188653677.42000002
2018-02-15,188809997.75
2018-02-16,191054894.14999998
2018-02-17,181837458.03999996
2018-02-18,163125757.39
2018-02-19,187706550.47000003
2018-02-20,186707309.50000003
2018-02-21,190475177.69000003
2018-02-22,189049106.98000002
2018-02-23,188159471.07999998
2018-02-24,178357625.29000002
2018-02-25,160734417.34
2018-02-26,185393930.91999996
2018-02-27,188981253.54999995
2018-02-28,187838677.04000002
2018-03-01,188620900.51999995
2018-03-02,188933748.42999998
2018-03-03,180104645.79999995
2018-03-04,161932614.95999998
2018-03-05,185389691.80999997
2018-03-06,188187379.19000003
2018-03-07,192515533.23999998
2018-03-08,191925268.20000002
2018-03-09,194849684.8
2018-03-10,186340908.35999998
2018-03-11,167321161.88
2018-03-12,195505621.38000005
2018-03-13,199085467.95000002
2018-03-14,199605195.2
2018-03-15,197821729.40000004
2018-03-16,198097653.92000002
2018-03-17,188146346.54000005
2018-03-18,167771831.62000003
2018-03-19,170492135.07
2018-03-20,191932788.0
2018-03-21,194242748.84
2018-03-22,195249031.33
2018-03-23,195360043.31999996
2018-03-24,182520583.01
2018-03-25,167710158.78
2018-03-26,190208020.54000002
2018-03-27,190946803.73999998
2018-03-28,184671361.95000002
2018-03-29,159472797.15999997
2018-03-30,148899388.85000002
2018-03-31,159973206.42999998
2018-04-01,154625816.27999997
2018-04-02,183197010.66000006
2018-04-03,186569841.22
2018-04-04,188829110.41000003
2018-04-05,188661013.31999996
2018-04-06,186085514.84999996
2018-04-07,179641563.48999998
2018-04-08,163698333.69
2018-04-09,189518964.94000006
2018-04-10,189575961.48
2018-04-11,188399845.89999998
2018-04-12,189265633.37
2018-04-13,190876912.24
2018-04-14,181901394.64000002
2018-04-15,164368017.18
2018-04-16,190645826.73000002
2018-04-17,190188865.82999998
2018-04-18,193064685.59
2018-04-19,192675050.09
2018-04-20,189938370.0
2018-04-21,182352854.3
2018-04-22,164229398.82
2018-04-23,191413280.56
2018-04-24,194081731.04999998
2018-04-25,194229465.80999997
2018-04-26,194801580.69999996
2018-04-27,190077158.62
2018-04-28,182582813.46
2018-04-29,163186278.49
2018-04-30,186688359.79000002
2018-05-01,169191616.45
2018-05-02,191491959.91
2018-05-03,194118703.50000003
2018-05-04,190186894.88
2018-05-05,182139097.54000002
2018-05-06,164479106.94
2018-05-07,187964281.26
2018-05-08,187031924.46000007
2018-05-09,188339773.45000005
2018-05-10,190600277.93
2018-05-11,191319438.02999997
2018-05-12,183786767.16000003
2018-05-13,159326815.20000002
2018-05-14,161490081.29999998
2018-05-15,186410128.66
2018-05-16,192526139.54000002
2018-05-17,194556418.72
2018-05-18,192490504.60999995
2018-05-19,181607543.86999997
2018-05-20,164008150.02000004
2018-05-21,185679927.68999997
2018-05-22,190835808.03999996
2018-05-23,191629447.25000003
2018-05-24,191484767.94
2018-05-25,194019036.84
2018-05-26,182563016.45
2018-05-27,162216740.35999995
2018-05-28,186827430.55000004
2018-05-29,192430605.07000002
2018-05-30,193656087.13
2018-05-31,195487915.27999997
2018-06-01,192656093.30999997
2018-06-02,182513799.40000004
2018-06-03,164633973.61
2018-06-04,169249279.96999997
2018-06-05,193285427.25
2018-06-06,196711216.68
2018-06-07,197863393.27000004
2018-06-08,199402098.79
2018-06-09,188969556.47000003
2018-06-10,166273723.72000003
2018-06-11,166488681.29999998
2018-06-12,191965802.64000002
2018-06-13,196595160.12999997
2018-06-14,195124836.97
2018-06-15,194481004.85
2018-06-16,186133057.92999998
2018-06-17,168234651.0
2018-06-18,192238249.09999996
2018-06-19,192556028.63000003
2018-06-20,192072033.69000003
2018-06-21,194557607.81
2018-06-22,194684334.93
2018-06-23,185305825.50000003
2018-06-24,166205345.55000004
2018-06-25,190076549.85
2018-06-26,194193600.82999995
2018-06-27,193103426.83
2018-06-28,192670422.32
2018-06-29,191680072.03000003
2018-06-30,180989237.52
2018-07-01,160078030.72
2018-07-02,162803736.96000004
2018-07-03,183854679.31999996
2018-07-04,190549682.28000003
2018-07-05,194230909.07000002
2018-07-06,195416693.09999996
2018-07-07,186252536.37000003
2018-07-08,168314051.99
2018-07-09,193923681.39999998
2018-07-10,196089280.64
2018-07-11,196659250.51000002
2018-07-12,199172452.55
2018-07-13,199824275.83000004
2018-07-14,189785462.13
2018-07-15,172024981.76000002
2018-07-16,194368213.38999996
2018-07-17,197234069.82999998
2018-07-18,197820802.94000003
2018-07-19,198131910.73000005
2018-07-20,180396794.55999997
2018-07-21,184171565.01999998
2018-07-22,167744440.17000002
2018-07-23,193613459.58999997
2018-07-24,193804804.50000003
2018-07-25,195939753.8
2018-07-26,197070955.10000002
2018-07-27,194912578.97
2018-07-28,187754880.53
2018-07-29,168969600.70000002
2018-07-30,192770518.96999997
2018-07-31,189298769.31000006
2018-08-01,192479439.12000003
2018-08-02,195241250.32000002
2018-08-03,195171047.11
2018-08-04,185555295.15999997
2018-08-05,165616471.0
2018-08-06,189297159.42000002
2018-08-07,177355648.38
2018-08-08,198385207.67999998
2018-08-09,200728924.85000002
2018-08-10,199904783.91000003
2018-08-11,191518973.66000003
2018-08-12,173695687.11
2018-08-13,198913262.01
2018-08-14,196262757.72
2018-08-15,190040387.92999995
2018-08-16,196570554.20000005
2018-08-17,200395754.09999996
2018-08-18,189816208.04000002
2018-08-19,167172702.37
2018-08-20,172717294.39000002
2018-08-21,197980953.39999998
2018-08-22,200412562.15000007
2018-08-23,199345185.69
2018-08-24,198598272.16999996
2018-08-25,191555527.73
2018-08-26,169601032.05999997
2018-08-27,195306998.51000005
2018-08-28,199629811.93
2018-08-29,199657327.99
2018-08-30,198834934.76000002
2018-08-31,200823687.05999997
2018-09-01,190681924.31
2018-09-02,171448621.73
2018-09-03,196906462.82999998
2018-09-04,197160961.78000003
2018-09-05,195708397.33
2018-09-06,193940360.47
2018-09-07,194302520.55
2018-09-08,186700382.07000002
2018-09-09,169992494.49000004
2018-09-10,196203338.47999996
2018-09-11,198832463.48000002
2018-09-12,199166012.80999997
2018-09-13,199915531.48000002
2018-09-14,197545829.26000002
2018-09-15,185457939.51
2018-09-16,163117463.94
2018-09-17,191190606.94
2018-09-18,198241714.17000002
2018-09-19,199320265.9
2018-09-20,200413959.93999997
2018-09-21,202805057.54
2018-09-22,190085219.92000002
2018-09-23,171853369.26999998
2018-09-24,194884924.89
2018-09-25,197800773.75
2018-09-26,196743555.42999998
2018-09-27,194318284.43
2018-09-28,193966834.51999998
2018-09-29,186146030.06
2018-09-30,168426212.78
2018-10-01,194292186.12
2018-10-02,197714833.48999998
2018-10-03,196327988.42000005
2018-10-04,195141955.32000002
2018-10-05,195456585.63000003
2018-10-06,183216900.96999997
2018-10-07,168594493.95
2018-10-08,193823547.56000003
2018-10-09,192770669.28
2018-10-10,194079180.01000002
2018-10-11,192225408.17999995
2018-10-12,193035982.20000002
2018-10-13,183116803.43
2018-10-14,164703827.10000002
2018-10-15,169754125.48
2018-10-16,193336793.44999996
2018-10-17,197229799.29
2018-10-18,200473918.81999996
2018-10-19,198249186.55
2018-10-20,189595181.23999998
2018-10-21,169028933.79999998
2018-10-22,190922825.25000006
2018-10-23,194250520.72000003
2018-10-24,195277201.34000003
2018-10-25,199124757.74000004
2018-10-26,199972266.36
2018-10-27,191877458.76
2018-10-28,173989978.35999995
2018-10-29,196851613.90000007
2018-10-30,200092618.79999995
2018-10-31,199544123.56
2018-11-01,200816543.97999996
2018-11-02,196130902.23999998
2018-11-03,186726840.53000003
2018-11-04,167455856.88
2018-11-05,168506602.51999998
2018-11-06,193143254.36999997
2018-11-07,198103391.39999998
2018-11-08,200924023.07
2018-11-09,198373714.93999997
2018-11-10,190578457.06
2018-11-11,172293439.32999998
2018-11-12,176453519.44
2018-11-13,199701339.25
2018-11-14,199902395.53000003
2018-11-15,200820673.49
2018-11-16,202853724.99999997
2018-11-17,193091949.93999997
2018-11-18,174919635.11
2018-11-19,198319672.12
2018-11-20,200502839.25000003
2018-11-21,199789591.11
2018-11-22,200954331.21000004
2018-11-23,199135296.31
2018-11-24,190184932.85
2018-11-25,171333688.61
2018-11-26,197328164.95999998
2018-11-27,196128088.1
2018-11-28,196033715.03999996
2018-11-29,197411318.9
2018-11-30,197695643.78999996
2018-12-01,187326312.65
2018-12-02,169672826.92000002
2018-12-03,196183264.6
2018-12-04,198286484.64000002
2018-12-05,197241638.55999997
2018-12-06,196897199.03
2018-12-07,195566808.15
2018-12-08,177004410.27000004
2018-12-09,172280138.97
2018-12-10,198186961.67
2018-12-11,201318377.22
2018-12-12,200823249.97000003
2018-12-13,202064817.44999996
2018-12-14,200434895.99999994
2018-12-15,188972207.49999997
2018-12-16,172682934.09000003
2018-12-17,195452111.54999998
2018-12-18,198394959.29
2018-12-19,198491268.62000006
2018-12-20,197516534.44
2018-12-21,195197689.89
2018-12-22,183804134.72
2018-12-23,170296056.66000003
2018-12-24,172378636.87
2018-12-25,153599303.2
2018-12-26,183247444.74
2018-12-27,188735334.91
2018-12-28,188421089.75
2018-12-29,180382134.70999998
2018-12-30,166548265.48
2018-12-31,165565555.86
2019-01-01,145840216.67000002
2019-01-02,173147963.79
2019-01-03,182991990.98
2019-01-04,187438738.98999998
2019-01-05,181717681.45999998
2019-01-06,166021151.09999996
2019-01-07,165821072.4
2019-01-08,186878737.99000004
2019-01-09,185960928.82000002
2019-01-10,186199512.53
2019-01-11,187762064.1
2019-01-12,181583224.4
2019-01-13,166023425.76
2019-01-14,188371106.47
2019-01-15,190880447.23000002
2019-01-16,192892595.77
2019-01-17,195258356.29
2019-01-18,196217458.73999998
2019-01-19,187802308.7
2019-01-20,168937831.75
2019-01-21,192675073.29000002
2019-01-22,194968360.82000005
2019-01-23,197107525.30999997
2019-01-24,200143831.84
2019-01-25,201687284.04
2019-01-26,191173382.41000003
2019-01-27,173507965.73000002
2019-01-28,196152581.76
2019-01-29,198074900.44
2019-01-30,197968768.54999998
2019-01-31,198598059.52
2019-02-01,197992124.45000002
2019-02-02,188605081.4
2019-02-03,170638576.69
2019-02-04,197523828.39
2019-02-05,200645969.43
2019-02-06,201422288.44999996
2019-02-07,201702703.68999997
2019-02-08,199593627.5
2019-02-09,188483369.29
2019-02-10,170146979.83
2019-02-11,197471614.25
2019-02-12,200427053.67000002
2019-02-13,202469612.96
2019-02-14,202899261.88000003
2019-02-15,204108903.76000002
2019-02-16,193976083.36
2019-02-17,175031475.29000002
2019-02-18,198081368.14999998
2019-02-19,197848642.89999998
2019-02-20,196483337.17000002
2019-02-21,198391981.97999996
2019-02-22,200728206.92
2019-02-23,191518901.12
2019-02-24,170929356.23999998
2019-02-25,195299439.02
2019-02-26,197748804.3
2019-02-27,198597567.79000002
2019-02-28,199588822.65999997
2019-03-01,200021632.61999995
2019-03-02,188190682.23999995
2019-03-03,170342643.29999998
2019-03-04,196289545.78
2019-03-05,198474699.63000003
2019-03-06,201467738.72
2019-03-07,200353445.1
2019-03-08,200485627.97
2019-03-09,192673603.61999997
2019-03-10,172215522.29000002
2019-03-11,194126797.52000004
2019-03-12,196564767.72000003
2019-03-13,197932488.47
2019-03-14,199315906.5
2019-03-15,199304169.03999996
2019-03-16,190995766.26000002
2019-03-17,171448010.76
2019-03-18,196003678.40000004
2019-03-19,195263192.96
2019-03-20,198324725.50000003
2019-03-21,198358044.96000004
2019-03-22,197379137.59
2019-03-23,187774151.43999997
2019-03-24,170198874.62
2019-03-25,174008213.89999995
2019-03-26,198588910.67
2019-03-27,200827399.3
2019-03-28,202128466.37000003
2019-03-29,196839209.26999995
2019-03-30,189357095.77
2019-03-31,172923294.80999997
2019-04-01,193601767.49999997
2019-04-02,194635185.48999998
2019-04-03,196906349.28
2019-04-04,199820109.84
2019-04-05,200613675.04999995
2019-04-06,190922770.64
2019-04-07,172537242.39000002
2019-04-08,199197395.16999996
2019-04-09,201167840.36
2019-04-10,200417883.32
2019-04-11,201664283.74000004
2019-04-12,203588703.63
2019-04-13,195148795.64
2019-04-14,178622786.89
2019-04-15,197101481.19999993
2019-04-16,198615968.30999997
2019-04-17,195397766.92000008
2019-04-18,168052697.44999996
2019-04-19,160598104.4
2019-04-20,169466709.97
2019-04-21,166364428.94
2019-04-22,191324724.17999998
2019-04-23,197799275.09000003
2019-04-24,198787147.60999998
2019-04-25,200877117.24
2019-04-26,202496897.07000002
2019-04-27,193911733.83
2019-04-28,177335066.95
2019-04-29,202157712.43000004
2019-04-30,204095609.22000003
2019-05-01,185192063.25
2019-05-02,204622166.02
2019-05-03,206593673.91
2019-05-04,196807426.92
2019-05-05,177262344.20000002
2019-05-06,205097781.9
2019-05-07,207393109.09
2019-05-08,202354531.29999998
2019-05-09,198019225.11999997
2019-05-10,195589556.73999995
2019-05-11,188251161.60000005
2019-05-12,169550636.95999998
2019-05-13,198601594.65
2019-05-14,201893513.17999998
2019-05-15,199873318.72000003
2019-05-16,202017830.25
2019-05-17,203076693.20999998
2019-05-18,192103853.86000004
2019-05-19,171567539.94
2019-05-20,195738551.91000003
2019-05-21,197048739.72999996
2019-05-22,200492338.96
2019-05-23,197248751.32999998
2019-05-24,198966408.96999997
2019-05-25,187611944.53
2019-05-26,168421120.2
2019-05-27,193071181.79999998
2019-05-28,194392186.56000003
2019-05-29,196801371.98
2019-05-30,194528336.39
2019-05-31,194863511.03000003
2019-06-01,183453161.04
2019-06-02,167753180.65
2019-06-03,173424948.66000003
2019-06-04,199377422.68
2019-06-05,202926642.45
2019-06-06,199220870.18
2019-06-07,194949422.85
2019-06-08,189689795.97
2019-06-09,176043551.76
2019-06-10,197778593.64
2019-06-11,199433896.34000003
2019-06-12,200170744.94999996
2019-06-13,202898382.1
2019-06-14,204383004.56
2019-06-15,194749345.63
2019-06-16,172471394.70000002
2019-06-17,201175597.23
2019-06-18,206892531.78
2019-06-19,206787255.52
2019-06-20,206089840.31999996
2019-06-21,206873169.93000004
2019-06-22,195583886.19000006
2019-06-23,176038292.92999995
2019-06-24,173784357.89
2019-06-25,193987697.49
2019-06-26,201829398.28
2019-06-27,204337434.94000003
2019-06-28,203749307.16
2019-06-29,191836414.99000004
2019-06-30,171459731.60000002
2019-07-01,171858373.69999996
2019-07-02,194649891.05999997
2019-07-03,199592596.61999997
2019-07-04,200861977.29999998
2019-07-05,202456350.88
2019-07-06,193416468.51999995
2019-07-07,175812840.28
2019-07-08,196523917.73999998
2019-07-09,196345714.46
2019-07-10,201027057.35
2019-07-11,201626301.85
2019-07-12,202589680.82000002
2019-07-13,192456856.41999996
2019-07-14,174117255.43
2019-07-15,196231486.44
2019-07-16,199329414.57999995
2019-07-17,201676565.68000004
2019-07-18,205324758.56999996
2019-07-19,204681204.11
2019-07-20,186239826.55
2019-07-21,176283793.28
2019-07-22,202764015.00000006
2019-07-23,199127878.08000004
2019-07-24,201097644.20000002
2019-07-25,201664561.35999998
2019-07-26,200875610.79999998
2019-07-27,192873640.98000002
2019-07-28,176522109.91
2019-07-29,201409568.69
2019-07-30,203316948.52999994
2019-07-31,204918775.7
2019-08-01,203258028.73
2019-08-02,205800690.53
2019-08-03,193927788.18
2019-08-04,174367947.73000002
2019-08-05,199323611.26999998
2019-08-06,202634095.43000004
2019-08-07,185200429.39999998
2019-08-08,204432634.03
2019-08-09,207422351.27000004
2019-08-10,199104426.32999998
2019-08-11,180735744.18999997
2019-08-12,207288660.51
2019-08-13,210159745.64000008
2019-08-14,205462076.23000002
2019-08-15,202865549.85999995
2019-08-16,197339330.01000002
2019-08-17,188815724.79999998
2019-08-18,173252835.01999998
2019-08-19,178147947.08999997
2019-08-20,200365006.63999996
2019-08-21,206401056.25000003
2019-08-22,209060564.76
2019-08-23,209253270.85999998
2019-08-24,197324877.23
2019-08-25,177639724.17
2019-08-26,207091110.42000002
2019-08-27,210589769.78
2019-08-28,206676249.90000004
2019-08-29,207415251.72
2019-08-30,210321850.15000004
2019-08-31,199237210.45
2019-09-01,177061042.45
2019-09-02,200199385.11
2019-09-03,203029258.34
2019-09-04,208088971.53999996
2019-09-05,209042772.9
2019-09-06,206912458.59
2019-09-07,199838565.6
2019-09-08,178611046.06
2019-09-09,207294469.3
2019-09-10,212673471.54000002
2019-09-11,213778370.71999994
2019-09-12,211396980.85000002
2019-09-13,211168017.04000002
2019-09-14,200727100.42000002
2019-09-15,180907906.73000002
2019-09-16,205707708.42999998
2019-09-17,205798502.51
2019-09-18,202775842.07
2019-09-19,197246907.35000002
2019-09-20,197900109.58999997
2019-09-21,185839307.14000002
2019-09-22,172343129.53
2019-09-23,197149475.71000004
2019-09-24,200256646.52999997
2019-09-25,203023654.29000002
2019-09-26,200963296.91000003
2019-09-27,204091991.86
2019-09-28,196492830.04
2019-09-29,174259340.85
2019-09-30,198012697.05
2019-10-01,197870640.40999997
2019-10-02,198996877.11
2019-10-03,197200937.69000003
2019-10-04,199199383.32000002
2019-10-05,192238180.74999997
2019-10-06,171922381.01
2019-10-07,198369927.05
2019-10-08,201034501.06
2019-10-09,199158338.28
2019-10-10,199751850.13
2019-10-11,198086195.46999997
2019-10-12,188610759.49000004
2019-10-13,171594014.21000004
2019-10-14,174364384.95
2019-10-15,198971280.37
2019-10-16,199273556.38
2019-10-17,199676573.98
2019-10-18,199882867.34
2019-10-19,189024898.53999993
2019-10-20,171083540.75999996
2019-10-21,195075364.73999998
2019-10-22,195849545.96999997
2019-10-23,197356489.4
2019-10-24,197442019.04000002
2019-10-25,200029880.16999996
2019-10-26,192941480.57
2019-10-27,171418455.22
2019-10-28,201054501.12000003
2019-10-29,205580241.10999998
2019-10-30,205033204.64000005
2019-10-31,202319678.1
2019-11-01,202720710.54999995
2019-11-02,191850866.34
2019-11-03,172639789.13
2019-11-04,177887497.51
2019-11-05,200315217.54
2019-11-06,203710572.57
2019-11-07,204630873.75
2019-11-08,207989550.76000005
2019-11-09,195690865.86
2019-11-10,177053135.89999998
2019-11-11,179305009.48999998
2019-11-12,200022341.46000004
2019-11-13,199383683.64
2019-11-14,200039565.01
2019-11-15,202515129.71000004
2019-11-16,193498815.45000005
2019-11-17,177924404.82
2019-11-18,201172311.84999996
2019-11-19,202656567.07999998
2019-11-20,202721602.05999997
2019-11-21,195933923.42000005
2019-11-22,197547216.71000004
2019-11-23,190470437.36
2019-11-24,176578588.51000002
2019-11-25,204317750.68000004
2019-11-26,209731776.95
2019-11-27,211342050.89000002
2019-11-28,212846328.82000002
2019-11-29,207857176.26000002
2019-11-30,196941708.90999994
2019-12-01,180736823.52
2019-12-02,206221494.78000003
2019-12-03,210658179.42999998
2019-12-04,209626766.73
2019-12-05,210941393.73000002
2019-12-06,211439363.35000002
2019-12-07,197278031.65
2019-12-08,177292136.40000004
2019-12-09,204319654.7
2019-12-10,209130996.46000007
2019-12-11,208790426.39000002
2019-12-12,207212302.43
2019-12-13,204821552.25999996
2019-12-14,195153296.70000002
2019-12-15,180438590.35000002
2019-12-16,205550419.96
2019-12-17,207434477.39000002
2019-12-18,207203889.45000005
2019-12-19,208400642.47000003
2019-12-20,208098026.90000007
2019-12-21,196508328.40000004
2019-12-22,183292875.57999998
2019-12-23,200788615.57
2019-12-24,188283439.61999997
2019-12-25,167077085.84
2019-12-26,196598965.36000007
2019-12-27,198259777.84
2019-12-28,192174160.95999998
2019-12-29,179603054.75999996
2019-12-30,190237955.52
2019-12-31,174739932.84
