fecha,ventas_bolsa
2010-01-01,44877553.690000005
2010-01-02,43958164.96
2010-01-03,53146284.870000005
2010-01-04,46759694.44
2010-01-05,47302938.66
2010-01-06,51148768.440000005
2010-01-07,53074971.99000001
2010-01-08,54836075.499999985
2010-01-09,63754834.47
2010-01-10,49178046.05
2010-01-11,49976865.53
2010-01-12,54206564.910000004
2010-01-13,53562531.86
2010-01-14,49219401.99000002
2010-01-15,48807435.089999996
2010-01-16,49318705.6
2010-01-17,43024279.25
2010-01-18,55653766.81999999
2010-01-19,51987949.559999995
2010-01-20,49985712.039999984
2010-01-21,62827645.580000006
2010-01-22,55669947.29000001
2010-01-23,58625754.72
2010-01-24,44128225.92
2010-01-25,45923979.29
2010-01-26,49371842.99
2010-01-27,49752071.04
2010-01-28,53889332.49999999
2010-01-29,51520151.67999999
2010-01-30,51138285.34999999
2010-01-31,42137826.75000001
2010-02-01,53743512.489999995
2010-02-02,53668506.03
2010-02-03,55820825.349999994
2010-02-04,62764757.25999999
2010-02-05,57008412.190000005
2010-02-06,56609788.6
2010-02-07,52627556.22999999
2010-02-08,52807557.3
2010-02-09,50823137.42000001
2010-02-10,48679913.29000001
2010-02-11,45399707.1
2010-02-12,46855763.97
2010-02-13,47854608.24
2010-02-14,44756986.91
2010-02-15,53783363.93
2010-02-16,49787488.85999999
2010-02-17,65541419.970000006
2010-02-18,56255726.89
2010-02-19,52689520.50999999
2010-02-20,56341769.309999995
2010-02-21,52723918.5
2010-02-22,57297427.300000004
2010-02-23,55610509.03000001
2010-02-24,52583312.620000005
2010-02-25,57860737.059999995
2010-02-26,55687027.69999999
2010-02-27,62976551.15
2010-02-28,60463094.70999999
2010-03-01,54959307.66000002
2010-03-02,51638883.93
2010-03-03,54035743.610000014
2010-03-04,59658884.50000001
2010-03-05,57270253.49000001
2010-03-06,55863944.67
2010-03-07,54466554.48999999
2010-03-08,57402147.26
2010-03-09,49625342.70000001
2010-03-10,52815861.08999998
2010-03-11,51514712.720000006
2010-03-12,67896449.77999999
2010-03-13,63334271.2
2010-03-14,47275978.919999994
2010-03-15,58510739.53000001
2010-03-16,50190971.809999995
2010-03-17,48174151.300000004
2010-03-18,46323757.38999999
2010-03-19,45954426.330000006
2010-03-20,49151886.32
2010-03-21,44290068.71
2010-03-22,40575550.38999999
2010-03-23,54158706.38
2010-03-24,51592102.78000001
2010-03-25,59367252.98
2010-03-26,56205399.43
2010-03-27,52703955.489999995
2010-03-28,37284336.6
2010-03-29,46316834.45
2010-03-30,47949200.22
2010-03-31,43342362.400000006
2010-04-01,53136681.24999999
2010-04-02,47715133.419999994
2010-04-03,58085979.42
2010-04-04,55459782.500000015
2010-04-05,59909015.61
2010-04-06,58110247.39
2010-04-07,48662113.64
2010-04-08,49510363.58
2010-04-09,64660305.21000001
2010-04-10,60948048.14
2010-04-11,62726622.870000005
2010-04-12,58913461.750000015
2010-04-13,60599680.74999999
2010-04-14,55943659.3
2010-04-15,54687203.55
2010-04-16,61768994.43
2010-04-17,54414585.24999999
2010-04-18,46696540.41
2010-04-19,53184795.96000001
2010-04-20,58242395.15
2010-04-21,49283301.550000004
2010-04-22,52025971.96
2010-04-23,49650042.56
2010-04-24,50508455.46999999
2010-04-25,37350720.27000001
2010-04-26,54311854.650000006
2010-04-27,55706510.96
2010-04-28,52785473.84000001
2010-04-29,52213347.78
2010-04-30,57749122.830000006
2010-05-01,41847930.10000001
2010-05-02,41458689.79
2010-05-03,58863532.42999999
2010-05-04,42367783.06999999
2010-05-05,42167329.24000001
2010-05-06,38446519.52
2010-05-07,38904837.9
2010-05-08,37805760.54
2010-05-09,35119768.28
2010-05-10,42677289.39000001
2010-05-11,48386986.43999999
2010-05-12,52749351.06
2010-05-13,50347126.45000001
2010-05-14,43701383.83
2010-05-15,44097754.97
2010-05-16,38867302.089999996
2010-05-17,49247784.88
2010-05-18,45552763.31999999
2010-05-19,43911358.339999996
2010-05-20,45075987.54000001
2010-05-21,50585711.05
2010-05-22,43161882.8
2010-05-23,39099836.75
2010-05-24,38793640.419999994
2010-05-25,39766651.28
2010-05-26,39664257.17
2010-05-27,44972263.49
2010-05-28,40440598.72
2010-05-29,36349475.9
2010-05-30,40618338.79000001
2010-05-31,44422761.67999999
2010-06-01,40483713.14000001
2010-06-02,39477962.370000005
2010-06-03,52692814.26000001
2010-06-04,52276449.12
2010-06-05,50740008.96000001
2010-06-06,51085832.559999995
2010-06-07,59652628.860000014
2010-06-08,48586446.25
2010-06-09,47297888.97
2010-06-10,48383378.010000005
2010-06-11,48903194.970000006
2010-06-12,54051712.15
2010-06-13,56923774.28000001
2010-06-14,53428241.64999999
2010-06-15,57063459.89999999
2010-06-16,48766095.88
2010-06-17,49545455.58
2010-06-18,51563369.54999999
2010-06-19,50344553.37
2010-06-20,45710765.51999999
2010-06-21,48493931.85000001
2010-06-22,49234765.51
2010-06-23,52866360.800000004
2010-06-24,39409032.17
2010-06-25,50778573.89
2010-06-26,52969821.14
2010-06-27,48506888.78000001
2010-06-28,47918487.230000004
2010-06-29,50378067.95
2010-06-30,50021499.67999999
2010-07-01,43250026.31
2010-07-02,42355964.73000001
2010-07-03,46817477.88999999
2010-07-04,50283677.41
2010-07-05,49778291.3
2010-07-06,50366137.98
2010-07-07,49910757.56
2010-07-08,50199058.74999999
2010-07-09,47134334.10999999
2010-07-10,55510571.96
2010-07-11,57570935.029999994
2010-07-12,54651136.64
2010-07-13,55055185.13
2010-07-14,54184304.0
2010-07-15,54292887.62000001
2010-07-16,52680586.68
2010-07-17,52185547.3
2010-07-18,52030782.89
2010-07-19,56821225.50000001
2010-07-20,53313198.489999995
2010-07-21,54528854.739999995
2010-07-22,54938473.88999999
2010-07-23,54943964.25999999
2010-07-24,55583345.419999994
2010-07-25,54778034.83999999
2010-07-26,55814470.82
2010-07-27,55674483.64
2010-07-28,52501550.6
2010-07-29,53239525.0
2010-07-30,50967839.75
2010-07-31,53299849.48
2010-08-01,45181924.760000005
2010-08-02,52069250.529999994
2010-08-03,54474044.36
2010-08-04,55450177.27000001
2010-08-05,51915861.4
2010-08-06,52809988.59
2010-08-07,55353152.150000006
2010-08-08,52555862.989999995
2010-08-09,59025064.97999999
2010-08-10,52805852.61000001
2010-08-11,48612051.41
2010-08-12,47815656.78000001
2010-08-13,48188964.71
2010-08-14,47628186.26
2010-08-15,50326229.13
2010-08-16,48713755.35999999
2010-08-17,50398996.51
2010-08-18,50828985.349999994
2010-08-19,49954515.31999999
2010-08-20,41522834.06999999
2010-08-21,47339004.33999999
2010-08-22,46476028.45999999
2010-08-23,49029145.31
2010-08-24,47985031.56000001
2010-08-25,47892087.129999995
2010-08-26,41443276.00000001
2010-08-27,44186913.85
2010-08-28,47810945.95
2010-08-29,45692489.019999996
2010-08-30,46874886.93999999
2010-08-31,47751447.53
2010-09-01,46783003.309999995
2010-09-02,51079492.53000001
2010-09-03,55876179.05
2010-09-04,44141939.99
2010-09-05,46359218.91
2010-09-06,50790657.839999996
2010-09-07,50464926.71999999
2010-09-08,55884578.23999999
2010-09-09,48202428.95
2010-09-10,45709811.35000001
2010-09-11,47847478.309999995
2010-09-12,47746108.61000001
2010-09-13,51665770.00000001
2010-09-14,47903789.06999999
2010-09-15,48432427.02999999
2010-09-16,40826419.529999994
2010-09-17,48479860.72000001
2010-09-18,47519046.11
2010-09-19,42857905.56
2010-09-20,40088066.230000004
2010-09-21,42495700.129999995
2010-09-22,35785302.1
2010-09-23,39953775.96000001
2010-09-24,42584444.77000001
2010-09-25,43530536.83
2010-09-26,43601197.68
2010-09-27,40828525.370000005
2010-09-28,38786741.78000001
2010-09-29,40625163.01
2010-09-30,39925452.12
2010-10-01,39080954.279999994
2010-10-02,43036365.11999999
2010-10-03,45383352.10999999
2010-10-04,42113146.65
2010-10-05,42955540.95
2010-10-06,41204372.41000001
2010-10-07,40249138.41
2010-10-08,45909914.69
2010-10-09,51093083.249999985
2010-10-10,48113602.010000005
2010-10-11,48826291.32000001
2010-10-12,40910798.65
2010-10-13,43527328.51999999
2010-10-14,41345208.87
2010-10-15,39318207.04
2010-10-16,38911912.849999994
2010-10-17,40788529.5
2010-10-18,39009093.26
2010-10-19,41313211.440000005
2010-10-20,43600677.49
2010-10-21,49939264.400000006
2010-10-22,50483851.17000001
2010-10-23,52733612.900000006
2010-10-24,46018804.400000006
2010-10-25,47171362.08
2010-10-26,45747111.589999996
2010-10-27,47693385.0
2010-10-28,46853919.70999999
2010-10-29,52378038.12
2010-10-30,41295719.480000004
2010-10-31,32178292.929999996
2010-11-01,36017309.77000001
2010-11-02,38146317.37
2010-11-03,47556652.81999999
2010-11-04,45677784.4
2010-11-05,52044971.61
2010-11-06,49013678.440000005
2010-11-07,52719195.64
2010-11-08,42389423.64999999
2010-11-09,43923332.440000005
2010-11-10,51604153.57000001
2010-11-11,51395196.58
2010-11-12,53300292.37999999
2010-11-13,46724857.77
2010-11-14,46577852.790000014
2010-11-15,47250180.739999995
2010-11-16,52502889.15999999
2010-11-17,47915792.87999999
2010-11-18,53109311.650000006
2010-11-19,53739411.23
2010-11-20,57017931.36
2010-11-21,49871080.480000004
2010-11-22,50994181.87000001
2010-11-23,48787549.45999999
2010-11-24,54368693.720000006
2010-11-25,58234252.56000001
2010-11-26,56100453.77999999
2010-11-27,57426364.84
2010-11-28,49328325.88
2010-11-29,51150358.720000006
2010-11-30,56664384.82999999
2010-12-01,53956811.01000001
2010-12-02,53326565.179999985
2010-12-03,52825119.550000004
2010-12-04,50133322.41
2010-12-05,55720920.53999999
2010-12-06,55687038.82000001
2010-12-07,55271520.46000001
2010-12-08,49515235.79
2010-12-09,53292474.33
2010-12-10,57551308.07
2010-12-11,52876620.519999996
2010-12-12,52355760.39
2010-12-13,57629503.779999994
2010-12-14,56069373.55
2010-12-15,52370294.62
2010-12-16,56411420.54
2010-12-17,61555482.4
2010-12-18,60357674.080000006
2010-12-19,52746537.84
2010-12-20,55008060.07
2010-12-21,52347422.059999995
2010-12-22,53545119.41999999
2010-12-23,52873379.449999996
2010-12-24,52505610.20999999
2010-12-25,46373470.2
2010-12-26,48345072.18
2010-12-27,53330448.510000005
2010-12-28,54070111.82999998
2010-12-29,55552817.39
2010-12-30,56741009.85
2010-12-31,56616298.17999999
2011-01-01,48987312.72999999
2011-01-02,45254109.81
2011-01-03,49203449.25
2011-01-04,56250457.46
2011-01-05,52912597.21000001
2011-01-06,54646687.42
2011-01-07,58809784.739999995
2011-01-08,52856187.400000006
2011-01-09,52824334.33
2011-01-10,55139071.95
2011-01-11,52494434.42
2011-01-12,49992354.769999996
2011-01-13,45396777.79000001
2011-01-14,53127875.260000005
2011-01-15,56119823.779999994
2011-01-16,47676637.03000001
2011-01-17,50886639.18
2011-01-18,43511324.02
2011-01-19,45895421.699999996
2011-01-20,47190458.309999995
2011-01-21,52000101.05
2011-01-22,43870793.00000001
2011-01-23,43914992.94999999
2011-01-24,51765598.42
2011-01-25,46972295.97000001
2011-01-26,48128050.62999999
2011-01-27,50191104.1
2011-01-28,51479067.46000001
2011-01-29,40668747.260000005
2011-01-30,40612429.949999996
2011-01-31,40064318.970000006
2011-02-01,48178490.739999995
2011-02-02,48431454.550000004
2011-02-03,44390284.73
2011-02-04,50593102.49
2011-02-05,40203253.6
2011-02-06,37573522.48
2011-02-07,47012059.499999985
2011-02-08,50869075.86000001
2011-02-09,47417327.04999999
2011-02-10,45110534.33
2011-02-11,44493201.39999999
2011-02-12,48385448.12000002
2011-02-13,47339990.080000006
2011-02-14,41718637.83
2011-02-15,42100221.599999994
2011-02-16,42365417.1
2011-02-17,48323803.6
2011-02-18,44837678.12
2011-02-19,49125268.13
2011-02-20,43419103.489999995
2011-02-21,48216793.69
2011-02-22,43632715.47
2011-02-23,43348171.089999996
2011-02-24,45834266.97
2011-02-25,45847197.19
2011-02-26,47722176.68
2011-02-27,45314894.36000001
2011-02-28,51005250.96
2011-03-01,44559867.989999995
2011-03-02,45814540.14000001
2011-03-03,46596927.190000005
2011-03-04,46535174.30999999
2011-03-05,50307562.23999999
2011-03-06,47937023.67999999
2011-03-07,44646940.39
2011-03-08,43665824.5
2011-03-09,46304709.49
2011-03-10,42050680.31
2011-03-11,45566514.21999999
2011-03-12,43786123.309999995
2011-03-13,44679412.11
2011-03-14,43064628.54
2011-03-15,43452170.82999998
2011-03-16,47056334.57999999
2011-03-17,45996783.36000001
2011-03-18,43869601.970000006
2011-03-19,44419577.61
2011-03-20,48187103.57
2011-03-21,47350510.61999999
2011-03-22,50622075.11000001
2011-03-23,48535643.819999985
2011-03-24,44430264.73999999
2011-03-25,42669160.67000001
2011-03-26,43167165.089999996
2011-03-27,39642268.23
2011-03-28,43131921.25999999
2011-03-29,44364722.96000001
2011-03-30,44517317.120000005
2011-03-31,43394692.28
2011-04-01,51060972.56999999
2011-04-02,49846217.9
2011-04-03,45006335.730000004
2011-04-04,47247066.62
2011-04-05,47393809.82000001
2011-04-06,46270035.53
2011-04-07,48546728.14
2011-04-08,47753907.86
2011-04-09,46046160.29000001
2011-04-10,44948874.23
2011-04-11,45062089.87
2011-04-12,42090042.769999996
2011-04-13,40196336.10000001
2011-04-14,43109781.440000005
2011-04-15,44781855.730000004
2011-04-16,40806457.17000001
2011-04-17,41727353.85999999
2011-04-18,46242001.08
2011-04-19,45824896.53999999
2011-04-20,44577314.67
2011-04-21,44258755.24
2011-04-22,41207134.54
2011-04-23,44464189.48
2011-04-24,38600829.2
2011-04-25,44520488.38999999
2011-04-26,46665184.480000004
2011-04-27,47491996.980000004
2011-04-28,47484978.24
2011-04-29,50087725.04999999
2011-04-30,48882481.919999994
2011-05-01,44808769.88999999
2011-05-02,45329893.58
2011-05-03,40374384.949999996
2011-05-04,44980404.18000001
2011-05-05,45342492.940000005
2011-05-06,48567587.81
2011-05-07,44458883.199999996
2011-05-08,44141320.970000006
2011-05-09,44367498.660000004
2011-05-10,41864585.62
2011-05-11,44318205.92
2011-05-12,43048769.550000004
2011-05-13,43742354.980000004
2011-05-14,40291354.81999999
2011-05-15,36964659.980000004
2011-05-16,43589913.86
2011-05-17,43183373.99
2011-05-18,45839841.39
2011-05-19,44429014.3
2011-05-20,49091653.19
2011-05-21,47881705.480000004
2011-05-22,42798860.43000001
2011-05-23,45996377.64999999
2011-05-24,44063769.72
2011-05-25,47647045.510000005
2011-05-26,47658363.61
2011-05-27,49522922.58000001
2011-05-28,45696727.620000005
2011-05-29,44337616.03
2011-05-30,50090375.690000005
2011-05-31,48451767.24000001
2011-06-01,45114213.44
2011-06-02,41282051.73000001
2011-06-03,47566076.82999999
2011-06-04,47495752.02000001
2011-06-05,43311946.21
2011-06-06,43160764.08
2011-06-07,42476541.69
2011-06-08,43591637.82
2011-06-09,44449077.20000001
2011-06-10,44459405.290000014
2011-06-11,43103453.42
2011-06-12,40397240.660000004
2011-06-13,40331967.849999994
2011-06-14,41936678.42999999
2011-06-15,39171464.65
2011-06-16,38935272.63
2011-06-17,39805155.04
2011-06-18,43676729.45
2011-06-19,36750860.93
2011-06-20,39031136.61
2011-06-21,40501731.21
2011-06-22,43826126.57
2011-06-23,44361598.019999996
2011-06-24,43708051.13
2011-06-25,39481395.169999994
2011-06-26,44696626.4
2011-06-27,37793259.90999999
2011-06-28,44540740.61
2011-06-29,40810863.669999994
2011-06-30,44606680.87
2011-07-01,49118456.279999994
2011-07-02,43759644.53
2011-07-03,42573220.7
2011-07-04,43203231.01
2011-07-05,43312390.28000001
2011-07-06,46219817.699999996
2011-07-07,45610676.999999985
2011-07-08,42859556.82
2011-07-09,46792788.36
2011-07-10,46690462.029999994
2011-07-11,45891895.28000001
2011-07-12,47175834.50000001
2011-07-13,43284754.599999994
2011-07-14,43995332.8
2011-07-15,43201959.099999994
2011-07-16,46788789.07
2011-07-17,51606729.359999985
2011-07-18,51490428.82
2011-07-19,49176954.67999999
2011-07-20,51196451.67000001
2011-07-21,50684941.66000001
2011-07-22,50147682.29999999
2011-07-23,48220448.24999999
2011-07-24,48057567.41999999
2011-07-25,50020821.29
2011-07-26,50286962.68000001
2011-07-27,45320922.519999996
2011-07-28,45520703.77
2011-07-29,46801562.31999999
2011-07-30,42307429.68
2011-07-31,42128516.15
2011-08-01,39787012.800000004
2011-08-02,40825253.779999994
2011-08-03,44707474.51
2011-08-04,42850582.830000006
2011-08-05,47272062.65000001
2011-08-06,46756859.31999999
2011-08-07,50576220.75
2011-08-08,51408433.29999999
2011-08-09,43463799.59
2011-08-10,42693478.34000001
2011-08-11,44715573.220000006
2011-08-12,35083449.86000001
2011-08-13,36891858.58
2011-08-14,34450219.16
2011-08-15,40111380.029999994
2011-08-16,41127170.15
2011-08-17,38563616.82
2011-08-18,40242544.05
2011-08-19,45976453.24999999
2011-08-20,39019987.169999994
2011-08-21,39281031.95999999
2011-08-22,44762648.08
2011-08-23,39002025.44000001
2011-08-24,37394830.89
2011-08-25,35379146.14
2011-08-26,35468135.96
2011-08-27,38647378.699999996
2011-08-28,47658233.12
2011-08-29,45315536.980000004
2011-08-30,44805437.48
2011-08-31,44446203.09
2011-09-01,50963918.87
2011-09-02,50250864.42
2011-09-03,56582157.18000001
2011-09-04,55793628.57000001
2011-09-05,48097899.68
2011-09-06,44600359.809999995
2011-09-07,44525856.84
2011-09-08,41377076.61
2011-09-09,46613938.089999996
2011-09-10,48079817.220000006
2011-09-11,52905073.82000001
2011-09-12,44071349.31
2011-09-13,45294631.74999999
2011-09-14,42661377.82000001
2011-09-15,47535855.469999984
2011-09-16,45437173.489999995
2011-09-17,43778758.67000001
2011-09-18,47205337.230000004
2011-09-19,40107232.40999999
2011-09-20,40798847.89
2011-09-21,43780665.64
2011-09-22,45074468.04999999
2011-09-23,43468416.599999994
2011-09-24,45390110.150000006
2011-09-25,46908997.85
2011-09-26,39578369.66
2011-09-27,38880886.370000005
2011-09-28,46891362.269999996
2011-09-29,51033742.11
2011-09-30,42123780.78999999
2011-10-01,42335418.14
2011-10-02,42670033.54
2011-10-03,43810433.75000001
2011-10-04,42787876.56
2011-10-05,39726730.949999996
2011-10-06,47787291.81
2011-10-07,45292213.269999996
2011-10-08,40548267.86000001
2011-10-09,58238307.83
2011-10-10,43744520.16
2011-10-11,38751978.40999999
2011-10-12,41160491.41000001
2011-10-13,42659082.17999999
2011-10-14,41811840.75
2011-10-15,39671489.31000001
2011-10-16,51783056.90999999
2011-10-17,44196927.610000014
2011-10-18,40305439.20000001
2011-10-19,42118831.330000006
2011-10-20,43360642.31999999
2011-10-21,45418962.13
2011-10-22,45196740.349999994
2011-10-23,46697824.44
2011-10-24,42692662.62
2011-10-25,44380670.87000001
2011-10-26,45034474.48
2011-10-27,43363617.86999999
2011-10-28,42423951.87
2011-10-29,40324892.14
2011-10-30,44382417.650000006
2011-10-31,42032841.49000001
2011-11-01,44391431.129999995
2011-11-02,45295491.53999999
2011-11-03,45799743.120000005
2011-11-04,46930628.029999994
2011-11-05,48119006.779999994
2011-11-06,46341860.519999996
2011-11-07,48295767.89000001
2011-11-08,43091186.71000001
2011-11-09,47038902.14
2011-11-10,42885763.57000001
2011-11-11,41362855.09
2011-11-12,42522915.50000001
2011-11-13,41408051.339999996
2011-11-14,46817140.69999999
2011-11-15,45147718.7
2011-11-16,43354885.87999999
2011-11-17,44259043.32
2011-11-18,43062127.95999999
2011-11-19,42092603.75
2011-11-20,41588005.18000001
2011-11-21,47410136.580000006
2011-11-22,43706669.29999999
2011-11-23,48115688.870000005
2011-11-24,49395904.489999995
2011-11-25,44454619.50999999
2011-11-26,47962954.650000006
2011-11-27,43358743.07
2011-11-28,47247567.22
2011-11-29,48370438.54
2011-11-30,48694047.739999995
2011-12-01,51973168.46
2011-12-02,52284689.81000001
2011-12-03,53199302.07
2011-12-04,49607205.81
2011-12-05,53322835.99
2011-12-06,51936898.620000005
2011-12-07,56453138.87
2011-12-08,57988028.10000001
2011-12-09,51908594.190000005
2011-12-10,55417682.599999994
2011-12-11,55020858.05999999
2011-12-12,56659977.00000001
2011-12-13,59297484.80000001
2011-12-14,57254994.919999994
2011-12-15,55880167.36
2011-12-16,57879037.36999998
2011-12-17,50619335.22
2011-12-18,51853205.109999985
2011-12-19,54706440.11999998
2011-12-20,54081321.650000006
2011-12-21,54044920.22
2011-12-22,55005478.18000001
2011-12-23,51713092.56
2011-12-24,53890347.33000001
2011-12-25,62159246.910000004
2011-12-26,59249418.39
2011-12-27,57202099.89999999
2011-12-28,57920972.63999999
2011-12-29,58284421.86
2011-12-30,62697173.43000001
2011-12-31,53882687.64
2012-01-01,53488682.67000001
2012-01-02,57893742.06
2012-01-03,54888298.11
2012-01-04,53848962.660000004
2012-01-05,61533058.59
2012-01-06,61460849.019999996
2012-01-07,56427631.730000004
2012-01-08,62009334.69999999
2012-01-09,60443220.040000014
2012-01-10,55375745.68
2012-01-11,57041918.570000015
2012-01-12,57167558.88000001
2012-01-13,55089195.89
2012-01-14,56959051.120000005
2012-01-15,50669732.91
2012-01-16,50579450.190000005
2012-01-17,54171262.50000001
2012-01-18,49033973.23
2012-01-19,51661780.75999999
2012-01-20,52297749.61
2012-01-21,54111666.35999999
2012-01-22,54045024.54
2012-01-23,50170211.44000001
2012-01-24,52431697.51
2012-01-25,54041896.4
2012-01-26,57291926.02
2012-01-27,56252104.07
2012-01-28,53542573.669999994
2012-01-29,57182585.050000004
2012-01-30,56458067.82
2012-01-31,56862699.910000004
2012-02-01,57202006.01
2012-02-02,59021029.19
2012-02-03,56337039.660000004
2012-02-04,50555882.139999986
2012-02-05,51759203.78000001
2012-02-06,64405641.55
2012-02-07,51833925.940000005
2012-02-08,54479393.27000002
2012-02-09,54248887.67000001
2012-02-10,56582803.860000014
2012-02-11,54622421.91
2012-02-12,54185336.06999999
2012-02-13,54919528.8
2012-02-14,50475232.82
2012-02-15,51715649.629999995
2012-02-16,52929900.870000005
2012-02-17,53617179.16000001
2012-02-18,52063072.559999995
2012-02-19,52517133.86000001
2012-02-20,53207825.81000001
2012-02-21,54716518.56999999
2012-02-22,52888859.81
2012-02-23,55010213.06999999
2012-02-24,55732647.89
2012-02-25,50995947.79999999
2012-02-26,51681185.769999996
2012-02-27,52257856.25999999
2012-02-28,51329949.29
2012-02-29,53336576.83
2012-03-01,55844252.800000004
2012-03-02,56855996.160000004
2012-03-03,56623948.160000004
2012-03-04,51159891.21
2012-03-05,55334929.01
2012-03-06,51621902.66999998
2012-03-07,50750595.419999994
2012-03-08,53673346.25
2012-03-09,51181374.7
2012-03-10,55626635.96999999
2012-03-11,50862707.16999999
2012-03-12,54412608.48
2012-03-13,48744960.88000001
2012-03-14,54013174.80999999
2012-03-15,49891737.52000001
2012-03-16,49565986.82000001
2012-03-17,44887143.43999999
2012-03-18,49804180.56000001
2012-03-19,46419462.78
2012-03-20,48085129.42999999
2012-03-21,46495055.06999999
2012-03-22,47034715.67999999
2012-03-23,50506255.74000002
2012-03-24,51096827.7
2012-03-25,48233334.43000001
2012-03-26,51722995.36
2012-03-27,47129307.71
2012-03-28,54915316.41000001
2012-03-29,48461547.46000001
2012-03-30,52795559.31999999
2012-03-31,48642917.63999999
2012-04-01,46090288.160000004
2012-04-02,52938554.59000001
2012-04-03,45192338.580000006
2012-04-04,45695380.15999999
2012-04-05,52176423.449999996
2012-04-06,46076897.88000001
2012-04-07,50131339.35
2012-04-08,47658556.96000001
2012-04-09,49658268.98
2012-04-10,51833515.389999986
2012-04-11,47841058.19999999
2012-04-12,51803049.570000015
2012-04-13,60658909.10999999
2012-04-14,46751193.60999999
2012-04-15,43393186.169999994
2012-04-16,48244976.07
2012-04-17,50289098.220000006
2012-04-18,51577697.22
2012-04-19,49539823.65
2012-04-20,48242025.779999994
2012-04-21,49226125.2
2012-04-22,48162228.98
2012-04-23,50414562.17
2012-04-24,45219509.46
2012-04-25,51504312.65
2012-04-26,50317460.410000004
2012-04-27,49915713.0
2012-04-28,47618990.52000001
2012-04-29,47019113.66000001
2012-04-30,51760697.10000002
2012-05-01,47537810.44
2012-05-02,44224330.61000001
2012-05-03,45869036.99
2012-05-04,47822155.06
2012-05-05,52334959.31000001
2012-05-06,50229544.98
2012-05-07,55281886.96999998
2012-05-08,58302713.26999999
2012-05-09,58070113.059999995
2012-05-10,58402647.470000006
2012-05-11,52605991.099999994
2012-05-12,48114986.56
2012-05-13,52920794.70999999
2012-05-14,56708965.349999994
2012-05-15,53771406.75999999
2012-05-16,49188583.11999999
2012-05-17,52987386.620000005
2012-05-18,52538340.0
2012-05-19,50039582.17999999
2012-05-20,48641143.2
2012-05-21,49918509.760000005
2012-05-22,52362186.36
2012-05-23,49367215.480000004
2012-05-24,44210348.099999994
2012-05-25,50278762.94
2012-05-26,48813347.89
2012-05-27,46440908.68
2012-05-28,50867108.41
2012-05-29,49785339.86000001
2012-05-30,48579255.18
2012-05-31,49224328.400000006
2012-06-01,47862075.86
2012-06-02,51006516.96000001
2012-06-03,53040258.849999994
2012-06-04,50780321.20000001
2012-06-05,48367012.41999998
2012-06-06,51167526.65
2012-06-07,50727925.00999999
2012-06-08,49594001.2
2012-06-09,55403547.400000006
2012-06-10,50435740.839999996
2012-06-11,51469037.55999999
2012-06-12,51300511.36999999
2012-06-13,48297268.599999994
2012-06-14,52403587.56
2012-06-15,50011905.92
2012-06-16,49117670.989999995
2012-06-17,47965876.150000006
2012-06-18,45357566.14
2012-06-19,45834229.260000005
2012-06-20,46559048.82000001
2012-06-21,42934450.050000004
2012-06-22,46470680.46
2012-06-23,54180904.02
2012-06-24,56300339.40999999
2012-06-25,50518968.379999995
2012-06-26,48053051.489999995
2012-06-27,45790279.69
2012-06-28,45735245.529999994
2012-06-29,44942810.79999999
2012-06-30,52550948.85
2012-07-01,42204298.72
2012-07-02,54159127.72999999
2012-07-03,48575571.12999999
2012-07-04,46199026.42000001
2012-07-05,45440272.76
2012-07-06,50472302.65999998
2012-07-07,45311934.83
2012-07-08,49627120.02999999
2012-07-09,48375014.58
2012-07-10,51025994.1
2012-07-11,53521264.60999999
2012-07-12,50030639.430000015
2012-07-13,53122764.739999995
2012-07-14,51365339.94
2012-07-15,51672916.919999994
2012-07-16,52017553.540000014
2012-07-17,51742818.080000006
2012-07-18,48508233.78999999
2012-07-19,49605111.190000005
2012-07-20,50787272.87
2012-07-21,44379332.16
2012-07-22,46813349.339999996
2012-07-23,48316217.71
2012-07-24,46465046.85000001
2012-07-25,49490127.09000002
2012-07-26,48617605.82
2012-07-27,46132881.779999994
2012-07-28,44502929.089999996
2012-07-29,52842731.440000005
2012-07-30,47059919.95
2012-07-31,41496117.11000001
2012-08-01,45823626.460000016
2012-08-02,45704972.52
2012-08-03,45412198.42
2012-08-04,46114891.85
2012-08-05,44164192.2
2012-08-06,44039317.99
2012-08-07,42263165.27
2012-08-08,42800963.63
2012-08-09,42568278.059999995
2012-08-10,42850867.45
2012-08-11,48943859.800000004
2012-08-12,48947663.36
2012-08-13,43266838.699999996
2012-08-14,32312016.009999998
2012-08-15,42730977.24
2012-08-16,48150647.87000001
2012-08-17,49108637.86
2012-08-18,43514366.39000001
2012-08-19,47705883.91
2012-08-20,47198248.66
2012-08-21,43292569.379999995
2012-08-22,41613936.71000001
2012-08-23,40633502.3
2012-08-24,42120287.61
2012-08-25,44120466.07
2012-08-26,47145251.640000015
2012-08-27,43001091.93
2012-08-28,42744731.17
2012-08-29,44508851.269999996
2012-08-30,42408951.74000001
2012-08-31,46909304.349999994
2012-09-01,50937817.169999994
2012-09-02,42124774.300000004
2012-09-03,43702805.599999994
2012-09-04,36322613.519999996
2012-09-05,38713942.849999994
2012-09-06,39402215.01999999
2012-09-07,42797177.24
2012-09-08,41553819.410000004
2012-09-09,40171496.2
2012-09-10,35326456.44
2012-09-11,34107296.720000006
2012-09-12,33570398.82
2012-09-13,36463279.50999999
2012-09-14,37605163.0
2012-09-15,36730060.49
2012-09-16,40581776.879999995
2012-09-17,41335197.59
2012-09-18,34622639.480000004
2012-09-19,44233640.31
2012-09-20,37477843.82999999
2012-09-21,35313834.87
2012-09-22,33749709.53
2012-09-23,31577965.929999996
2012-09-24,35097332.78999999
2012-09-25,38345635.2
2012-09-26,39904150.5
2012-09-27,41145773.20999999
2012-09-28,48015645.73999999
2012-09-29,43814797.26
2012-09-30,43508200.360000014
2012-10-01,46515950.03999999
2012-10-02,44660260.92999999
2012-10-03,37768598.239999995
2012-10-04,35289519.65999999
2012-10-05,41443965.029999994
2012-10-06,38380915.58
2012-10-07,35219286.74
2012-10-08,41323272.79
2012-10-09,37355823.830000006
2012-10-10,34835732.19
2012-10-11,33794936.81
2012-10-12,38509142.10000001
2012-10-13,34571241.95
2012-10-14,37686048.46
2012-10-15,36085409.14
2012-10-16,35112865.150000006
2012-10-17,36612778.36000001
2012-10-18,37927600.2
2012-10-19,37221877.45
2012-10-20,48054708.04000001
2012-10-21,35841321.09
2012-10-22,36661951.35999999
2012-10-23,32506316.050000004
2012-10-24,37479798.12
2012-10-25,27145248.360000007
2012-10-26,33304867.55
2012-10-27,33850049.49
2012-10-28,46794669.45
2012-10-29,32155311.750000004
2012-10-30,28582367.049999997
2012-10-31,31805080.70000001
2012-11-01,29649205.110000003
2012-11-02,35749306.480000004
2012-11-03,38462062.05
2012-11-04,43836818.68
2012-11-05,31444066.410000008
2012-11-06,37309157.98000001
2012-11-07,38300919.67999999
2012-11-08,36155315.88000001
2012-11-09,34723983.76
2012-11-10,29757775.31
2012-11-11,28617478.2
2012-11-12,39799803.449999996
2012-11-13,31380247.110000007
2012-11-14,36406770.330000006
2012-11-15,31447867.89
2012-11-16,43831948.559999995
2012-11-17,33873780.529999994
2012-11-18,38946905.819999985
2012-11-19,36632838.07
2012-11-20,39268581.730000004
2012-11-21,37947969.10000001
2012-11-22,41147488.36
2012-11-23,43106852.03999999
2012-11-24,43284792.10999999
2012-11-25,45202897.34
2012-11-26,38035112.68000001
2012-11-27,39428085.489999995
2012-11-28,37610740.6
2012-11-29,41324896.22
2012-11-30,42947196.75000001
2012-12-01,40148880.239999995
2012-12-02,31096016.35
2012-12-03,40225973.18
2012-12-04,43370254.900000006
2012-12-05,42809521.86000001
2012-12-06,44995498.00999999
2012-12-07,50275720.78
2012-12-08,44428457.330000006
2012-12-09,33751210.03
2012-12-10,43610784.99
2012-12-11,42399492.44
2012-12-12,45026350.669999994
2012-12-13,42471432.65
2012-12-14,39754105.65
2012-12-15,41108366.7
2012-12-16,35903093.35999999
2012-12-17,41347189.45
2012-12-18,40009140.42000002
2012-12-19,44985907.26
2012-12-20,46745559.00000001
2012-12-21,47061199.660000004
2012-12-22,50075408.36
2012-12-23,41121243.419999994
2012-12-24,36940664.18
2012-12-25,34397538.260000005
2012-12-26,37017423.14
2012-12-27,38340866.199999996
2012-12-28,37195612.32000001
2012-12-29,39207342.45
2012-12-30,46523899.83
2012-12-31,44814203.39000001
2013-01-01,38592486.67
2013-01-02,32174219.57
2013-01-03,38704152.68
2013-01-04,40193679.84
2013-01-05,40192278.56
2013-01-06,32747271.780000005
2013-01-07,33525670.11
2013-01-08,45953888.53999999
2013-01-09,41651941.489999995
2013-01-10,42423516.550000004
2013-01-11,38353939.949999996
2013-01-12,40535744.62
2013-01-13,25718401.180000003
2013-01-14,37844790.26
2013-01-15,40930234.42
2013-01-16,44863021.31
2013-01-17,40327723.77
2013-01-18,40675487.62
2013-01-19,38682399.46
2013-01-20,37819774.79
2013-01-21,44147423.63999999
2013-01-22,39866981.67
2013-01-23,45064609.92000001
2013-01-24,39546960.220000006
2013-01-25,41916550.53000001
2013-01-26,48125788.69
2013-01-27,41921379.379999995
2013-01-28,40483419.79
2013-01-29,45776718.68
2013-01-30,45368572.69
2013-01-31,46012754.63999999
2013-02-01,41811449.62
2013-02-02,36500381.349999994
2013-02-03,33250150.79
2013-02-04,43798644.360000014
2013-02-05,45619158.699999996
2013-02-06,46105061.52
2013-02-07,44673151.81999999
2013-02-08,48211967.14999999
2013-02-09,43384896.32
2013-02-10,33896969.910000004
2013-02-11,47771622.900000006
2013-02-12,45729249.169999994
2013-02-13,44533408.46999999
2013-02-14,44823299.23
2013-02-15,51169506.84000001
2013-02-16,46347865.22
2013-02-17,37958588.66
2013-02-18,44603020.550000004
2013-02-19,44818567.68000001
2013-02-20,43761784.220000006
2013-02-21,46563448.54
2013-02-22,45329442.239999995
2013-02-23,39493843.989999995
2013-02-24,39779711.24999999
2013-02-25,39823153.15
2013-02-26,41968021.95
2013-02-27,45598117.400000006
2013-02-28,39784383.96
2013-03-01,48816588.47
2013-03-02,48959237.96
2013-03-03,48369748.54
2013-03-04,44606946.07000001
2013-03-05,42777697.28
2013-03-06,47794594.41
2013-03-07,52963920.92000002
2013-03-08,47456586.69
2013-03-09,44166393.760000005
2013-03-10,45652556.05
2013-03-11,43554966.45
2013-03-12,45490048.52
2013-03-13,44004441.04000001
2013-03-14,41168328.65
2013-03-15,45315974.28
2013-03-16,42628746.65999999
2013-03-17,39008712.54
2013-03-18,40223264.28999999
2013-03-19,44487281.5
2013-03-20,43975642.67
2013-03-21,49970354.22
2013-03-22,52799540.620000005
2013-03-23,49977622.88
2013-03-24,48762024.67000002
2013-03-25,48595068.92000001
2013-03-26,51575197.01
2013-03-27,48632126.91
2013-03-28,48303370.42
2013-03-29,46156871.93
2013-03-30,44924997.78
2013-03-31,45628069.709999986
2013-04-01,45230321.8
2013-04-02,43292091.93000001
2013-04-03,38976719.43
2013-04-04,43695578.57000001
2013-04-05,41975270.029999994
2013-04-06,53837921.680000015
2013-04-07,42563795.019999996
2013-04-08,46519985.98999999
2013-04-09,46589822.7
2013-04-10,48176288.769999996
2013-04-11,50008496.64
2013-04-12,56418156.69000001
2013-04-13,50203451.17999999
2013-04-14,44567729.74
2013-04-15,42850595.7
2013-04-16,47756526.95
2013-04-17,52120845.7
2013-04-18,49290738.67999999
2013-04-19,45335851.68000001
2013-04-20,42231061.750000015
2013-04-21,37468335.4
2013-04-22,50208261.22
2013-04-23,41999754.65
2013-04-24,39419866.02
2013-04-25,39341809.73
2013-04-26,44117016.97
2013-04-27,43416470.199999996
2013-04-28,42762660.0
2013-04-29,41617819.79000001
2013-04-30,42202326.660000004
2013-05-01,44042526.68
2013-05-02,36868080.55
2013-05-03,35451307.830000006
2013-05-04,36350242.400000006
2013-05-05,31734407.66
2013-05-06,36845188.599999994
2013-05-07,36237146.919999994
2013-05-08,36542705.470000006
2013-05-09,42653781.50000001
2013-05-10,36260913.43000001
2013-05-11,34022129.22
2013-05-12,32907937.47
2013-05-13,34956970.480000004
2013-05-14,40238458.0
2013-05-15,39146537.76999999
2013-05-16,41974112.71
2013-05-17,36271784.41
2013-05-18,36896272.00000001
2013-05-19,44889897.25
2013-05-20,35784348.45
2013-05-21,35853233.88
2013-05-22,38178148.77
2013-05-23,31910971.12
2013-05-24,39856730.45999999
2013-05-25,42206968.48000001
2013-05-26,41983660.720000006
2013-05-27,41812677.28000001
2013-05-28,38158464.36
2013-05-29,36227995.57
2013-05-30,36727547.739999995
2013-05-31,49069263.419999994
2013-06-01,41893561.27
2013-06-02,46600038.040000014
2013-06-03,48659281.0
2013-06-04,41363857.81999999
2013-06-05,42725169.379999995
2013-06-06,41273067.230000004
2013-06-07,38107736.650000006
2013-06-08,42862259.79000001
2013-06-09,46086473.35000001
2013-06-10,42616156.720000006
2013-06-11,40601165.129999995
2013-06-12,31932338.92
2013-06-13,32939093.96
2013-06-14,40918086.53
2013-06-15,44591092.85999999
2013-06-16,44401791.52
2013-06-17,44874782.11000001
2013-06-18,44259713.37999999
2013-06-19,45496250.66
2013-06-20,35586333.49
2013-06-21,38597976.769999996
2013-06-22,38570916.29999999
2013-06-23,43197550.04
2013-06-24,37500127.67
2013-06-25,36219605.85
2013-06-26,36849916.839999996
2013-06-27,33325884.239999995
2013-06-28,37658824.35
2013-06-29,41885389.21999999
2013-06-30,43080487.78999999
2013-07-01,37400098.48
2013-07-02,36280393.24
2013-07-03,39293680.339999996
2013-07-04,43413654.85999999
2013-07-05,39835843.39
2013-07-06,40563683.21
2013-07-07,34136529.11
2013-07-08,49605660.22
2013-07-09,46209916.16
2013-07-10,43616468.43999999
2013-07-11,41899104.489999995
2013-07-12,45933473.599999994
2013-07-13,46002148.639999986
2013-07-14,36491932.53000001
2013-07-15,40476404.24
2013-07-16,38343621.620000005
2013-07-17,33885395.14999999
2013-07-18,47287280.769999996
2013-07-19,41092232.62
2013-07-20,29831286.779999994
2013-07-21,24600378.230000004
2013-07-22,43190055.32000001
2013-07-23,37372394.36999999
2013-07-24,31597065.969999995
2013-07-25,41206077.41000001
2013-07-26,41241862.29
2013-07-27,34777302.70999999
2013-07-28,35269748.96
2013-07-29,41675522.38
2013-07-30,35398546.73
2013-07-31,37705830.800000004
2013-08-01,48397269.9
2013-08-02,40696792.46
2013-08-03,41245988.15
2013-08-04,32415010.030000005
2013-08-05,37133798.910000004
2013-08-06,36295494.60000001
2013-08-07,38833861.94
2013-08-08,36947595.08
2013-08-09,40271774.769999996
2013-08-10,35674692.3
2013-08-11,30656130.08
2013-08-12,34483205.70999999
2013-08-13,38170014.42999999
2013-08-14,38032865.18
2013-08-15,41449686.05
2013-08-16,44651894.34
2013-08-17,46008197.089999996
2013-08-18,26477892.079999994
2013-08-19,34462243.29
2013-08-20,40523229.67
2013-08-21,36441171.86000001
2013-08-22,44353897.28
2013-08-23,43143383.89
2013-08-24,42392683.440000005
2013-08-25,40857356.309999995
2013-08-26,46079485.22999999
2013-08-27,39612314.42999999
2013-08-28,42985771.879999995
2013-08-29,37084811.050000004
2013-08-30,46373747.74000001
2013-08-31,46309700.140000015
2013-09-01,39587350.300000004
2013-09-02,44874291.67000001
2013-09-03,45665846.339999996
2013-09-04,38037033.64999999
2013-09-05,44876336.96999999
2013-09-06,47004127.10000001
2013-09-07,46889181.660000004
2013-09-08,46618126.22000001
2013-09-09,44236816.06000001
2013-09-10,38799905.48
2013-09-11,38791991.89
2013-09-12,34467770.69
2013-09-13,41719245.72999999
2013-09-14,40397012.330000006
2013-09-15,42067148.59
2013-09-16,36776802.07
2013-09-17,36330696.04000001
2013-09-18,35428867.120000005
2013-09-19,36639442.37
2013-09-20,45572709.99000001
2013-09-21,38065595.95
2013-09-22,42754673.910000004
2013-09-23,40093891.38
2013-09-24,41676193.150000006
2013-09-25,44457638.999999985
2013-09-26,35586383.620000005
2013-09-27,36076296.95
2013-09-28,37309826.75
2013-09-29,29407794.799999997
2013-09-30,37146621.269999996
2013-10-01,28337812.830000002
2013-10-02,39284114.80000001
2013-10-03,37691994.81000001
2013-10-04,45934320.0
2013-10-05,38367468.980000004
2013-10-06,35221490.480000004
2013-10-07,44602661.85
2013-10-08,40493343.61000001
2013-10-09,34005754.809999995
2013-10-10,42899880.99000001
2013-10-11,41574266.21
2013-10-12,35887518.13999999
2013-10-13,39028679.919999994
2013-10-14,42967236.6
2013-10-15,37420217.96
2013-10-16,36034605.81000001
2013-10-17,38142090.93
2013-10-18,39874537.120000005
2013-10-19,38378645.69
2013-10-20,38416128.01
2013-10-21,43545527.400000006
2013-10-22,39460199.94
2013-10-23,44805663.1
2013-10-24,41795742.199999996
2013-10-25,46328054.609999985
2013-10-26,49551330.81999999
2013-10-27,45860516.12999998
2013-10-28,44338432.08
2013-10-29,44781443.09
2013-10-30,45656736.129999995
2013-10-31,44254222.2
2013-11-01,39009711.230000004
2013-11-02,40093325.72
2013-11-03,39388068.89
2013-11-04,35389449.09
2013-11-05,33324283.47
2013-11-06,45993351.64999999
2013-11-07,37430464.27999999
2013-11-08,32937794.410000004
2013-11-09,30795454.110000003
2013-11-10,30910401.319999997
2013-11-11,28029026.21
2013-11-12,33068718.719999995
2013-11-13,38261648.03999999
2013-11-14,32202186.76
2013-11-15,40943594.72
2013-11-16,36928361.080000006
2013-11-17,40891318.12
2013-11-18,38377852.589999996
2013-11-19,33061541.969999995
2013-11-20,33144247.2
2013-11-21,43413761.26000001
2013-11-22,33799220.01
2013-11-23,40364082.34000001
2013-11-24,40818146.64000001
2013-11-25,32636081.48
2013-11-26,32309799.47
2013-11-27,30496341.379999995
2013-11-28,38835200.72
2013-11-29,37523673.54
2013-11-30,34058485.72
2013-12-01,28920581.019999996
2013-12-02,39364101.8
2013-12-03,46223519.35
2013-12-04,43258635.24
2013-12-05,40589130.91
2013-12-06,42005987.25999999
2013-12-07,36450393.60999999
2013-12-08,34183495.22
2013-12-09,39554490.32
2013-12-10,41328114.029999994
2013-12-11,51514340.59
2013-12-12,44971244.09
2013-12-13,46157068.83
2013-12-14,38372389.510000005
2013-12-15,35904589.04
2013-12-16,44417098.06
2013-12-17,44463664.60000001
2013-12-18,40458601.27
2013-12-19,38863377.88
2013-12-20,45994565.06000001
2013-12-21,40227648.53000001
2013-12-22,25142470.73
2013-12-23,36496811.26
2013-12-24,45563990.12
2013-12-25,48973475.410000004
2013-12-26,51896126.300000004
2013-12-27,52020514.690000005
2013-12-28,53313312.480000004
2013-12-29,42143140.660000004
2013-12-30,40532644.66
2013-12-31,33606970.669999994
2014-01-01,36859405.38
2014-01-02,41131093.45
2014-01-03,38592771.81999999
2014-01-04,41011667.37000001
2014-01-05,35938828.169999994
2014-01-06,44440356.809999995
2014-01-07,41892080.83
2014-01-08,46475730.68
2014-01-09,45752920.160000004
2014-01-10,41676711.25000001
2014-01-11,41469816.29000001
2014-01-12,47497191.32999999
2014-01-13,43937616.849999994
2014-01-14,48006183.24999999
2014-01-15,46347195.949999996
2014-01-16,47290836.199999996
2014-01-17,43217210.1
2014-01-18,35786361.79000001
2014-01-19,37020698.11000001
2014-01-20,40395118.99
2014-01-21,40725003.5
2014-01-22,42506721.5
2014-01-23,39893166.63000001
2014-01-24,40874457.65
2014-01-25,39773308.07
2014-01-26,33014155.1
2014-01-27,42450849.39
2014-01-28,40229899.48
2014-01-29,46357768.059999995
2014-01-30,48388913.78999999
2014-01-31,41230593.66999999
2014-02-01,41269715.71999999
2014-02-02,40203287.669999994
2014-02-03,45233089.88999999
2014-02-04,43761983.79000001
2014-02-05,46413931.85999999
2014-02-06,44642529.62999999
2014-02-07,45504275.11000001
2014-02-08,40338513.589999996
2014-02-09,46240481.58
2014-02-10,43556821.08
2014-02-11,49211651.17
2014-02-12,45891509.83
2014-02-13,48429464.519999996
2014-02-14,45831257.30000001
2014-02-15,45359774.5
2014-02-16,42135723.98
2014-02-17,44183750.839999996
2014-02-18,44249386.86
2014-02-19,39418710.96
2014-02-20,40769094.09
2014-02-21,37735125.35999999
2014-02-22,37473480.82
2014-02-23,33965463.03000001
2014-02-24,41063447.72
2014-02-25,40997362.760000005
2014-02-26,39859160.42
2014-02-27,38242424.28000001
2014-02-28,41903517.629999995
2014-03-01,44717794.870000005
2014-03-02,48763383.56
2014-03-03,35543557.68000001
2014-03-04,40958451.199999996
2014-03-05,38853524.73
2014-03-06,38933772.95999999
2014-03-07,45323699.199999996
2014-03-08,48768415.910000004
2014-03-09,44842151.910000004
2014-03-10,49683745.19
2014-03-11,45466008.54000001
2014-03-12,44374515.779999994
2014-03-13,44474607.13999999
2014-03-14,47426234.27
2014-03-15,40796795.31
2014-03-16,37540297.67
2014-03-17,51825973.309999995
2014-03-18,51833541.510000005
2014-03-19,56552609.27
2014-03-20,56522459.07000001
2014-03-21,51464151.370000005
2014-03-22,45718183.6
2014-03-23,43304560.02
2014-03-24,38978156.260000005
2014-03-25,45312619.29000001
2014-03-26,41603918.57
2014-03-27,48479445.44
2014-03-28,45096132.800000004
2014-03-29,46169315.78999999
2014-03-30,38095061.91
2014-03-31,41726293.64999999
2014-04-01,41478090.13
2014-04-02,38824773.99
2014-04-03,47188735.86
2014-04-04,42143399.67
2014-04-05,44540997.81
2014-04-06,44736817.150000006
2014-04-07,48384481.81
2014-04-08,44594600.34
2014-04-09,42963831.99999999
2014-04-10,54086087.0
2014-04-11,49590062.77
2014-04-12,46156914.05
2014-04-13,42776680.47
2014-04-14,51424543.36000001
2014-04-15,43138970.94
2014-04-16,42272357.6
2014-04-17,34730229.4
2014-04-18,37386514.63
2014-04-19,34455401.059999995
2014-04-20,36741298.74000001
2014-04-21,40232332.099999994
2014-04-22,38843487.39
2014-04-23,46401917.11
2014-04-24,46243031.44
2014-04-25,37140759.97
2014-04-26,44389031.64999999
2014-04-27,35847935.599999994
2014-04-28,39409540.5
2014-04-29,41984430.98
2014-04-30,44671225.57000001
2014-05-01,39153625.68
2014-05-02,37260083.55
2014-05-03,37148787.69
2014-05-04,34528278.62
2014-05-05,38808838.18
2014-05-06,30178099.03
2014-05-07,31201272.049999993
2014-05-08,30809214.94999999
2014-05-09,32750326.159999996
2014-05-10,38910294.58
2014-05-11,29366189.1
2014-05-12,30042611.829999994
2014-05-13,36346657.900000006
2014-05-14,34004852.46
2014-05-15,31975429.63
2014-05-16,33415675.77
2014-05-17,31399604.88
2014-05-18,31287357.619999997
2014-05-19,35642210.74
2014-05-20,39208989.68
2014-05-21,38088944.1
2014-05-22,42409734.55000001
2014-05-23,36473181.099999994
2014-05-24,41520143.11000001
2014-05-25,33371650.780000005
2014-05-26,44855882.45
2014-05-27,32311644.33
2014-05-28,40970996.09000001
2014-05-29,34531044.92
2014-05-30,39601076.23
2014-05-31,45063856.11
2014-06-01,55444871.67
2014-06-02,39939256.11000001
2014-06-03,51406438.05
2014-06-04,41461815.24
2014-06-05,39504351.03
2014-06-06,47651205.49999999
2014-06-07,42113161.00999999
2014-06-08,47403952.26000001
2014-06-09,39973809.720000006
2014-06-10,39043841.129999995
2014-06-11,41869613.36
2014-06-12,42315413.139999986
2014-06-13,42546645.78
2014-06-14,37098913.720000006
2014-06-15,36522179.4
2014-06-16,34439388.839999996
2014-06-17,46646147.80999999
2014-06-18,35713915.089999996
2014-06-19,47060002.04
2014-06-20,34021935.77
2014-06-21,34481687.99
2014-06-22,36142360.9
2014-06-23,36490542.309999995
2014-06-24,39324983.15
2014-06-25,34774514.58
2014-06-26,38348631.11
2014-06-27,41598686.36
2014-06-28,47813823.82000001
2014-06-29,41145659.38
2014-06-30,45599250.45
2014-07-01,39632848.17999999
2014-07-02,42739062.230000004
2014-07-03,51084436.019999996
2014-07-04,48975703.669999994
2014-07-05,54880124.52999999
2014-07-06,36075865.81
2014-07-07,35526335.48
2014-07-08,38663621.089999996
2014-07-09,53290742.230000004
2014-07-10,51079384.47
2014-07-11,47303292.12
2014-07-12,44634114.73
2014-07-13,51816199.940000005
2014-07-14,52733792.719999984
2014-07-15,50269284.78000001
2014-07-16,52669563.2
2014-07-17,51900769.43999999
2014-07-18,52445093.57000001
2014-07-19,53616064.96
2014-07-20,56220425.26000001
2014-07-21,49084010.580000006
2014-07-22,51100817.910000004
2014-07-23,57337941.86
2014-07-24,52656058.64999999
2014-07-25,52837847.18
2014-07-26,45390456.529999994
2014-07-27,44339703.69
2014-07-28,54022845.47
2014-07-29,53791243.97
2014-07-30,47292160.45
2014-07-31,47769387.300000004
2014-08-01,56974333.35999999
2014-08-02,54576397.89999999
2014-08-03,52056801.01999999
2014-08-04,52657975.05
2014-08-05,52776505.23999999
2014-08-06,49733793.48
2014-08-07,54070849.13000001
2014-08-08,49186401.29
2014-08-09,50450918.9
2014-08-10,40783930.699999996
2014-08-11,42362812.87
2014-08-12,44534756.63
2014-08-13,39615037.29000001
2014-08-14,38994227.01
2014-08-15,50851958.25
2014-08-16,46985026.67
2014-08-17,44260028.55999999
2014-08-18,41830320.13
2014-08-19,41217724.81
2014-08-20,46362317.23
2014-08-21,44089256.81999999
2014-08-22,41785234.11999999
2014-08-23,48164747.91000001
2014-08-24,37815157.67
2014-08-25,35475154.4
2014-08-26,39788986.71
2014-08-27,30674733.960000005
2014-08-28,31467440.889999993
2014-08-29,35889203.36
2014-08-30,43863820.09
2014-08-31,34845762.51
2014-09-01,38922908.08000001
2014-09-02,37067175.61999999
2014-09-03,36881830.21000001
2014-09-04,35367013.48
2014-09-05,38732846.08
2014-09-06,32538274.28
2014-09-07,39383465.22999999
2014-09-08,41587338.36
2014-09-09,43838609.76
2014-09-10,57979750.63
2014-09-11,59299278.06
2014-09-12,46221735.17
2014-09-13,43040476.51
2014-09-14,38580301.45999999
2014-09-15,42236510.650000006
2014-09-16,45531675.61999999
2014-09-17,41655060.26
2014-09-18,42343137.76
2014-09-19,42372858.82
2014-09-20,45585839.36000001
2014-09-21,47708260.31
2014-09-22,42636663.19
2014-09-23,39928867.21999999
2014-09-24,45444142.84
2014-09-25,35097755.22
2014-09-26,39835729.29000001
2014-09-27,43160564.669999994
2014-09-28,37952190.01
2014-09-29,41548034.52000001
2014-09-30,45483734.06999999
2014-10-01,41113966.86000001
2014-10-02,43170922.589999996
2014-10-03,42783299.25
2014-10-04,38731859.74
2014-10-05,39551379.25
2014-10-06,39086021.94
2014-10-07,35198632.02
2014-10-08,39982908.370000005
2014-10-09,36937152.08999999
2014-10-10,34865879.65
2014-10-11,36016727.470000006
2014-10-12,40003789.93999999
2014-10-13,29412782.0
2014-10-14,34076082.50000001
2014-10-15,46135493.599999994
2014-10-16,39551641.42
2014-10-17,40416242.97
2014-10-18,33935274.59
2014-10-19,36617291.010000005
2014-10-20,40482985.55000001
2014-10-21,37785825.59
2014-10-22,40761225.32
2014-10-23,34838706.36000001
2014-10-24,36404711.11000001
2014-10-25,38829090.95
2014-10-26,40628593.93999999
2014-10-27,40863086.29
2014-10-28,43072360.900000006
2014-10-29,41117062.04
2014-10-30,39614384.989999995
2014-10-31,39206209.550000004
2014-11-01,37473923.37999999
2014-11-02,31412192.429999996
2014-11-03,38656397.09
2014-11-04,39962276.89000001
2014-11-05,43528883.25
2014-11-06,45499775.43999999
2014-11-07,36359951.78
2014-11-08,49028412.68000001
2014-11-09,38137837.01
2014-11-10,34001095.75
2014-11-11,48677986.4
2014-11-12,35476144.410000004
2014-11-13,42041307.660000004
2014-11-14,39460737.96999999
2014-11-15,41480858.31999999
2014-11-16,40100657.089999996
2014-11-17,48498524.22999999
2014-11-18,37626249.38
2014-11-19,41784635.39
2014-11-20,44639723.22
2014-11-21,41269370.63999999
2014-11-22,43352894.300000004
2014-11-23,46240672.839999996
2014-11-24,46916037.44000001
2014-11-25,45837091.03000001
2014-11-26,42414785.239999995
2014-11-27,45974106.660000004
2014-11-28,38388126.08
2014-11-29,38716702.25
2014-11-30,34837549.29
2014-12-01,48057019.74000001
2014-12-02,49087762.76
2014-12-03,56420572.410000004
2014-12-04,49917566.51
2014-12-05,50151059.04000001
2014-12-06,42434711.370000005
2014-12-07,38086412.11
2014-12-08,39250639.06
2014-12-09,46814036.300000004
2014-12-10,51043471.77000001
2014-12-11,43316347.029999994
2014-12-12,45269922.32
2014-12-13,41375401.360000014
2014-12-14,38909863.669999994
2014-12-15,43966317.02
2014-12-16,45446904.59
2014-12-17,51597738.28
2014-12-18,55580970.19
2014-12-19,46657988.080000006
2014-12-20,52749813.190000005
2014-12-21,46674847.12000001
2014-12-22,48212690.96000001
2014-12-23,54229799.40000001
2014-12-24,38665049.089999996
2014-12-25,38750111.120000005
2014-12-26,42212031.96
2014-12-27,43096208.56999999
2014-12-28,41374139.550000004
2014-12-29,44826620.79000001
2014-12-30,38118681.449999996
2014-12-31,42675300.349999994
2015-01-01,42256248.279999994
2015-01-02,46137442.68999999
2015-01-03,52610612.84
2015-01-04,46358439.43
2015-01-05,48479501.64
2015-01-06,43417491.92000001
2015-01-07,47463295.36999999
2015-01-08,42594938.52999999
2015-01-09,50605321.47000001
2015-01-10,49315361.77
2015-01-11,51705547.94
2015-01-12,45070009.02
2015-01-13,55087724.31
2015-01-14,47449414.14000001
2015-01-15,43652159.74
2015-01-16,38579052.300000004
2015-01-17,43022929.069999985
2015-01-18,38214767.10000001
2015-01-19,40744656.50000001
2015-01-20,41019133.54999999
2015-01-21,43551186.04
2015-01-22,44367788.940000005
2015-01-23,43097585.36
2015-01-24,35942954.32
2015-01-25,41313682.419999994
2015-01-26,43253910.7
2015-01-27,45258324.64
2015-01-28,45947650.78
2015-01-29,47683596.6
2015-01-30,46483002.330000006
2015-01-31,49233917.19999999
2015-02-01,39592285.37
2015-02-02,52086398.69
2015-02-03,48523520.85000001
2015-02-04,50395708.95
2015-02-05,49519944.21
2015-02-06,46768473.22
2015-02-07,44743014.99
2015-02-08,42809697.98
2015-02-09,38635226.20999999
2015-02-10,47095775.660000004
2015-02-11,42535871.37000001
2015-02-12,47825224.730000004
2015-02-13,40965137.07
2015-02-14,48488024.53999999
2015-02-15,40307630.03000001
2015-02-16,45029390.879999995
2015-02-17,45713525.09000001
2015-02-18,52171253.7
2015-02-19,50836599.800000004
2015-02-20,47045183.4
2015-02-21,45905014.52
2015-02-22,46858382.28
2015-02-23,51433588.779999994
2015-02-24,47428964.16
2015-02-25,46475200.55
2015-02-26,48421046.39000001
2015-02-27,44235025.89000001
2015-02-28,49685390.85
2015-03-01,42474108.61
2015-03-02,46242164.94
2015-03-03,50474230.96999999
2015-03-04,52170409.489999995
2015-03-05,48844892.98
2015-03-06,49096055.13999999
2015-03-07,45435809.36999999
2015-03-08,48938231.30999999
2015-03-09,45027870.730000004
2015-03-10,46815902.38
2015-03-11,44998402.160000004
2015-03-12,46669313.47
2015-03-13,48188554.67
2015-03-14,44460552.42000002
2015-03-15,41743701.87
2015-03-16,45535034.58
2015-03-17,44488332.08999998
2015-03-18,49094007.20999999
2015-03-19,47278991.400000006
2015-03-20,44286845.68
2015-03-21,36983009.96
2015-03-22,41109288.839999996
2015-03-23,52592506.61
2015-03-24,48164361.77
2015-03-25,48128877.17999999
2015-03-26,48365335.36999998
2015-03-27,46400738.910000004
2015-03-28,46674593.14
2015-03-29,41673537.2
2015-03-30,48848716.019999996
2015-03-31,54243451.21
2015-04-01,35816078.09
2015-04-02,38418997.0
2015-04-03,37155660.53
2015-04-04,39863805.4
2015-04-05,41798910.14
2015-04-06,38189444.91
2015-04-07,41425662.629999995
2015-04-08,46650132.46000001
2015-04-09,46519012.84
2015-04-10,49185140.13
2015-04-11,51032862.690000005
2015-04-12,48192114.260000005
2015-04-13,43540026.45000002
2015-04-14,41156721.33999998
2015-04-15,44273745.5
2015-04-16,49961608.63
2015-04-17,45588846.51
2015-04-18,44460824.93
2015-04-19,43103536.82999999
2015-04-20,48954878.190000005
2015-04-21,49813451.44999999
2015-04-22,50760278.72
2015-04-23,48441964.49
2015-04-24,51698019.05
2015-04-25,54454374.57999999
2015-04-26,50478615.779999994
2015-04-27,55431191.05
2015-04-28,60909398.17
2015-04-29,58134880.24000001
2015-04-30,57620087.39999999
2015-05-01,39748832.92
2015-05-02,41389217.00999999
2015-05-03,45826325.83
2015-05-04,48580862.550000004
2015-05-05,44087808.95999999
2015-05-06,44859784.68000001
2015-05-07,48439185.56999999
2015-05-08,42070690.43
2015-05-09,44733646.47
2015-05-10,41034013.76
2015-05-11,39970421.08
2015-05-12,46033703.34
2015-05-13,45075487.96000001
2015-05-14,41114862.82999998
2015-05-15,39443483.46999999
2015-05-16,41890081.35999999
2015-05-17,34597190.42
2015-05-18,29854112.119999997
2015-05-19,39829310.230000004
2015-05-20,39035845.28999999
2015-05-21,47038381.42
2015-05-22,45361563.489999995
2015-05-23,37374099.9
2015-05-24,37493513.52
2015-05-25,37975194.54
2015-05-26,40011413.64
2015-05-27,37650357.830000006
2015-05-28,39961644.16000001
2015-05-29,37169333.580000006
2015-05-30,38008825.470000006
2015-05-31,31784878.4
2015-06-01,34298677.73
2015-06-02,33914315.45
2015-06-03,37490872.61
2015-06-04,38811018.70000001
2015-06-05,33668565.49
2015-06-06,34378763.27
2015-06-07,34408954.16
2015-06-08,30569408.589999992
2015-06-09,35354100.57
2015-06-10,35928176.25000001
2015-06-11,33860097.34
2015-06-12,34827290.5
2015-06-13,39887860.86000001
2015-06-14,41414868.84
2015-06-15,33888564.57
2015-06-16,36205286.919999994
2015-06-17,36955205.62
2015-06-18,36723807.269999996
2015-06-19,46798588.04000001
2015-06-20,47363863.699999996
2015-06-21,38531408.52
2015-06-22,39405369.41
2015-06-23,43939860.19
2015-06-24,46242634.18
2015-06-25,46112131.41
2015-06-26,48342045.59000001
2015-06-27,50892756.88
2015-06-28,53697384.43000001
2015-06-29,51536277.63
2015-06-30,47020773.88999999
2015-07-01,45674255.41
2015-07-02,51237637.71000001
2015-07-03,47934569.09
2015-07-04,50672011.11999999
2015-07-05,47706760.32
2015-07-06,44287556.19
2015-07-07,42687178.25000001
2015-07-08,41601427.71000001
2015-07-09,41843526.809999995
2015-07-10,44907286.42
2015-07-11,43773488.12
2015-07-12,44058721.39
2015-07-13,39072154.21
2015-07-14,39388830.36
2015-07-15,35663252.169999994
2015-07-16,35838859.04
2015-07-17,41340898.36000001
2015-07-18,37174964.68
2015-07-19,38923382.480000004
2015-07-20,39156533.86000001
2015-07-21,42603828.18
2015-07-22,36461022.13
2015-07-23,40664711.65
2015-07-24,42392505.69
2015-07-25,45274972.779999994
2015-07-26,44120680.27
2015-07-27,43825808.349999994
2015-07-28,44755895.93999999
2015-07-29,42616151.46
2015-07-30,50902775.22000001
2015-07-31,45762057.55
2015-08-01,50427939.56
2015-08-02,45252542.429999985
2015-08-03,48124107.82
2015-08-04,43695781.61
2015-08-05,42629472.36
2015-08-06,44292160.36000001
2015-08-07,41341237.949999996
2015-08-08,41369326.67
2015-08-09,40465775.779999994
2015-08-10,39766013.17
2015-08-11,42032763.76
2015-08-12,44675899.67
2015-08-13,42232389.339999996
2015-08-14,41857709.66
2015-08-15,39536700.31
2015-08-16,41545160.83
2015-08-17,44618949.88
2015-08-18,48211467.92999999
2015-08-19,47814702.48999999
2015-08-20,47673353.59
2015-08-21,47050781.07999999
2015-08-22,47479223.33
2015-08-23,42379148.44000001
2015-08-24,41987470.0
2015-08-25,43367666.11
2015-08-26,42841505.71
2015-08-27,45310520.12
2015-08-28,46228927.37
2015-08-29,44849679.370000005
2015-08-30,42779528.07999999
2015-08-31,45686626.52000001
2015-09-01,51033321.51999999
2015-09-02,46787727.980000004
2015-09-03,40812261.83
2015-09-04,42256100.21
2015-09-05,47775614.809999995
2015-09-06,45040398.74999999
2015-09-07,51590562.47
2015-09-08,47735213.6
2015-09-09,44873720.089999996
2015-09-10,47124335.559999995
2015-09-11,41006051.38
2015-09-12,42458998.21
2015-09-13,46895152.15
2015-09-14,47677039.53000001
2015-09-15,46941417.77999999
2015-09-16,46384078.489999995
2015-09-17,42314107.61000001
2015-09-18,43687696.269999996
2015-09-19,48116700.33999999
2015-09-20,36443018.63
2015-09-21,45367870.00000001
2015-09-22,49653748.29999999
2015-09-23,50348426.62999999
2015-09-24,49746710.89
2015-09-25,51180895.260000005
2015-09-26,53130752.46
2015-09-27,54562340.489999995
2015-09-28,52310878.379999995
2015-09-29,56617230.00999999
2015-09-30,59625737.73
2015-10-01,53405484.710000016
2015-10-02,45784248.63000001
2015-10-03,48493993.29
2015-10-04,46123330.45000001
2015-10-05,57650713.68000001
2015-10-06,55328130.349999994
2015-10-07,51622381.58
2015-10-08,52276422.0
2015-10-09,55051794.650000006
2015-10-10,63005304.64
2015-10-11,53977701.24000001
2015-10-12,56032695.96
2015-10-13,52121145.709999986
2015-10-14,54053537.97
2015-10-15,54714188.540000014
2015-10-16,63395862.09999998
2015-10-17,47424230.0
2015-10-18,39533516.080000006
2015-10-19,51778037.78999999
2015-10-20,52155291.74000001
2015-10-21,51217275.51
2015-10-22,51521094.93999999
2015-10-23,51512766.68
2015-10-24,51357549.160000004
2015-10-25,48795649.59
2015-10-26,47125811.48
2015-10-27,53475809.46999999
2015-10-28,56858019.2
2015-10-29,57084033.33
2015-10-30,49450493.61
2015-10-31,50649516.45
2015-11-01,48517185.95999999
2015-11-02,52279632.50000001
2015-11-03,51478831.68000001
2015-11-04,50271166.790000014
2015-11-05,42306992.699999996
2015-11-06,47467826.300000004
2015-11-07,47736381.1
2015-11-08,40472729.160000004
2015-11-09,46055197.85
2015-11-10,46401347.38000001
2015-11-11,49211284.41
2015-11-12,47163985.45999999
2015-11-13,46745972.28
2015-11-14,48585057.92000001
2015-11-15,39265364.27
2015-11-16,36555148.4
2015-11-17,44120766.41
2015-11-18,40365144.1
2015-11-19,45023149.330000006
2015-11-20,51221947.039999984
2015-11-21,57044116.5
2015-11-22,61597209.6
2015-11-23,51607130.550000004
2015-11-24,52379357.04
2015-11-25,47380218.800000004
2015-11-26,50935981.120000005
2015-11-27,50405547.449999996
2015-11-28,51046815.16
2015-11-29,45838138.5
2015-11-30,56044414.00999999
2015-12-01,58544111.629999995
2015-12-02,63842282.47
2015-12-03,65136660.11999999
2015-12-04,57601068.20999999
2015-12-05,64390980.58999999
2015-12-06,55711458.00000001
2015-12-07,62845586.68000001
2015-12-08,46199883.02
2015-12-09,58669034.43000001
2015-12-10,53371236.029999994
2015-12-11,65122951.459999986
2015-12-12,53615538.489999995
2015-12-13,45308632.870000005
2015-12-14,48129088.81
2015-12-15,55427381.760000005
2015-12-16,45463870.879999995
2015-12-17,53906906.279999994
2015-12-18,49809180.620000005
2015-12-19,44292907.4
2015-12-20,44243598.199999996
2015-12-21,50195956.14000001
2015-12-22,47070141.46
2015-12-23,50009712.88999999
2015-12-24,55209608.57
2015-12-25,44387565.300000004
2015-12-26,56645750.13999999
2015-12-27,52345300.27999999
2015-12-28,58709502.93000001
2015-12-29,68333224.89999999
2015-12-30,50196080.5
2015-12-31,52961707.69999999
2016-01-01,53135957.04000001
2016-01-02,55543143.65000001
2016-01-03,63504689.720000006
2016-01-04,58736382.39999999
2016-01-05,57375524.550000004
2016-01-06,64354045.25999999
2016-01-07,62196604.699999996
2016-01-08,71681388.57000001
2016-01-09,54560370.910000004
2016-01-10,59406792.19
2016-01-11,51916371.269999996
2016-01-12,54027847.17000001
2016-01-13,53906036.05
2016-01-14,62868556.839999996
2016-01-15,56355934.86000001
2016-01-16,62725717.39000001
2016-01-17,58252467.58
2016-01-18,60507011.73
2016-01-19,74179061.63000001
2016-01-20,72299653.25
2016-01-21,62569928.69
2016-01-22,67336340.32000001
2016-01-23,61677594.75
2016-01-24,62678538.11
2016-01-25,71536975.50999999
2016-01-26,60388902.09
2016-01-27,64861016.13999999
2016-01-28,62869520.010000005
2016-01-29,66211637.00999999
2016-01-30,62369476.96
2016-01-31,57712790.2
2016-02-01,73005695.1
2016-02-02,64053137.11
2016-02-03,70795729.74999999
2016-02-04,63981098.36000001
2016-02-05,61956234.46000001
2016-02-06,66716242.97999999
2016-02-07,67048601.75
2016-02-08,75710536.97
2016-02-09,67722296.4
2016-02-10,64993965.70000001
2016-02-11,60814586.03000001
2016-02-12,73290179.02
2016-02-13,71457230.70000002
2016-02-14,58629395.11000001
2016-02-15,66315399.65
2016-02-16,61725233.72
2016-02-17,70434388.57
2016-02-18,68097356.32000001
2016-02-19,66005983.78999999
2016-02-20,61433791.66
2016-02-21,60253697.220000006
2016-02-22,63760952.66000002
2016-02-23,60594005.65999999
2016-02-24,65211391.019999996
2016-02-25,69916462.76
2016-02-26,65472962.83000001
2016-02-27,56958798.33
2016-02-28,60425390.04000001
2016-02-29,62362739.81
2016-03-01,59859973.55000002
2016-03-02,65678499.569999985
2016-03-03,62197310.20999999
2016-03-04,65260930.249999985
2016-03-05,61082736.150000006
2016-03-06,57097651.24000001
2016-03-07,64880492.53
2016-03-08,64220897.03999999
2016-03-09,72039288.24
2016-03-10,68589763.99
2016-03-11,64120039.62
2016-03-12,65673127.78000001
2016-03-13,62362238.339999996
2016-03-14,67238138.39000002
2016-03-15,60104588.31999999
2016-03-16,68429524.89
2016-03-17,64920928.77
2016-03-18,69038048.69999997
2016-03-19,71101752.76999998
2016-03-20,65746597.27
2016-03-21,56864049.13
2016-03-22,68916342.69
2016-03-23,65892136.21000001
2016-03-24,60938439.18999999
2016-03-25,60624508.84
2016-03-26,62232179.6
2016-03-27,60313589.11999999
2016-03-28,76199643.30000001
2016-03-29,81877365.22000001
2016-03-30,65900047.59
2016-03-31,69197466.87
2016-04-01,68130302.91000001
2016-04-02,68236654.88
2016-04-03,60213364.09
2016-04-04,58861846.480000004
2016-04-05,62476337.620000005
2016-04-06,58550735.639999986
2016-04-07,57289303.85000001
2016-04-08,67134685.91000001
2016-04-09,59801283.2
2016-04-10,56682206.63999999
2016-04-11,61324480.629999995
2016-04-12,67364228.56
2016-04-13,60694320.25
2016-04-14,52553360.18000001
2016-04-15,53533723.74000001
2016-04-16,68399341.74999999
2016-04-17,50500302.06000001
2016-04-18,54990838.89
2016-04-19,50288352.800000004
2016-04-20,57105749.27000001
2016-04-21,56709162.53000001
2016-04-22,65193873.3
2016-04-23,55072344.349999994
2016-04-24,44792530.669999994
2016-04-25,53500935.63
2016-04-26,57620477.480000004
2016-04-27,53658063.269999996
2016-04-28,56459294.830000006
2016-04-29,51119815.84
2016-04-30,46615217.46
2016-05-01,57959427.98
2016-05-02,48668417.089999996
2016-05-03,54327360.050000004
2016-05-04,52105291.85
2016-05-05,52257250.68
2016-05-06,57611441.609999985
2016-05-07,51541935.720000006
2016-05-08,49669149.95999999
2016-05-09,48914427.489999995
2016-05-10,51418574.589999996
2016-05-11,49144145.839999996
2016-05-12,53852740.92
2016-05-13,58221987.190000005
2016-05-14,60743870.5
2016-05-15,51881336.82
2016-05-16,57654582.010000005
2016-05-17,59156015.279999994
2016-05-18,55227358.169999994
2016-05-19,56053027.699999996
2016-05-20,54683658.91999999
2016-05-21,54423870.779999994
2016-05-22,50758011.13999999
2016-05-23,58894238.72
2016-05-24,53578893.27
2016-05-25,50808552.58
2016-05-26,47000489.81
2016-05-27,50766277.74
2016-05-28,51892859.470000006
2016-05-29,42139429.22
2016-05-30,48579683.01
2016-05-31,47954507.43000002
2016-06-01,46509851.09
2016-06-02,45554865.59
2016-06-03,45575106.92
2016-06-04,50688151.85000001
2016-06-05,46893135.139999986
2016-06-06,45585268.82000001
2016-06-07,45139443.53
2016-06-08,46491802.24999999
2016-06-09,45576872.39
2016-06-10,45333859.06
2016-06-11,41582734.910000004
2016-06-12,44981108.019999996
2016-06-13,44808363.900000006
2016-06-14,40711242.330000006
2016-06-15,42503236.900000006
2016-06-16,41016163.43999999
2016-06-17,42122134.44
2016-06-18,42169300.9
2016-06-19,38415427.88000001
2016-06-20,38122889.99
2016-06-21,35294569.42999999
2016-06-22,48567248.14
2016-06-23,46625862.55
2016-06-24,48967607.010000005
2016-06-25,42370966.61
2016-06-26,42550819.49
2016-06-27,46545054.29
2016-06-28,50039886.63999999
2016-06-29,46880950.88999999
2016-06-30,50252446.68000001
2016-07-01,47579478.97
2016-07-02,49882996.779999994
2016-07-03,42898734.81000001
2016-07-04,51305655.85999999
2016-07-05,50160888.76000001
2016-07-06,50834872.010000005
2016-07-07,52228962.15
2016-07-08,53410578.419999994
2016-07-09,61506351.059999995
2016-07-10,59611012.470000006
2016-07-11,49410814.970000006
2016-07-12,47867562.71
2016-07-13,49160939.760000005
2016-07-14,55852902.80000001
2016-07-15,48050041.349999994
2016-07-16,51548662.90999999
2016-07-17,52649651.57
2016-07-18,45789267.81999999
2016-07-19,46603667.84
2016-07-20,48300301.74
2016-07-21,47863411.08
2016-07-22,46820100.089999996
2016-07-23,48592836.35000001
2016-07-24,40152149.309999995
2016-07-25,47691786.88999999
2016-07-26,49060732.8
2016-07-27,48140742.029999994
2016-07-28,46531001.14
2016-07-29,49563012.669999994
2016-07-30,53319872.04999999
2016-07-31,54455096.800000004
2016-08-01,44877337.58
2016-08-02,47819176.38
2016-08-03,47736508.440000005
2016-08-04,43836998.62000001
2016-08-05,48164199.43
2016-08-06,51075437.29999999
2016-08-07,48907396.20999999
2016-08-08,52487465.63
2016-08-09,53814888.85000001
2016-08-10,49034705.98
2016-08-11,51108263.17
2016-08-12,50359576.87
2016-08-13,47181731.5
2016-08-14,47889295.699999996
2016-08-15,47430655.55999999
2016-08-16,46881796.82
2016-08-17,46475428.370000005
2016-08-18,47819253.88
2016-08-19,51280053.33
2016-08-20,47824423.440000005
2016-08-21,47775986.74
2016-08-22,46630363.78
2016-08-23,48834281.349999994
2016-08-24,46303080.919999994
2016-08-25,48885439.16
2016-08-26,43436680.24
2016-08-27,53988519.43000001
2016-08-28,54624646.23
2016-08-29,50070592.6
2016-08-30,44586266.87
2016-08-31,38363558.559999995
2016-09-01,45834178.889999986
2016-09-02,46480557.78999999
2016-09-03,44902974.03999999
2016-09-04,44635490.43999999
2016-09-05,48845410.839999996
2016-09-06,47124280.489999995
2016-09-07,44531537.43000001
2016-09-08,40622854.879999995
2016-09-09,46219833.279999994
2016-09-10,39126831.0
2016-09-11,50912901.45999999
2016-09-12,47688238.919999994
2016-09-13,43965119.339999996
2016-09-14,49400418.05
2016-09-15,46823523.35999999
2016-09-16,52437563.82000001
2016-09-17,57673687.93000001
2016-09-18,54358082.489999995
2016-09-19,50912217.13000001
2016-09-20,47936918.73
2016-09-21,43977474.929999985
2016-09-22,44211661.11999999
2016-09-23,45819762.68999999
2016-09-24,50756463.86
2016-09-25,41989596.55000001
2016-09-26,48531135.65
2016-09-27,50665800.67000001
2016-09-28,51550591.57999998
2016-09-29,49748137.03
2016-09-30,47670668.550000004
2016-10-01,38969445.04
2016-10-02,40372334.48
2016-10-03,41782794.17
2016-10-04,45263330.4
2016-10-05,42224203.42
2016-10-06,46677256.37
2016-10-07,43437338.35
2016-10-08,40905007.83
2016-10-09,46297797.07
2016-10-10,45462899.55999999
2016-10-11,46635343.35000001
2016-10-12,43941517.040000014
2016-10-13,45012967.129999995
2016-10-14,44496126.18
2016-10-15,43082903.96
2016-10-16,46813569.870000005
2016-10-17,40965160.779999994
2016-10-18,40566130.080000006
2016-10-19,48796378.660000004
2016-10-20,49724468.99000001
2016-10-21,46429099.339999996
2016-10-22,58754938.32999999
2016-10-23,50316665.61000001
2016-10-24,49701221.31
2016-10-25,58834131.379999995
2016-10-26,53214693.919999994
2016-10-27,52143105.54
2016-10-28,51247837.72999999
2016-10-29,52482064.48999999
2016-10-30,42622007.529999994
2016-10-31,47149910.81000001
2016-11-01,46304175.16
2016-11-02,50528479.449999996
2016-11-03,50960443.03
2016-11-04,55973444.30000001
2016-11-05,52620990.34
2016-11-06,53086644.160000004
2016-11-07,49857683.010000005
2016-11-08,50099243.949999996
2016-11-09,58521608.949999996
2016-11-10,64472822.13
2016-11-11,57610778.140000015
2016-11-12,58735696.68999999
2016-11-13,49093525.21999999
2016-11-14,56299277.1
2016-11-15,54891360.660000004
2016-11-16,54818073.12999999
2016-11-17,60405546.809999995
2016-11-18,61766658.49999999
2016-11-19,62546289.720000006
2016-11-20,56095920.46999999
2016-11-21,60891915.47
2016-11-22,67314965.68
2016-11-23,63902184.31
2016-11-24,62759813.57
2016-11-25,61304242.28
2016-11-26,54193921.230000004
2016-11-27,54105701.38
2016-11-28,60578871.140000015
2016-11-29,61021411.999999985
2016-11-30,58913499.760000005
2016-12-01,58019858.26
2016-12-02,62330486.41
2016-12-03,55781169.20999999
2016-12-04,57729688.370000005
2016-12-05,65567887.92000001
2016-12-06,73527921.85999998
2016-12-07,73390096.61999999
2016-12-08,63694845.63
2016-12-09,71655576.16
2016-12-10,67472145.14999999
2016-12-11,61140111.230000004
2016-12-12,69705677.47000001
2016-12-13,70301939.82
2016-12-14,69446830.86
2016-12-15,68442257.60000001
2016-12-16,65077761.12
2016-12-17,58130468.03
2016-12-18,55987758.0
2016-12-19,64114016.14000001
2016-12-20,58178591.32000001
2016-12-21,56599789.330000006
2016-12-22,57915250.64000001
2016-12-23,56982664.87
2016-12-24,54405336.239999995
2016-12-25,57151191.620000005
2016-12-26,69762723.46
2016-12-27,66864050.97000001
2016-12-28,70532186.89999999
2016-12-29,69353337.59
2016-12-30,66225138.10000002
2016-12-31,58600201.61000001
2017-01-01,60830104.92
2017-01-02,55931594.19999999
2017-01-03,62672267.190000005
2017-01-04,62043068.24000001
2017-01-05,56975354.339999996
2017-01-06,55900249.71999999
2017-01-07,49518489.73
2017-01-08,48549545.28000001
2017-01-09,46124546.11
2017-01-10,50467740.44
2017-01-11,52686911.510000005
2017-01-12,54032056.519999996
2017-01-13,54048813.52999999
2017-01-14,56469031.01
2017-01-15,50986493.54000001
2017-01-16,56722113.879999995
2017-01-17,58297546.79000001
2017-01-18,59141699.61
2017-01-19,64629832.32000001
2017-01-20,59337241.69
2017-01-21,58308782.18
2017-01-22,56273746.15999999
2017-01-23,56710837.809999995
2017-01-24,55940081.01999999
2017-01-25,58234238.02
2017-01-26,58162698.83
2017-01-27,57065348.260000005
2017-01-28,53660216.17
2017-01-29,51532641.769999996
2017-01-30,62495986.370000005
2017-01-31,56434430.839999996
2017-02-01,60275333.160000004
2017-02-02,60659564.2
2017-02-03,58985392.18999999
2017-02-04,57530829.38000001
2017-02-05,54143869.029999994
2017-02-06,62047216.81
2017-02-07,59670290.629999995
2017-02-08,57495967.28
2017-02-09,59841573.28000001
2017-02-10,54531356.17
2017-02-11,52853898.61
2017-02-12,46852625.989999995
2017-02-13,56680821.06
2017-02-14,55199944.35
2017-02-15,53777270.199999996
2017-02-16,50345607.47
2017-02-17,50068835.760000005
2017-02-18,48442296.87
2017-02-19,45040259.67
2017-02-20,53091291.24999999
2017-02-21,50918329.050000004
2017-02-22,52080995.589999996
2017-02-23,49017699.88
2017-02-24,50076297.580000006
2017-02-25,45308928.98000001
2017-02-26,39301119.83
2017-02-27,47035865.71000001
2017-02-28,48665866.620000005
2017-03-01,51824436.76000001
2017-03-02,52320186.2
2017-03-03,53884588.27
2017-03-04,52412076.74
2017-03-05,49185570.04999999
2017-03-06,52725136.76
2017-03-07,54063597.449999996
2017-03-08,52453242.019999996
2017-03-09,54053255.739999995
2017-03-10,50710710.169999994
2017-03-11,50609275.52
2017-03-12,44143212.11
2017-03-13,48871688.44
2017-03-14,53030440.339999996
2017-03-15,52700546.39999999
2017-03-16,52094204.49
2017-03-17,57502756.6
2017-03-18,46724196.220000006
2017-03-19,41521364.77
2017-03-20,47778133.69999999
2017-03-21,49423510.34000001
2017-03-22,50465652.83
2017-03-23,55631265.940000005
2017-03-24,45812768.07
2017-03-25,56946930.78
2017-03-26,46358104.47
2017-03-27,58096915.75
2017-03-28,58023130.510000005
2017-03-29,54395496.10999999
2017-03-30,55632350.85
2017-03-31,58103910.760000005
2017-04-01,57958902.68999999
2017-04-02,60423691.419999994
2017-04-03,64555594.44000001
2017-04-04,63516070.02
2017-04-05,59325806.370000005
2017-04-06,56630550.39000001
2017-04-07,63941542.76
2017-04-08,59835411.57999999
2017-04-09,42427256.40000001
2017-04-10,56945578.64
2017-04-11,54504686.20000001
2017-04-12,55537517.91
2017-04-13,54157687.11
2017-04-14,50268915.78999999
2017-04-15,56428591.45999999
2017-04-16,56707625.29
2017-04-17,58507917.28
2017-04-18,54926072.82000001
2017-04-19,54090470.77
2017-04-20,48584882.970000006
2017-04-21,54397983.910000004
2017-04-22,55015370.77000001
2017-04-23,52977368.919999994
2017-04-24,57870648.150000006
2017-04-25,55268404.24000001
2017-04-26,55612844.47
2017-04-27,57264308.20999999
2017-04-28,60459719.90999999
2017-04-29,60177868.68000001
2017-04-30,49986806.94
2017-05-01,56819206.85000001
2017-05-02,60679634.32000001
2017-05-03,56997289.53999999
2017-05-04,60933041.870000005
2017-05-05,57825072.25000001
2017-05-06,59843881.88
2017-05-07,51094238.31
2017-05-08,55887150.20000001
2017-05-09,62681492.580000006
2017-05-10,62095347.22
2017-05-11,60275229.46999999
2017-05-12,62543627.489999995
2017-05-13,64214637.64000001
2017-05-14,53266564.77000001
2017-05-15,61277100.82000001
2017-05-16,53171259.32
2017-05-17,69943942.38
2017-05-18,73401101.67999999
2017-05-19,75395033.30999999
2017-05-20,70007207.81
2017-05-21,57461368.29000001
2017-05-22,60442093.19
2017-05-23,62731103.58000001
2017-05-24,63547664.2
2017-05-25,66673213.71
2017-05-26,66765099.20000001
2017-05-27,54225736.55
2017-05-28,61075699.559999995
2017-05-29,54013768.53000001
2017-05-30,56234125.339999996
2017-05-31,59094455.66
2017-06-01,57078005.21999999
2017-06-02,60754245.250000015
2017-06-03,55668790.68999999
2017-06-04,58305741.79000001
2017-06-05,69166218.83
2017-06-06,68088148.74
2017-06-07,59984541.09999999
2017-06-08,55909277.78000001
2017-06-09,48803203.34
2017-06-10,64247725.690000005
2017-06-11,58851012.53999999
2017-06-12,50761149.46000001
2017-06-13,51018947.16
2017-06-14,52221239.67000001
2017-06-15,54759220.59
2017-06-16,56176078.92999999
2017-06-17,50205975.19999999
2017-06-18,40853883.279999994
2017-06-19,45185045.06999999
2017-06-20,55081783.56000001
2017-06-21,54005276.949999996
2017-06-22,56029636.19
2017-06-23,56789731.389999986
2017-06-24,54614034.25000001
2017-06-25,41925590.489999995
2017-06-26,54014864.33
2017-06-27,49020853.01999999
2017-06-28,48837798.36000001
2017-06-29,52874484.599999994
2017-06-30,55275493.099999994
2017-07-01,52361180.72999999
2017-07-02,50667955.599999994
2017-07-03,41302027.88
2017-07-04,46066003.0
2017-07-05,54510224.769999996
2017-07-06,55020626.33
2017-07-07,50755908.190000005
2017-07-08,49598688.18000001
2017-07-09,47360054.98
2017-07-10,48909254.2
2017-07-11,49038949.39
2017-07-12,45475028.47
2017-07-13,52074252.93
2017-07-14,47519843.52
2017-07-15,48932470.46
2017-07-16,43678728.67
2017-07-17,47771162.269999996
2017-07-18,50485380.76
2017-07-19,49546937.97
2017-07-20,42237942.51999999
2017-07-21,49185014.92999999
2017-07-22,52683713.77
2017-07-23,46119539.12999999
2017-07-24,55111879.75
2017-07-25,50906689.63999999
2017-07-26,50314524.23
2017-07-27,47010756.63000001
2017-07-28,46735995.63
2017-07-29,45803267.61000001
2017-07-30,41752840.37999999
2017-07-31,38751234.699999996
2017-08-01,42673415.29
2017-08-02,44681845.18
2017-08-03,45885653.18
2017-08-04,43128271.739999995
2017-08-05,36760341.18
2017-08-06,55297517.78
2017-08-07,43185227.989999995
2017-08-08,47854665.629999995
2017-08-09,42221371.63000001
2017-08-10,43670198.129999995
2017-08-11,42821285.27
2017-08-12,38179312.47
2017-08-13,45992186.86
2017-08-14,53711201.64999999
2017-08-15,52234723.449999996
2017-08-16,44600646.629999995
2017-08-17,54097452.16
2017-08-18,51988207.15
2017-08-19,45301006.32000001
2017-08-20,43602247.03
2017-08-21,47482711.16
2017-08-22,43624859.830000006
2017-08-23,46365682.45000001
2017-08-24,48452944.79000001
2017-08-25,43190692.12000001
2017-08-26,47404441.82000001
2017-08-27,44905920.86000001
2017-08-28,45990045.32000001
2017-08-29,46681531.04
2017-08-30,51117019.430000015
2017-08-31,51417666.64
2017-09-01,51098789.02
2017-09-02,47264621.419999994
2017-09-03,43282603.66999999
2017-09-04,47383429.269999996
2017-09-05,44711517.01999999
2017-09-06,53110489.75
2017-09-07,43354905.440000005
2017-09-08,46451962.650000006
2017-09-09,42277025.68
2017-09-10,38574429.31
2017-09-11,52053692.61000001
2017-09-12,44917942.87
2017-09-13,45695773.85
2017-09-14,48571152.88999999
2017-09-15,46137680.96
2017-09-16,50975461.54
2017-09-17,54430298.77000002
2017-09-18,54375024.51000002
2017-09-19,55293144.72000001
2017-09-20,62471618.830000006
2017-09-21,61598088.760000005
2017-09-22,49079177.95
2017-09-23,60636610.45999999
2017-09-24,63618110.089999996
2017-09-25,62979093.18
2017-09-26,54166005.86
2017-09-27,57967501.86
2017-09-28,49751582.260000005
2017-09-29,52760541.349999994
2017-09-30,45230025.15
2017-10-01,52410759.97
2017-10-02,59085604.919999994
2017-10-03,57743050.349999994
2017-10-04,51857900.379999995
2017-10-05,49597436.88000001
2017-10-06,57695977.339999996
2017-10-07,46844506.07
2017-10-08,52666352.08
2017-10-09,54119477.85999999
2017-10-10,49828724.669999994
2017-10-11,43911182.260000005
2017-10-12,50452521.24999999
2017-10-13,45986294.330000006
2017-10-14,48749146.64
2017-10-15,40140274.31000001
2017-10-16,61348236.12
2017-10-17,48105664.52000001
2017-10-18,49285754.66
2017-10-19,45273748.94
2017-10-20,49303465.870000005
2017-10-21,39470170.53999999
2017-10-22,41839480.49
2017-10-23,41162873.32000001
2017-10-24,47081907.50999998
2017-10-25,43045440.080000006
2017-10-26,40849627.00000001
2017-10-27,41339477.949999996
2017-10-28,33176265.590000004
2017-10-29,30891013.580000002
2017-10-30,38007870.16
2017-10-31,34978631.93
2017-11-01,43416120.53000001
2017-11-02,44439958.83
2017-11-03,49058385.75
2017-11-04,45515697.61
2017-11-05,53058701.3
2017-11-06,39691569.949999996
2017-11-07,52545712.31999999
2017-11-08,45849079.029999994
2017-11-09,49502000.49
2017-11-10,39852347.36
2017-11-11,43598678.620000005
2017-11-12,43987637.160000004
2017-11-13,40977657.300000004
2017-11-14,45664779.64000001
2017-11-15,40319963.97
2017-11-16,50905132.620000005
2017-11-17,49008724.25
2017-11-18,58286600.55
2017-11-19,53059492.56
2017-11-20,46532545.27
2017-11-21,61162930.9
2017-11-22,46573625.08
2017-11-23,53758317.74
2017-11-24,56607129.72
2017-11-25,59169228.419999994
2017-11-26,58313124.900000006
2017-11-27,59745755.35999999
2017-11-28,56970432.599999994
2017-11-29,56085942.109999985
2017-11-30,54376642.169999994
2017-12-01,62408574.95000001
2017-12-02,57091318.45999999
2017-12-03,61456708.88000001
2017-12-04,59669588.160000004
2017-12-05,72237615.87
2017-12-06,63769331.33
2017-12-07,59655250.22
2017-12-08,54688985.37
2017-12-09,63845382.910000004
2017-12-10,57920571.46
2017-12-11,62253326.98000001
2017-12-12,71047593.5
2017-12-13,64172209.19
2017-12-14,58922493.080000006
2017-12-15,69168735.75000001
2017-12-16,58323337.650000006
2017-12-17,49549085.44
2017-12-18,60592982.150000006
2017-12-19,55703968.949999996
2017-12-20,64563347.650000006
2017-12-21,54076651.91999999
2017-12-22,61338472.360000014
2017-12-23,52401337.44999999
2017-12-24,48918021.59
2017-12-25,53799153.61
2017-12-26,58286830.11
2017-12-27,52944961.98
2017-12-28,45339836.0
2017-12-29,49051124.05
2017-12-30,52835994.84
2017-12-31,48388999.910000004
2018-01-01,48857949.440000005
2018-01-02,53742160.290000014
2018-01-03,58529269.39
2018-01-04,62001455.67999999
2018-01-05,63484976.7
2018-01-06,54971370.64
2018-01-07,50613884.730000004
2018-01-08,50952521.22
2018-01-09,56890678.04
2018-01-10,61325551.919999994
2018-01-11,55813978.82000001
2018-01-12,62472340.699999996
2018-01-13,58173845.62
2018-01-14,51545393.230000004
2018-01-15,58990314.66000001
2018-01-16,57866820.58999999
2018-01-17,61643065.04999999
2018-01-18,62267130.599999994
2018-01-19,66650072.29000001
2018-01-20,57975828.110000014
2018-01-21,65169355.410000004
2018-01-22,67583319.82000001
2018-01-23,69065244.19
2018-01-24,63774743.7
2018-01-25,66020787.42
2018-01-26,63326523.46000001
2018-01-27,61525597.54000001
2018-01-28,60320898.969999984
2018-01-29,65808341.63999999
2018-01-30,65889574.339999996
2018-01-31,66864596.760000005
2018-02-01,60027177.78
2018-02-02,57762493.339999996
2018-02-03,49304819.31000001
2018-02-04,47160139.17
2018-02-05,58038217.65000001
2018-02-06,57615449.19
2018-02-07,71872063.16999999
2018-02-08,55961296.47
2018-02-09,54208012.94
2018-02-10,61140399.88000001
2018-02-11,56798264.540000014
2018-02-12,55384400.98
2018-02-13,55325729.67
2018-02-14,49152510.97
2018-02-15,52513484.13
2018-02-16,55741113.51000001
2018-02-17,58253002.859999985
2018-02-18,59024564.900000006
2018-02-19,52322285.98999999
2018-02-20,52028970.44
2018-02-21,51128099.78
2018-02-22,49560921.54
2018-02-23,51064496.969999984
2018-02-24,47777918.07000001
2018-02-25,45523140.31999999
2018-02-26,48754352.29000001
2018-02-27,54083976.42000001
2018-02-28,53765138.599999994
2018-03-01,52647033.2
2018-03-02,54279509.13
2018-03-03,49530015.89
2018-03-04,43958160.04
2018-03-05,57955335.22999998
2018-03-06,49637835.9
2018-03-07,50945066.54000001
2018-03-08,54381979.17
2018-03-09,54420407.68000001
2018-03-10,50628484.5
2018-03-11,47271930.8
2018-03-12,54494231.17999999
2018-03-13,51706362.39
2018-03-14,56721682.38999999
2018-03-15,55169025.34
2018-03-16,59503990.00000001
2018-03-17,58447431.07000001
2018-03-18,52752087.06
2018-03-19,60587570.64
2018-03-20,56058790.730000004
2018-03-21,53400225.12
2018-03-22,65081267.29000001
2018-03-23,59681858.64000001
2018-03-24,49403175.94
2018-03-25,54279253.529999994
2018-03-26,53941170.779999994
2018-03-27,55335001.14999999
2018-03-28,59867895.93999999
2018-03-29,53031865.89999999
2018-03-30,46102113.0
2018-03-31,46151345.61
2018-04-01,49287689.61
2018-04-02,55736279.140000015
2018-04-03,47997607.54
2018-04-04,54366601.870000005
2018-04-05,53807073.56000002
2018-04-06,55277024.93
2018-04-07,61343682.019999996
2018-04-08,56863036.09
2018-04-09,58665393.480000004
2018-04-10,61432757.4
2018-04-11,54441696.93
2018-04-12,55863121.250000015
2018-04-13,60410262.449999996
2018-04-14,59942923.24
2018-04-15,60709247.53
2018-04-16,61786450.41999999
2018-04-17,58072889.17999999
2018-04-18,58230781.27
2018-04-19,58249456.879999995
2018-04-20,61184732.09999999
2018-04-21,63256753.989999995
2018-04-22,57096603.92999999
2018-04-23,59696414.839999996
2018-04-24,59598023.41
2018-04-25,60498884.87
2018-04-26,61693879.03
2018-04-27,57666115.690000005
2018-04-28,56452387.13000001
2018-04-29,50330937.67
2018-04-30,57180805.410000004
2018-05-01,53232904.21000001
2018-05-02,54728846.13000001
2018-05-03,56188401.180000015
2018-05-04,52984642.07
2018-05-05,52476683.67
2018-05-06,54865406.599999994
2018-05-07,53238317.37999998
2018-05-08,49071300.660000004
2018-05-09,52442545.67
2018-05-10,57821840.25000001
2018-05-11,60291158.629999995
2018-05-12,54268990.88999999
2018-05-13,53243639.34
2018-05-14,46600520.25000001
2018-05-15,50386911.7
2018-05-16,50736600.31
2018-05-17,58298082.35
2018-05-18,59872847.529999994
2018-05-19,55939869.38999999
2018-05-20,57954124.92000001
2018-05-21,60275844.64
2018-05-22,58309387.20000002
2018-05-23,54228760.679999985
2018-05-24,59316366.51
2018-05-25,57201430.26
2018-05-26,48570051.57
2018-05-27,43639256.660000004
2018-05-28,59288220.910000004
2018-05-29,62409478.53
2018-05-30,60805732.07
2018-05-31,55480757.31999999
2018-06-01,53488236.45
2018-06-02,56095516.40000001
2018-06-03,51422496.910000004
2018-06-04,54820169.75
2018-06-05,55606937.51
2018-06-06,59905685.43999999
2018-06-07,58402460.46
2018-06-08,62093444.69
2018-06-09,52780780.53
2018-06-10,56242508.18999999
2018-06-11,49740805.77
2018-06-12,54678254.62
2018-06-13,56475821.30000001
2018-06-14,51660149.55
2018-06-15,53179356.6
2018-06-16,58819741.339999996
2018-06-17,54006316.0
2018-06-18,53066524.379999995
2018-06-19,56383511.370000005
2018-06-20,50267819.14000001
2018-06-21,49573818.72
2018-06-22,54000630.86
2018-06-23,53186149.52000001
2018-06-24,44878472.65
2018-06-25,49689114.62
2018-06-26,51734216.07
2018-06-27,52153211.190000005
2018-06-28,58312850.960000016
2018-06-29,48624460.910000004
2018-06-30,55157859.21000001
2018-07-01,48691100.01
2018-07-02,42100661.74000001
2018-07-03,45536290.51
2018-07-04,45983854.28
2018-07-05,45140997.23
2018-07-06,48801606.65
2018-07-07,52419579.099999994
2018-07-08,43540248.78
2018-07-09,50926440.370000005
2018-07-10,51565706.74
2018-07-11,52351376.66
2018-07-12,58884538.78
2018-07-13,55118403.400000006
2018-07-14,56731571.79
2018-07-15,49718026.279999994
2018-07-16,46013951.660000004
2018-07-17,45220880.38
2018-07-18,51145372.489999995
2018-07-19,55797724.13999999
2018-07-20,58867199.00000001
2018-07-21,51675259.940000005
2018-07-22,51220811.220000006
2018-07-23,47296902.24000001
2018-07-24,49348719.78000001
2018-07-25,49736249.37000001
2018-07-26,50047301.65999998
2018-07-27,47796978.82
2018-07-28,51121027.62999999
2018-07-29,47532275.36
2018-07-30,50613108.21999999
2018-07-31,45614986.86999999
2018-08-01,50397593.05
2018-08-02,47577058.680000015
2018-08-03,51629666.970000006
2018-08-04,48428951.49000001
2018-08-05,42004044.349999994
2018-08-06,48485327.75999999
2018-08-07,50467329.309999995
2018-08-08,50447495.660000004
2018-08-09,50763164.27
2018-08-10,54189551.34
2018-08-11,52009985.37
2018-08-12,52955826.95999999
2018-08-13,50919918.01
2018-08-14,46615612.4
2018-08-15,44200510.98
2018-08-16,48462416.889999986
2018-08-17,50969532.28
2018-08-18,49565880.98999999
2018-08-19,42706999.69
2018-08-20,49507161.06
2018-08-21,52607441.199999996
2018-08-22,50043341.35999999
2018-08-23,47380756.06
2018-08-24,49974441.92999999
2018-08-25,48702547.559999995
2018-08-26,41897162.39999998
2018-08-27,52105780.529999994
2018-08-28,58181419.519999996
2018-08-29,56117107.41999999
2018-08-30,51035938.86
2018-08-31,52011336.949999996
2018-09-01,50057286.410000004
2018-09-02,53144809.940000005
2018-09-03,58246649.29999998
2018-09-04,50621059.31
2018-09-05,47185274.98
2018-09-06,52429953.010000005
2018-09-07,54173054.499999985
2018-09-08,54006095.82000001
2018-09-09,52254242.750000015
2018-09-10,53647312.699999996
2018-09-11,51591886.70000001
2018-09-12,49545829.89
2018-09-13,54054488.25
2018-09-14,50721390.84
2018-09-15,56426196.470000006
2018-09-16,44291958.68000001
2018-09-17,43324582.38999999
2018-09-18,55051750.63999999
2018-09-19,52244185.24
2018-09-20,50738298.300000004
2018-09-21,56319144.010000005
2018-09-22,55230656.769999996
2018-09-23,55627615.309999995
2018-09-24,55559473.86
2018-09-25,58120220.010000005
2018-09-26,50627657.03999999
2018-09-27,51081534.999999985
2018-09-28,55839006.4
2018-09-29,43764935.34999999
2018-09-30,48928678.31000001
2018-10-01,50904711.459999986
2018-10-02,50954949.22
2018-10-03,45642220.39000001
2018-10-04,47156773.85
2018-10-05,49360932.61
2018-10-06,50706533.26
2018-10-07,48814690.65
2018-10-08,50640626.66
2018-10-09,49625391.00000001
2018-10-10,47374324.57999999
2018-10-11,44146056.559999995
2018-10-12,49770772.66999999
2018-10-13,47743863.65
2018-10-14,47412576.86
2018-10-15,48589873.04
2018-10-16,49127650.330000006
2018-10-17,50374026.3
2018-10-18,50843611.38999999
2018-10-19,49188607.29000002
2018-10-20,46783292.87
2018-10-21,63806681.28999999
2018-10-22,56748561.699999996
2018-10-23,52015431.67999999
2018-10-24,46486193.21
2018-10-25,42723462.080000006
2018-10-26,49984600.879999995
2018-10-27,46662948.919999994
2018-10-28,40361719.23
2018-10-29,38127601.400000006
2018-10-30,41329666.839999996
2018-10-31,47135665.28000001
2018-11-01,49799312.610000014
2018-11-02,53916097.91
2018-11-03,45180109.04000001
2018-11-04,50856982.849999994
2018-11-05,54998092.25999999
2018-11-06,53521608.019999996
2018-11-07,55147462.20999999
2018-11-08,58244879.360000014
2018-11-09,56673716.36
2018-11-10,67108285.34000001
2018-11-11,65528412.75
2018-11-12,60475097.20000001
2018-11-13,58560693.51999999
2018-11-14,50940000.269999996
2018-11-15,63318041.5
2018-11-16,67847006.33000001
2018-11-17,70641102.11
2018-11-18,63471376.02999999
2018-11-19,62267806.9
2018-11-20,64538019.84000002
2018-11-21,61849301.03000001
2018-11-22,65253772.58999999
2018-11-23,66419057.1
2018-11-24,66769422.05
2018-11-25,66183361.01
2018-11-26,62182969.83999999
2018-11-27,57407428.52000001
2018-11-28,60149616.92
2018-11-29,62736910.9
2018-11-30,63939907.04
2018-12-01,67607708.45
2018-12-02,57975839.16
2018-12-03,66144289.660000004
2018-12-04,67979906.51
2018-12-05,54515330.12
2018-12-06,64418910.56999999
2018-12-07,68831403.71000001
2018-12-08,62219828.93
2018-12-09,57088577.42
2018-12-10,61218196.320000015
2018-12-11,62164137.059999995
2018-12-12,56079579.15
2018-12-13,61291129.71999999
2018-12-14,46265586.55000001
2018-12-15,42983760.449999996
2018-12-16,38486426.120000005
2018-12-17,50473296.12
2018-12-18,54614181.07
2018-12-19,46357766.31
2018-12-20,50019151.14
2018-12-21,48316931.6
2018-12-22,60103095.13999999
2018-12-23,49318582.410000004
2018-12-24,45317391.11
2018-12-25,42112401.37
2018-12-26,43681535.449999996
2018-12-27,46600835.44000001
2018-12-28,43801206.620000005
2018-12-29,43484045.849999994
2018-12-30,46645469.669999994
2018-12-31,50060384.12
2019-01-01,43661578.45
2019-01-02,58788729.25
2019-01-03,54793203.42000001
2019-01-04,55513061.16
2019-01-05,58118676.75000001
2019-01-06,47158298.00000001
2019-01-07,46617985.11000001
2019-01-08,59035857.279999994
2019-01-09,45619358.4
2019-01-10,58553438.75
2019-01-11,53802431.0
2019-01-12,49825559.29000001
2019-01-13,41942459.53
2019-01-14,46496129.98000001
2019-01-15,54479344.86
2019-01-16,53233641.1
2019-01-17,54321516.70999999
2019-01-18,53349850.88
2019-01-19,62090111.550000004
2019-01-20,56593156.269999996
2019-01-21,61780492.449999996
2019-01-22,57615577.02
2019-01-23,60529617.71
2019-01-24,58832127.67
2019-01-25,60850326.71
2019-01-26,57292747.32000001
2019-01-27,49404610.480000004
2019-01-28,57026519.7
2019-01-29,57085070.44
2019-01-30,53225521.76
2019-01-31,55856711.239999995
2019-02-01,63218849.43000001
2019-02-02,56883321.4
2019-02-03,47589538.4
2019-02-04,57170417.13
2019-02-05,60544761.99
2019-02-06,57839717.20000001
2019-02-07,65686621.510000005
2019-02-08,66476904.58999999
2019-02-09,58955558.88
2019-02-10,56282124.58
2019-02-11,65849930.61000001
2019-02-12,54809339.940000005
2019-02-13,62992985.60000001
2019-02-14,61799731.769999996
2019-02-15,60635632.78000001
2019-02-16,59039493.47999999
2019-02-17,56356827.97999999
2019-02-18,58357853.40999999
2019-02-19,57798688.58
2019-02-20,56801913.73
2019-02-21,58104335.24
2019-02-22,62128417.449999996
2019-02-23,54756071.199999996
2019-02-24,50870394.44
2019-02-25,55815206.21999999
2019-02-26,64600656.400000006
2019-02-27,52586917.230000004
2019-02-28,59768758.48000001
2019-03-01,58366109.56000001
2019-03-02,65166447.12000001
2019-03-03,50132062.77999998
2019-03-04,56665082.84
2019-03-05,61460683.940000005
2019-03-06,64283251.110000014
2019-03-07,59273995.7
2019-03-08,55912819.6
2019-03-09,57544292.109999985
2019-03-10,52046091.47
2019-03-11,56767316.809999995
2019-03-12,57566763.77
2019-03-13,59494560.32000001
2019-03-14,61706453.190000005
2019-03-15,60374243.15
2019-03-16,56136066.87999999
2019-03-17,55162374.31000001
2019-03-18,58379436.07
2019-03-19,56147155.95
2019-03-20,59365430.68999999
2019-03-21,57748806.059999995
2019-03-22,53502025.650000006
2019-03-23,55856640.53000001
2019-03-24,52600484.699999996
2019-03-25,53154574.88999999
2019-03-26,62776988.370000005
2019-03-27,62517145.85
2019-03-28,67630117.72
2019-03-29,62822648.62999998
2019-03-30,64149696.92999999
2019-03-31,62378702.46000001
2019-04-01,61956024.56
2019-04-02,61142848.53999999
2019-04-03,59817577.67
2019-04-04,60736719.779999994
2019-04-05,64815768.789999984
2019-04-06,60585386.41
2019-04-07,54310018.36000001
2019-04-08,63167605.820000015
2019-04-09,66248047.88
2019-04-10,62121061.99999999
2019-04-11,62453811.63999999
2019-04-12,64193912.699999996
2019-04-13,63495433.23000001
2019-04-14,58361338.74999999
2019-04-15,57121861.519999996
2019-04-16,60342285.68000001
2019-04-17,61811375.41
2019-04-18,63623364.48000001
2019-04-19,58133920.29
2019-04-20,61926029.300000004
2019-04-21,62983567.150000006
2019-04-22,60591107.96
2019-04-23,60264377.370000005
2019-04-24,64530917.2
2019-04-25,66118598.11
2019-04-26,65067271.35
2019-04-27,70219048.45
2019-04-28,67453563.51000002
2019-04-29,71162986.57000001
2019-04-30,70259916.2
2019-05-01,67624178.89
2019-05-02,55522436.580000006
2019-05-03,55525580.16000001
2019-05-04,55977710.36999999
2019-05-05,50872246.34
2019-05-06,52254939.43
2019-05-07,53374139.5
2019-05-08,49173620.43
2019-05-09,51677753.370000005
2019-05-10,54769246.88000001
2019-05-11,42915035.160000004
2019-05-12,45456359.18
2019-05-13,59384326.48000002
2019-05-14,58183400.949999996
2019-05-15,62857071.47999999
2019-05-16,62361176.85
2019-05-17,61640899.40999999
2019-05-18,56999441.050000004
2019-05-19,55427866.58
2019-05-20,57916410.870000005
2019-05-21,57855980.75000001
2019-05-22,60399888.32
2019-05-23,55174504.230000004
2019-05-24,60394953.410000004
2019-05-25,54164078.54
2019-05-26,60435867.57
2019-05-27,58936834.17
2019-05-28,59158546.43999998
2019-05-29,59342947.99999999
2019-05-30,65287100.1
2019-05-31,64398934.61000001
2019-06-01,62922956.98
2019-06-02,59237244.69000001
2019-06-03,59701633.150000006
2019-06-04,60979993.029999994
2019-06-05,59808860.91
2019-06-06,57849598.06000002
2019-06-07,63428498.33999999
2019-06-08,55001686.21000001
2019-06-09,64246417.379999995
2019-06-10,60928220.54
2019-06-11,57424483.4
2019-06-12,60502675.9
2019-06-13,58132618.65999999
2019-06-14,61818744.860000014
2019-06-15,57024718.8
2019-06-16,49269455.120000005
2019-06-17,59685088.269999996
2019-06-18,64563200.53999999
2019-06-19,62454246.23000002
2019-06-20,61371903.25999999
2019-06-21,63530874.00000001
2019-06-22,65406471.89999999
2019-06-23,54729180.04
2019-06-24,51852706.72
2019-06-25,50394877.82000001
2019-06-26,57481353.99
2019-06-27,64146103.470000006
2019-06-28,67107237.19
2019-06-29,59659174.47
2019-06-30,53791770.46000001
2019-07-01,57500982.879999995
2019-07-02,56858335.830000006
2019-07-03,58486313.70999999
2019-07-04,59825285.71999999
2019-07-05,63128204.339999996
2019-07-06,62748516.199999996
2019-07-07,62816327.95
2019-07-08,61904458.220000006
2019-07-09,57445021.72
2019-07-10,61966511.489999995
2019-07-11,58823061.45999999
2019-07-12,60893949.89999999
2019-07-13,62821139.12000001
2019-07-14,58883029.72999999
2019-07-15,54461182.519999996
2019-07-16,59801659.95999999
2019-07-17,59336314.51
2019-07-18,62759961.36
2019-07-19,61878263.53000001
2019-07-20,61376490.190000005
2019-07-21,63044236.449999996
2019-07-22,57972879.94
2019-07-23,56770588.36999999
2019-07-24,56167388.53
2019-07-25,57831135.82
2019-07-26,58428373.56000002
2019-07-27,60039718.14
2019-07-28,63928566.61
2019-07-29,66917420.71
2019-07-30,63306851.71
2019-07-31,66236256.859999985
2019-08-01,58658673.64999999
2019-08-02,60514905.42
2019-08-03,63160788.940000005
2019-08-04,59044183.44
2019-08-05,52203524.62
2019-08-06,55496690.32000001
2019-08-07,55459457.519999996
2019-08-08,60603667.24
2019-08-09,63438123.230000004
2019-08-10,64245307.57
2019-08-11,59024846.190000005
2019-08-12,59840666.419999994
2019-08-13,57011718.29
2019-08-14,57295178.70000001
2019-08-15,55173929.6
2019-08-16,53815873.160000004
2019-08-17,57299013.46000001
2019-08-18,60535929.18
2019-08-19,59819169.29000001
2019-08-20,64085404.77
2019-08-21,63621098.10000001
2019-08-22,61923416.55
2019-08-23,62434180.269999996
2019-08-24,64262231.12
2019-08-25,60778971.49
2019-08-26,60307658.87
2019-08-27,56886704.00000001
2019-08-28,52862216.70000001
2019-08-29,52046265.449999996
2019-08-30,60806367.93
2019-08-31,58860131.86000001
2019-09-01,57002155.96
2019-09-02,56524132.169999994
2019-09-03,52299212.12999998
2019-09-04,54529736.27
2019-09-05,58697930.79000001
2019-09-06,58066829.22
2019-09-07,55611882.84999999
2019-09-08,50591544.949999996
2019-09-09,60114195.099999994
2019-09-10,61399557.31
2019-09-11,63677291.98000001
2019-09-12,53900351.51
2019-09-13,52153166.04000001
2019-09-14,51977340.07999999
2019-09-15,49069060.57000001
2019-09-16,50892043.519999996
2019-09-17,52974804.669999994
2019-09-18,54285593.58
2019-09-19,56134652.11
2019-09-20,60992260.08
2019-09-21,49490090.489999995
2019-09-22,40847778.68
2019-09-23,43867504.15
2019-09-24,45563029.1
2019-09-25,60688098.5
2019-09-26,42857065.12999999
2019-09-27,55383150.41
2019-09-28,59330374.86
2019-09-29,42079136.46
2019-09-30,54406451.720000006
2019-10-01,60918640.49000001
2019-10-02,57291441.68
2019-10-03,54905616.95999999
2019-10-04,55754528.08
2019-10-05,50981131.89
2019-10-06,41459293.66000001
2019-10-07,48410897.12
2019-10-08,47318621.77
2019-10-09,46908416.29
2019-10-10,50811142.5
2019-10-11,52942175.00000001
2019-10-12,47611888.919999994
2019-10-13,46400400.720000006
2019-10-14,48523846.63
2019-10-15,50044143.00000001
2019-10-16,49788023.54999999
2019-10-17,46380072.68000001
2019-10-18,62218477.660000004
2019-10-19,49866696.589999996
2019-10-20,48206502.15
2019-10-21,47200386.620000005
2019-10-22,43034368.46999999
2019-10-23,44010709.69000001
2019-10-24,48155163.16
2019-10-25,45341012.23
2019-10-26,45276585.03999999
2019-10-27,48142759.04999999
2019-10-28,53621885.99
2019-10-29,53939545.32000001
2019-10-30,49607567.24999999
2019-10-31,53911541.779999994
2019-11-01,49757635.84
2019-11-02,54595737.47
2019-11-03,45058817.86
2019-11-04,61645835.61
2019-11-05,54662870.650000006
2019-11-06,50248575.9
2019-11-07,53686765.81999999
2019-11-08,49416061.470000006
2019-11-09,45276598.69
2019-11-10,48740585.53999999
2019-11-11,49273686.56
2019-11-12,47903954.74999999
2019-11-13,47120478.019999996
2019-11-14,52094176.720000006
2019-11-15,47295699.24999999
2019-11-16,49331125.44999999
2019-11-17,40987563.37
2019-11-18,43458421.669999994
2019-11-19,49280794.68999998
2019-11-20,46103018.43
2019-11-21,43182905.31000001
2019-11-22,47619861.269999996
2019-11-23,46211917.059999995
2019-11-24,41803586.86000001
2019-11-25,45877739.71
2019-11-26,50527712.61
2019-11-27,48628422.809999995
2019-11-28,49335465.18
2019-11-29,49352667.62
2019-11-30,49127746.06
2019-12-01,43315034.21
2019-12-02,48207130.18999999
2019-12-03,55166261.68
2019-12-04,48551978.49000001
2019-12-05,47719238.19000001
2019-12-06,51901295.71
2019-12-07,43761994.519999996
2019-12-08,41643577.309999995
2019-12-09,56834519.0
2019-12-10,55823962.349999994
2019-12-11,52422789.80999999
2019-12-12,55238635.89000001
2019-12-13,59117220.860000014
2019-12-14,45613633.17000002
2019-12-15,46031465.769999996
2019-12-16,49128514.21000001
2019-12-17,63206439.89
2019-12-18,52517938.53999999
2019-12-19,48431395.49999999
2019-12-20,54757199.64
2019-12-21,54290416.080000006
2019-12-22,52906570.35000001
2019-12-23,60285720.66000001
2019-12-24,55018184.69999999
2019-12-25,43254753.57
2019-12-26,50399904.18
2019-12-27,57905392.77999999
2019-12-28,52075009.16000002
2019-12-29,40892252.51
2019-12-30,46021848.43000001
2019-12-31,40139227.4
