fecha,vol_util
2010-01-01,10006614779.0
2010-01-02,9995146811.5
2010-01-03,9992677303.1
2010-01-04,9965341213.6
2010-01-05,9926759570.3
2010-01-06,9886867462.7
2010-01-07,9845173840.0
2010-01-08,9805162371.6
2010-01-09,9776947710.4
2010-01-10,9761769838.4
2010-01-11,9747520085.7
2010-01-12,9708733236.2
2010-01-13,9665265897.6
2010-01-14,9617464150.2
2010-01-15,9571086832.7
2010-01-16,9530126077.4
2010-01-17,9514835376.6
2010-01-18,9468375378.6
2010-01-19,9418430092.4
2010-01-20,9373463967.6
2010-01-21,9328033156.6
2010-01-22,9274408226.9
2010-01-23,9234836602.3
2010-01-24,9212886487.1
2010-01-25,9169644165.1
2010-01-26,9130480818.7
2010-01-27,9081035099.5
2010-01-28,9037338342.2
2010-01-29,8989939846.2
2010-01-30,8955216803.8
2010-01-31,8923789020.8
2010-02-01,8867778356.5
2010-02-02,8809410013.1
2010-02-03,8742671779.9
2010-02-04,8670475794.8
2010-02-05,8593825374.7
2010-02-06,8552373383.9
2010-02-07,8517744751.9
2010-02-08,8464771764.8
2010-02-09,8435416834.5
2010-02-10,8386215895.5
2010-02-11,8332670321.8
2010-02-12,8278342339.3
2010-02-13,8218274316.4
2010-02-14,8178751078.0
2010-02-15,8120804321.5
2010-02-16,8063508151.8
2010-02-17,7998556921.6
2010-02-18,7935342790.9
2010-02-19,7869523862.1
2010-02-20,7825716389.3
2010-02-21,7791467622.9
2010-02-22,7740268085.1
2010-02-23,7690281884.7
2010-02-24,7641745417.0
2010-02-25,7593194760.0
2010-02-26,7558204713.6
2010-02-27,7524696215.8
2010-02-28,7506322928.0
2010-03-01,7452002441.9
2010-03-02,7400357059.9
2010-03-03,7362205005.3
2010-03-04,7318604139.9
2010-03-05,7266110649.9
2010-03-06,7220103201.0
2010-03-07,7213235998.0
2010-03-08,7188086895.0
2010-03-09,7169340786.4
2010-03-10,7122655527.3
2010-03-11,7114129087.8
2010-03-12,7068069480.7
2010-03-13,7024397085.6
2010-03-14,7002042234.4
2010-03-15,6942512709.6
2010-03-16,6870995117.3
2010-03-17,6825614421.4
2010-03-18,6788844872.9
2010-03-19,6765123849.8
2010-03-20,6723061408.0
2010-03-21,6700072180.4
2010-03-22,6664999063.0
2010-03-23,6605201977.5
2010-03-24,6533740924.5
2010-03-25,6466161753.2
2010-03-26,6409171242.7
2010-03-27,6354887516.2
2010-03-28,6306352368.1
2010-03-29,6228100808.9
2010-03-30,6234625942.8
2010-03-31,6222232540.8
2010-04-01,6226547706.8
2010-04-02,6233111198.5
2010-04-03,6242967637.9
2010-04-04,6268351546.5
2010-04-05,6248827078.0
2010-04-06,6257793407.5
2010-04-07,6284070742.5
2010-04-08,6287591935.8
2010-04-09,6298985508.3
2010-04-10,6324911727.5
2010-04-11,6399983944.0
2010-04-12,6437862191.9
2010-04-13,6460888254.6
2010-04-14,6535468051.1
2010-04-15,6558364282.4
2010-04-16,6572534775.6
2010-04-17,6592208489.6
2010-04-18,6621502170.0
2010-04-19,6650759256.0
2010-04-20,6631596419.1
2010-04-21,6610721023.6
2010-04-22,6566522835.5
2010-04-23,6561033784.1
2010-04-24,6490947808.7
2010-04-25,6483902155.5
2010-04-26,6507726644.5
2010-04-27,6525362741.9
2010-04-28,6547931120.2
2010-04-29,6569431293.0
2010-04-30,6577542862.5
2010-05-01,6595808585.1
2010-05-02,6623705923.8
2010-05-03,6655148153.7
2010-05-04,6672331908.7
2010-05-05,6696028532.5
2010-05-06,6732804852.9
2010-05-07,6734138794.1
2010-05-08,6767295619.0
2010-05-09,6798493375.1
2010-05-10,6797625531.7
2010-05-11,6837141418.7
2010-05-12,6847077980.3
2010-05-13,6833756149.4
2010-05-14,6841398024.3
2010-05-15,6841740661.9
2010-05-16,6884346295.8
2010-05-17,6893065535.5
2010-05-18,6868226807.9
2010-05-19,6866566623.9
2010-05-20,6913190180.8
2010-05-21,6938870069.6
2010-05-22,6953017825.1
2010-05-23,7004537864.0
2010-05-24,7013577934.4
2010-05-25,7042586779.5
2010-05-26,7069035419.0
2010-05-27,7174520076.7
2010-05-28,7225420255.1
2010-05-29,7284172567.5
2010-05-30,7344071412.0
2010-05-31,7476882276.5
2010-06-01,7536892404.8
2010-06-02,7596526831.2
2010-06-03,7730178839.7
2010-06-04,7766868137.6
2010-06-05,7770288410.3
2010-06-06,7791210325.5
2010-06-07,7780555528.5
2010-06-08,7764073171.5
2010-06-09,7788670876.2
2010-06-10,7791124406.3
2010-06-11,7806518336.7
2010-06-12,7796417522.5
2010-06-13,7836296258.1
2010-06-14,7903278071.5
2010-06-15,7902397878.1
2010-06-16,7933317047.1
2010-06-17,7946292818.9
2010-06-18,7930584381.1
2010-06-19,7979630321.3
2010-06-20,8102110637.9
2010-06-21,8149447445.4
2010-06-22,8155640464.4
2010-06-23,8144690412.4
2010-06-24,8178363974.0
2010-06-25,8195269767.3
2010-06-26,8208493157.4
2010-06-27,8237742997.8
2010-06-28,8287839615.9
2010-06-29,8376955275.7
2010-06-30,8385476956.6
2010-07-01,8392568810.5
2010-07-02,8417483401.5
2010-07-03,8441954262.8
2010-07-04,8508040826.1
2010-07-05,8557973813.4
2010-07-06,8594627676.2
2010-07-07,8664243551.9
2010-07-08,8690675106.7
2010-07-09,8714595962.0
2010-07-10,8759524333.4
2010-07-11,8882420533.3
2010-07-12,8894360974.8
2010-07-13,8897467481.7
2010-07-14,8929278139.9
2010-07-15,8985319502.8
2010-07-16,9077613252.5
2010-07-17,9198748655.9
2010-07-18,9281571594.1
2010-07-19,9314310819.1
2010-07-20,9401040651.4
2010-07-21,9433815566.7
2010-07-22,9410380141.7
2010-07-23,9409686583.0
2010-07-24,9411481688.3
2010-07-25,9411528190.1
2010-07-26,9486401955.6
2010-07-27,9577034958.1
2010-07-28,9627540520.9
2010-07-29,9654244676.3
2010-07-30,9668418062.4
2010-07-31,9723623335.0
2010-08-01,9830891894.5
2010-08-02,9859746320.8
2010-08-03,9890399414.5
2010-08-04,9922642737.6
2010-08-05,9917907214.9
2010-08-06,9905173423.0
2010-08-07,9902241536.9
2010-08-08,9902267928.8
2010-08-09,9921476985.1
2010-08-10,9887186948.0
2010-08-11,9844461011.3
2010-08-12,9805706470.3
2010-08-13,9800577624.5
2010-08-14,9838320819.3
2010-08-15,9868874815.9
2010-08-16,9886623381.5
2010-08-17,9873295310.9
2010-08-18,9878162675.0
2010-08-19,9850859705.8
2010-08-20,9840434019.8
2010-08-21,9799398638.0
2010-08-22,9771865002.3
2010-08-23,9718795573.7
2010-08-24,9698180653.3
2010-08-25,9711099573.5
2010-08-26,9711524852.4
2010-08-27,9726914975.3
2010-08-28,9831100857.1
2010-08-29,9900076218.1
2010-08-30,9890956450.2
2010-08-31,9868837454.7
2010-09-01,9852262659.1
2010-09-02,9898487781.9
2010-09-03,9975593128.6
2010-09-04,10013645879.3
2010-09-05,10062865372.1
2010-09-06,10081234598.4
2010-09-07,10180157181.8
2010-09-08,10209928792.4
2010-09-09,10190742453.1
2010-09-10,10161728427.3
2010-09-11,10163556072.7
2010-09-12,10193332112.5
2010-09-13,10182192586.7
2010-09-14,10165747585.9
2010-09-15,10140851517.3
2010-09-16,10119169229.6
2010-09-17,10099664035.4
2010-09-18,10085142030.6
2010-09-19,10083005573.1
2010-09-20,10104377289.9
2010-09-21,10123519624.6
2010-09-22,10125947274.1
2010-09-23,10138143184.1
2010-09-24,10134209452.9
2010-09-25,10154555364.4
2010-09-26,10207100212.0
2010-09-27,10308446358.5
2010-09-28,10308211586.9
2010-09-29,10313660335.8
2010-09-30,10318276732.1
2010-10-01,10299394695.1
2010-10-02,10307986899.8
2010-10-03,10331148657.4
2010-10-04,10420054139.2
2010-10-05,10504785776.4
2010-10-06,10566792726.3
2010-10-07,10583962503.4
2010-10-08,10633369479.1
2010-10-09,10637079601.0
2010-10-10,10649960621.3
2010-10-11,10637793693.6
2010-10-12,10612943011.5
2010-10-13,10575610681.2
2010-10-14,10544204376.6
2010-10-15,10522733404.2
2010-10-16,10520757431.6
2010-10-17,10530193152.6
2010-10-18,10549217768.9
2010-10-19,10564326863.3
2010-10-20,10570416651.8
2010-10-21,10567531669.8
2010-10-22,10571965156.5
2010-10-23,10610158545.2
2010-10-24,10634667051.3
2010-10-25,10628274127.0
2010-10-26,10614160219.9
2010-10-27,10599166428.1
2010-10-28,10589935629.5
2010-10-29,10621180027.0
2010-10-30,10668165249.6
2010-10-31,10741980320.8
2010-11-01,10829151148.7
2010-11-02,10936453805.7
2010-11-03,10997439543.4
2010-11-04,11003457983.6
2010-11-05,11006875435.4
2010-11-06,11072658158.7
2010-11-07,11149902417.6
2010-11-08,11231985294.0
2010-11-09,11298848607.0
2010-11-10,11377464981.8
2010-11-11,11439896707.8
2010-11-12,11503156123.9
2010-11-13,11592726913.9
2010-11-14,11722720399.3
2010-11-15,11851167125.6
2010-11-16,11939465896.2
2010-11-17,12075215749.4
2010-11-18,12101474221.1
2010-11-19,12111659926.6
2010-11-20,12123374445.6
2010-11-21,12135383645.6
2010-11-22,12126356973.4
2010-11-23,12101518499.7
2010-11-24,12119839479.5
2010-11-25,12106758878.0
2010-11-26,12089376211.3
2010-11-27,12112550048.0
2010-11-28,12145696119.5
2010-11-29,12176968701.2
2010-11-30,12189941739.1
2010-12-01,12182922463.9
2010-12-02,12223605539.8
2010-12-03,12266194293.5
2010-12-04,12298926129.8
2010-12-05,12330756582.3
2010-12-06,12306343966.8
2010-12-07,12299162433.0
2010-12-08,12337910691.3
2010-12-09,12339742332.3
2010-12-10,12340666432.2
2010-12-11,12323462832.5
2010-12-12,12312068111.2
2010-12-13,12304501273.4
2010-12-14,12299846441.4
2010-12-15,12318376849.7
2010-12-16,12297964875.3
2010-12-17,12264897733.7
2010-12-18,12234784665.3
2010-12-19,12221918300.6
2010-12-20,12181964220.3
2010-12-21,12134382478.6
2010-12-22,12086969536.8
2010-12-23,12044362216.8
2010-12-24,12017522254.0
2010-12-25,12012528019.1
2010-12-26,12108442482.6
2010-12-27,12112465512.7
2010-12-28,12083193616.2
2010-12-29,12038694979.5
2010-12-30,11999315489.8
2010-12-31,11957096845.8
2011-01-01,11921355640.0
2011-01-02,11898385253.4
2011-01-03,11857529303.8
2011-01-04,11838528640.8
2011-01-05,11824856512.3
2011-01-06,11762023378.9
2011-01-07,11722304080.5
2011-01-08,11675552227.2
2011-01-09,11678514354.0
2011-01-10,11650507655.7
2011-01-11,11941899660.8
2011-01-12,11878398491.9
2011-01-13,11809340697.8
2011-01-14,11735737835.7
2011-01-15,11684330626.3
2011-01-16,11638377212.9
2011-01-17,11552369977.0
2011-01-18,11482599245.3
2011-01-19,11403733625.8
2011-01-20,11319963969.9
2011-01-21,11234346207.5
2011-01-22,11149633099.2
2011-01-23,11073261252.4
2011-01-24,10987727045.4
2011-01-25,10894138489.0
2011-01-26,10828190884.1
2011-01-27,10779449833.7
2011-01-28,10720072909.3
2011-01-29,10660635077.6
2011-01-30,10603326747.3
2011-01-31,10536532970.7
2011-02-01,10454853928.9
2011-02-02,10370384607.0
2011-02-03,10288899739.9
2011-02-04,10208699341.9
2011-02-05,10139903846.3
2011-02-06,10107367538.8
2011-02-07,10081053183.2
2011-02-08,10035680131.7
2011-02-09,9990572600.3
2011-02-10,9959737174.6
2011-02-11,9923459715.9
2011-02-12,9865318328.0
2011-02-13,9827194606.3
2011-02-14,9789221052.0
2011-02-15,9730720901.4
2011-02-16,9707436849.4
2011-02-17,9695289863.0
2011-02-18,9666294298.2
2011-02-19,9620187264.5
2011-02-20,9581847052.7
2011-02-21,9513530545.5
2011-02-22,9439245158.7
2011-02-23,9385663161.1
2011-02-24,9345167422.3
2011-02-25,9294237792.9
2011-02-26,9247599652.7
2011-02-27,9216429711.5
2011-02-28,9161580687.7
2011-03-01,9138584409.2
2011-03-02,9134063571.6
2011-03-03,9129535456.3
2011-03-04,9128912343.9
2011-03-05,9123755284.1
2011-03-06,9123021723.2
2011-03-07,9113731128.1
2011-03-08,9091511596.2
2011-03-09,9151569952.0
2011-03-10,9213626309.4
2011-03-11,9186911469.8
2011-03-12,9150004748.5
2011-03-13,9112011862.4
2011-03-14,9048247342.0
2011-03-15,8987916439.1
2011-03-16,8931058606.2
2011-03-17,8877472185.9
2011-03-18,8859222490.1
2011-03-19,8860018466.2
2011-03-20,8940870936.8
2011-03-21,9015693386.6
2011-03-22,9061536026.8
2011-03-23,9184237462.7
2011-03-24,9246648303.2
2011-03-25,9355681954.5
2011-03-26,9462999960.6
2011-03-27,9467031756.7
2011-03-28,9454802272.1
2011-03-29,9407826510.7
2011-03-30,9359547026.4
2011-03-31,9297341869.9
2011-04-01,9234019196.5
2011-04-02,9188762729.7
2011-04-03,9156120850.0
2011-04-04,9105710193.8
2011-04-05,9066055600.6
2011-04-06,9080594775.2
2011-04-07,9077694376.4
2011-04-08,9066727051.8
2011-04-09,9105026661.5
2011-04-10,9237704976.3
2011-04-11,9322333364.7
2011-04-12,9526742924.1
2011-04-13,9730052487.4
2011-04-14,9851539922.8
2011-04-15,10038562691.8
2011-04-16,10208483330.4
2011-04-17,10436258682.1
2011-04-18,10561578024.2
2011-04-19,10726589450.3
2011-04-20,10928114983.0
2011-04-21,11164058081.2
2011-04-22,11441631684.1
2011-04-23,11727313252.5
2011-04-24,11875470114.8
2011-04-25,11981569294.4
2011-04-26,12054523380.4
2011-04-27,12134803636.2
2011-04-28,12189731364.9
2011-04-29,12204134606.1
2011-04-30,12194242251.0
2011-05-01,12244188053.1
2011-05-02,12280213202.6
2011-05-03,12412516417.9
2011-05-04,12459145988.1
2011-05-05,12478546679.9
2011-05-06,12458644458.1
2011-05-07,12492297417.3
2011-05-08,12513492049.9
2011-05-09,12496487523.9
2011-05-10,12483648111.7
2011-05-11,12484743013.4
2011-05-12,12506549756.1
2011-05-13,12582231231.1
2011-05-14,12777469087.4
2011-05-15,12838216324.1
2011-05-16,12866583094.5
2011-05-17,12860075471.4
2011-05-18,12861900484.3
2011-05-19,12838018025.1
2011-05-20,12797949884.7
2011-05-21,12814861609.0
2011-05-22,12911880754.9
2011-05-23,12906719716.9
2011-05-24,12911193717.0
2011-05-25,12965105452.3
2011-05-26,13013237362.0
2011-05-27,13056818412.4
2011-05-28,13136488292.5
2011-05-29,13218757652.5
2011-05-30,13243162042.3
2011-05-31,13243737073.6
2011-06-01,13241970223.8
2011-06-02,13332527683.6
2011-06-03,13384206959.2
2011-06-04,13446651750.0
2011-06-05,13428663002.8
2011-06-06,13421340966.6
2011-06-07,13365198675.4
2011-06-08,13287054704.8
2011-06-09,13212588888.0
2011-06-10,13158378342.4
2011-06-11,13115933934.6
2011-06-12,13095875092.4
2011-06-13,13072504631.3
2011-06-14,13071545393.2
2011-06-15,13057663546.7
2011-06-16,13038721084.4
2011-06-17,13066111742.4
2011-06-18,13099197265.2
2011-06-19,13096953303.0
2011-06-20,13074489194.3
2011-06-21,13046517331.0
2011-06-22,13057348683.4
2011-06-23,13138022261.9
2011-06-24,13181428857.4
2011-06-25,13303740378.2
2011-06-26,13379421754.8
2011-06-27,13534842899.1
2011-06-28,13492623902.4
2011-06-29,13454711296.5
2011-06-30,13438052275.6
2011-07-01,13411604447.4
2011-07-02,13383319153.6
2011-07-03,13411014081.1
2011-07-04,13424339054.7
2011-07-05,13396527080.0
2011-07-06,13415036245.6
2011-07-07,13396780264.6
2011-07-08,13340002184.7
2011-07-09,13293504202.8
2011-07-10,13256491961.6
2011-07-11,13216496868.8
2011-07-12,13202418473.3
2011-07-13,13267246123.7
2011-07-14,13374119666.3
2011-07-15,13398966902.4
2011-07-16,13395338066.3
2011-07-17,13370614132.9
2011-07-18,13418172258.0
2011-07-19,13397844651.3
2011-07-20,13394888193.0
2011-07-21,13345120977.2
2011-07-22,13298400717.0
2011-07-23,13288062280.4
2011-07-24,13280726870.0
2011-07-25,13252206871.5
2011-07-26,13209582996.6
2011-07-27,13188607146.6
2011-07-28,13207323423.4
2011-07-29,13273592838.7
2011-07-30,13342722171.3
2011-07-31,13358983801.7
2011-08-01,13335770897.8
2011-08-02,13316715658.8
2011-08-03,13294408751.8
2011-08-04,13261991418.9
2011-08-05,13215806588.6
2011-08-06,13162233351.5
2011-08-07,13142648504.5
2011-08-08,13089355730.0
2011-08-09,13033199322.0
2011-08-10,12980227941.7
2011-08-11,12978435888.5
2011-08-12,13018662811.8
2011-08-13,13014032368.0
2011-08-14,13018270113.9
2011-08-15,13041170035.0
2011-08-16,13107716693.5
2011-08-17,13135941377.0
2011-08-18,13157036178.3
2011-08-19,13208389910.7
2011-08-20,13188849172.3
2011-08-21,13170980124.0
2011-08-22,13165959215.9
2011-08-23,13193080198.4
2011-08-24,13235376082.3
2011-08-25,13204725890.6
2011-08-26,13139991964.7
2011-08-27,13092186014.1
2011-08-28,13099110367.5
2011-08-29,13048489026.7
2011-08-30,12986082054.4
2011-08-31,12922482815.0
2011-09-01,12864961708.6
2011-09-02,12803508170.5
2011-09-03,12772951402.6
2011-09-04,12763714391.6
2011-09-05,12719295992.9
2011-09-06,12696515751.5
2011-09-07,12708679161.1
2011-09-08,12715263375.4
2011-09-09,12752647170.7
2011-09-10,12750898068.0
2011-09-11,12811615107.7
2011-09-12,12892784372.5
2011-09-13,12872021023.7
2011-09-14,12860396729.9
2011-09-15,12841370158.2
2011-09-16,12828738708.4
2011-09-17,12811998198.6
2011-09-18,12894924346.7
2011-09-19,12886681115.4
2011-09-20,12958250166.6
2011-09-21,12942130442.2
2011-09-22,12892116146.3
2011-09-23,12848718604.5
2011-09-24,12794102057.1
2011-09-25,12856420468.4
2011-09-26,12903716005.8
2011-09-27,12883979715.1
2011-09-28,12848387065.6
2011-09-29,12806314301.8
2011-09-30,12767229181.7
2011-10-01,12720875058.1
2011-10-02,12689690708.7
2011-10-03,12641985580.5
2011-10-04,12631840867.3
2011-10-05,12628912361.0
2011-10-06,12614569621.9
2011-10-07,12675147134.3
2011-10-08,12689676346.7
2011-10-09,12716346653.1
2011-10-10,12769192234.8
2011-10-11,12765619821.3
2011-10-12,12780024289.4
2011-10-13,12821842868.9
2011-10-14,12836973137.8
2011-10-15,12906878840.9
2011-10-16,12995196681.8
2011-10-17,13108975251.7
2011-10-18,13161672953.4
2011-10-19,13151149003.7
2011-10-20,13150766075.3
2011-10-21,13128967138.7
2011-10-22,13141873506.2
2011-10-23,13152187898.2
2011-10-24,13192241429.3
2011-10-25,13218939406.9
2011-10-26,13199543554.8
2011-10-27,13196124006.0
2011-10-28,13248273618.4
2011-10-29,13286700255.2
2011-10-30,13356154341.3
2011-10-31,13336820932.8
2011-11-01,13290250062.6
2011-11-02,13238492492.4
2011-11-03,13195924095.5
2011-11-04,13156708369.3
2011-11-05,13148461773.8
2011-11-06,13181079960.2
2011-11-07,13174196330.5
2011-11-08,13197848619.7
2011-11-09,13231570075.3
2011-11-10,13222477585.8
2011-11-11,13241047286.5
2011-11-12,13330484714.2
2011-11-13,13403460190.2
2011-11-14,13457485728.3
2011-11-15,13526040734.5
2011-11-16,13562820631.6
2011-11-17,13650939179.3
2011-11-18,13782427886.9
2011-11-19,13862083966.3
2011-11-20,13914153192.5
2011-11-21,13936065737.1
2011-11-22,13947490363.4
2011-11-23,13973568558.0
2011-11-24,14014288714.0
2011-11-25,14017271209.6
2011-11-26,14013737593.8
2011-11-27,14041647556.0
2011-11-28,14047653295.9
2011-11-29,14134542731.8
2011-11-30,14183925688.7
2011-12-01,14236001775.4
2011-12-02,14245568192.5
2011-12-03,14269595880.9
2011-12-04,14287632152.9
2011-12-05,14348619245.2
2011-12-06,14379020900.2
2011-12-07,14413164818.1
2011-12-08,14501579140.9
2011-12-09,14475429607.9
2011-12-10,14460973169.2
2011-12-11,14444877177.2
2011-12-12,14469563424.6
2011-12-13,14472251187.7
2011-12-14,14469844474.5
2011-12-15,14498069766.7
2011-12-16,14492074314.9
2011-12-17,14482266496.0
2011-12-18,14454002551.3
2011-12-19,14430102799.6
2011-12-20,14402469120.9
2011-12-21,14344529175.3
2011-12-22,14214618862.2
2011-12-23,14151477856.8
2011-12-24,14124518217.3
2011-12-25,14100236644.6
2011-12-26,14068203187.1
2011-12-27,14065292757.3
2011-12-28,14047283611.9
2011-12-29,14064775622.6
2011-12-30,14003270498.5
2011-12-31,13967942628.3
2012-01-01,13939314184.9
2012-01-02,13894253500.0
2012-01-03,13907760818.2
2012-01-04,13887006023.3
2012-01-05,13545908591.3
2012-01-06,13545385367.7
2012-01-07,13529668570.5
2012-01-08,13501932513.7
2012-01-09,13461750485.0
2012-01-10,13419413782.5
2012-01-11,13373001054.7
2012-01-12,13318716114.7
2012-01-13,13255219458.7
2012-01-14,13234180000.9
2012-01-15,13237821082.2
2012-01-16,13191312410.6
2012-01-17,13153098380.8
2012-01-18,13165373676.5
2012-01-19,13149006468.6
2012-01-20,13125100798.0
2012-01-21,13105109109.2
2012-01-22,13124128803.2
2012-01-23,13107241159.0
2012-01-24,13082892536.6
2012-01-25,13045191735.0
2012-01-26,13002723624.0
2012-01-27,12951806864.2
2012-01-28,12899036570.5
2012-01-29,12877946665.0
2012-01-30,12835772922.1
2012-01-31,12801465125.9
2012-02-01,12728712892.8
2012-02-02,12664981980.8
2012-02-03,12588476560.1
2012-02-04,12527012096.6
2012-02-05,12495718547.7
2012-02-06,12522677987.5
2012-02-07,12495036831.4
2012-02-08,12504555900.2
2012-02-09,12459003188.4
2012-02-10,12406666633.2
2012-02-11,12356299557.0
2012-02-12,12320629213.1
2012-02-13,12244070778.1
2012-02-14,12163752195.6
2012-02-15,12083763085.0
2012-02-16,11998599582.3
2012-02-17,11913349764.9
2012-02-18,11840300056.5
2012-02-19,11776775132.3
2012-02-20,11695836440.5
2012-02-21,11599095357.4
2012-02-22,11506366925.1
2012-02-23,11409095221.8
2012-02-24,11312884076.5
2012-02-25,11233420574.4
2012-02-26,11169106674.4
2012-02-27,11077935056.3
2012-02-28,11011147755.3
2012-02-29,10941440359.1
2012-03-01,10872386498.0
2012-03-02,10790821195.8
2012-03-03,10762082175.6
2012-03-04,10767260633.1
2012-03-05,10759963337.0
2012-03-06,10697041094.1
2012-03-07,10614170286.3
2012-03-08,10539737199.0
2012-03-09,10473920792.4
2012-03-10,10416871828.6
2012-03-11,10376009506.9
2012-03-12,10353240218.7
2012-03-13,10312378710.4
2012-03-14,10230871340.0
2012-03-15,10146639824.3
2012-03-16,10089478464.2
2012-03-17,10112415586.2
2012-03-18,10100676390.9
2012-03-19,10111811216.0
2012-03-20,10092798221.3
2012-03-21,10062625464.2
2012-03-22,10091581826.3
2012-03-23,10044971742.5
2012-03-24,10036595051.0
2012-03-25,10037286683.8
2012-03-26,10025771930.7
2012-03-27,9990738956.4
2012-03-28,9965376102.6
2012-03-29,9901279567.1
2012-03-30,9920416728.9
2012-03-31,9910812080.0
2012-04-01,9891367700.4
2012-04-02,9887198115.6
2012-04-03,9908521227.8
2012-04-04,9888661478.9
2012-04-05,9892207445.9
2012-04-06,9890227277.1
2012-04-07,9986644737.1
2012-04-08,10053696109.8
2012-04-09,10092782820.8
2012-04-10,10176706761.1
2012-04-11,10312779406.4
2012-04-12,10586268421.6
2012-04-13,10704065902.1
2012-04-14,10778514678.7
2012-04-15,10857941454.3
2012-04-16,10910089443.8
2012-04-17,10915374953.8
2012-04-18,10952079115.1
2012-04-19,11028402809.0
2012-04-20,11061478022.7
2012-04-21,11141911589.7
2012-04-22,11351848380.8
2012-04-23,11413356408.2
2012-04-24,11491725487.4
2012-04-25,11521717398.2
2012-04-26,11548294008.0
2012-04-27,11577545676.6
2012-04-28,11652236006.0
2012-04-29,11698881426.4
2012-04-30,11721627135.2
2012-05-01,12023786565.4
2012-05-02,12186947626.9
2012-05-03,12257384232.9
2012-05-04,12279550554.8
2012-05-05,12297368195.3
2012-05-06,12340676760.0
2012-05-07,12393248946.5
2012-05-08,12428918977.7
2012-05-09,12475277832.0
2012-05-10,12486475244.6
2012-05-11,12512393178.4
2012-05-12,12652254881.0
2012-05-13,12698482745.0
2012-05-14,12679596725.0
2012-05-15,12619472129.3
2012-05-16,12566266985.6
2012-05-17,12530415612.5
2012-05-18,12536910553.1
2012-05-19,12593855029.2
2012-05-20,12629960790.8
2012-05-21,12707111930.6
2012-05-22,12819614769.1
2012-05-23,12862906556.9
2012-05-24,12859614572.9
2012-05-25,12839746530.4
2012-05-26,12894800059.1
2012-05-27,12888364305.7
2012-05-28,12873141826.6
2012-05-29,12850304850.9
2012-05-30,12817350197.6
2012-05-31,12772936963.2
2012-06-01,12793337934.8
2012-06-02,12806674779.8
2012-06-03,12802672113.4
2012-06-04,12760286942.9
2012-06-05,12715695495.1
2012-06-06,12659757190.0
2012-06-07,12661977845.4
2012-06-08,12660523924.4
2012-06-09,12646972070.0
2012-06-10,12694717766.1
2012-06-11,12746550327.0
2012-06-12,12792556389.4
2012-06-13,12830092640.7
2012-06-14,12860847999.5
2012-06-15,12886410439.9
2012-06-16,12949846181.5
2012-06-17,12965820415.8
2012-06-18,12960866826.5
2012-06-19,12916806955.0
2012-06-20,12877713420.0
2012-06-21,12887727905.1
2012-06-22,12846021613.3
2012-06-23,12799111541.1
2012-06-24,12770242258.5
2012-06-25,12746184534.9
2012-06-26,12729804897.0
2012-06-27,12737042467.9
2012-06-28,12748292093.2
2012-06-29,12736621513.8
2012-06-30,12794926014.4
2012-07-01,12896292371.9
2012-07-02,12924877669.7
2012-07-03,12930356545.9
2012-07-04,12958346378.5
2012-07-05,12978062283.4
2012-07-06,13021449889.5
2012-07-07,13037894017.3
2012-07-08,13034815696.7
2012-07-09,12994880986.1
2012-07-10,12990495686.8
2012-07-11,13014967414.8
2012-07-12,13075745772.8
2012-07-13,13084062344.3
2012-07-14,13126422586.7
2012-07-15,13233971724.8
2012-07-16,13205966362.0
2012-07-17,13168521022.6
2012-07-18,13147905739.9
2012-07-19,13133849962.6
2012-07-20,13105802173.5
2012-07-21,13069076208.5
2012-07-22,13075452313.8
2012-07-23,13110375607.8
2012-07-24,13111338031.2
2012-07-25,13077489633.2
2012-07-26,13072643509.6
2012-07-27,13041221267.0
2012-07-28,13074401675.7
2012-07-29,13063864284.2
2012-07-30,13152749161.9
2012-07-31,13104064373.6
2012-08-01,13076942311.9
2012-08-02,13070483881.5
2012-08-03,13042113682.4
2012-08-04,13063759537.0
2012-08-05,13084482212.7
2012-08-06,13065720568.2
2012-08-07,13061118583.6
2012-08-08,13059897735.8
2012-08-09,13038169051.9
2012-08-10,12991703880.7
2012-08-11,12965307054.4
2012-08-12,12970530311.2
2012-08-13,12988542390.9
2012-08-14,13012918070.1
2012-08-15,13049468799.2
2012-08-16,13032702671.8
2012-08-17,13096891641.9
2012-08-18,13112060118.4
2012-08-19,13162869473.7
2012-08-20,13256329129.4
2012-08-21,13252397276.1
2012-08-22,13257604420.5
2012-08-23,13312859007.3
2012-08-24,13307782917.2
2012-08-25,13298066258.6
2012-08-26,13424490871.2
2012-08-27,13423930002.3
2012-08-28,13378461486.9
2012-08-29,13346340518.3
2012-08-30,13292465650.0
2012-08-31,13266158225.3
2012-09-01,13239410525.4
2012-09-02,13214248580.8
2012-09-03,13186746034.8
2012-09-04,13150123307.7
2012-09-05,13139042098.4
2012-09-06,13110087462.8
2012-09-07,13050250469.3
2012-09-08,13018392675.7
2012-09-09,13002143792.7
2012-09-10,12974565575.2
2012-09-11,12951321406.0
2012-09-12,12911527016.5
2012-09-13,12885123237.1
2012-09-14,12832833945.9
2012-09-15,12794608711.9
2012-09-16,12760448557.1
2012-09-17,12715051524.4
2012-09-18,12687009328.9
2012-09-19,12642067600.0
2012-09-20,12611001724.1
2012-09-21,12584870355.2
2012-09-22,12594004191.2
2012-09-23,12578904684.0
2012-09-24,12545736977.5
2012-09-25,12502670215.1
2012-09-26,12441678886.3
2012-09-27,12390234842.9
2012-09-28,12333046377.8
2012-09-29,12299109525.8
2012-09-30,12295598779.9
2012-10-01,12248642921.2
2012-10-02,12225280156.2
2012-10-03,12168425275.6
2012-10-04,12142085063.5
2012-10-05,12132858493.4
2012-10-06,12163791922.7
2012-10-07,12223441658.1
2012-10-08,12207723375.2
2012-10-09,12174719404.0
2012-10-10,12141774247.7
2012-10-11,12070417948.8
2012-10-12,12039364067.6
2012-10-13,12061037686.4
2012-10-14,12081002778.0
2012-10-15,12104350922.5
2012-10-16,12142210502.3
2012-10-17,12143429119.0
2012-10-18,12226428701.2
2012-10-19,12286342883.4
2012-10-20,12355128738.7
2012-10-21,12446960523.7
2012-10-22,12511201939.9
2012-10-23,12511725777.1
2012-10-24,12516387029.4
2012-10-25,12573432050.9
2012-10-26,12550943097.0
2012-10-27,12517279517.3
2012-10-28,12479888105.0
2012-10-29,12443746352.3
2012-10-30,12455255217.1
2012-10-31,12452465851.3
2012-11-01,12469811554.2
2012-11-02,12431542519.1
2012-11-03,12405337638.9
2012-11-04,12389075153.3
2012-11-05,12410950504.9
2012-11-06,12372623929.6
2012-11-07,12338823710.3
2012-11-08,12300420399.0
2012-11-09,12251772435.0
2012-11-10,12241808566.1
2012-11-11,12236281303.8
2012-11-12,12216493257.0
2012-11-13,12174123963.3
2012-11-14,12176277139.4
2012-11-15,12209636752.7
2012-11-16,12314887110.2
2012-11-17,12408648848.8
2012-11-18,12522097566.5
2012-11-19,12539924717.6
2012-11-20,12521386693.9
2012-11-21,12489684343.4
2012-11-22,12467025874.8
2012-11-23,12433700143.7
2012-11-24,12400529651.2
2012-11-25,12368299367.8
2012-11-26,12334780406.7
2012-11-27,12302725299.2
2012-11-28,12250442006.4
2012-11-29,12202804740.1
2012-11-30,12186979136.0
2012-12-01,12185623542.7
2012-12-02,12190540906.3
2012-12-03,12180833748.5
2012-12-04,12145944297.0
2012-12-05,12126232326.3
2012-12-06,12090525099.9
2012-12-07,12049706733.6
2012-12-08,12020546475.9
2012-12-09,11975481342.7
2012-12-10,11917593998.8
2012-12-11,11854342379.2
2012-12-12,11770963047.1
2012-12-13,11719832745.7
2012-12-14,11675242537.9
2012-12-15,11641350258.8
2012-12-16,11616706245.7
2012-12-17,11557473863.2
2012-12-18,11504171505.9
2012-12-19,11461275284.3
2012-12-20,11433345216.1
2012-12-21,11411950541.9
2012-12-22,11381504092.2
2012-12-23,11421492876.3
2012-12-24,11408260429.6
2012-12-25,11398213944.5
2012-12-26,11387411233.5
2012-12-27,11357860070.9
2012-12-28,11319717069.1
2012-12-29,11268698992.1
2012-12-30,11227693333.7
2012-12-31,11180614756.6
2013-01-01,11155025990.4
2013-01-02,11108789818.3
2013-01-03,11054608759.1
2013-01-04,10988829579.1
2013-01-05,10934764678.4
2013-01-06,10888426102.6
2013-01-07,10836960149.2
2013-01-08,10759897748.6
2013-01-09,10677789328.7
2013-01-10,10602262537.3
2013-01-11,10510213393.6
2013-01-12,10435090052.3
2013-01-13,10379606829.1
2013-01-14,10307682384.1
2013-01-15,10245205891.2
2013-01-16,10184986242.1
2013-01-17,10129450497.0
2013-01-18,10060678440.1
2013-01-19,10001934361.7
2013-01-20,9954503220.2
2013-01-21,9883204089.5
2013-01-22,9809991310.0
2013-01-23,9743104329.1
2013-01-24,9672520635.5
2013-01-25,9568360464.3
2013-01-26,9507917606.4
2013-01-27,9451802919.0
2013-01-28,9369461908.4
2013-01-29,9290399106.4
2013-01-30,9212096687.2
2013-01-31,9132098686.9
2013-02-01,9065772506.2
2013-02-02,8995625315.8
2013-02-03,8968482495.0
2013-02-04,8935804306.0
2013-02-05,8900425321.0
2013-02-06,8857627021.8
2013-02-07,8796987825.8
2013-02-08,8752851519.6
2013-02-09,8745458523.2
2013-02-10,8757524487.3
2013-02-11,8741395000.3
2013-02-12,8709774777.1
2013-02-13,8667977136.6
2013-02-14,8643798404.5
2013-02-15,8589639706.4
2013-02-16,8538089714.6
2013-02-17,8518392455.6
2013-02-18,8472173623.0
2013-02-19,8411127850.7
2013-02-20,8345808283.7
2013-02-21,8280358729.5
2013-02-22,8235373297.5
2013-02-23,8180096307.2
2013-02-24,8179049533.0
2013-02-25,8095876955.2
2013-02-26,8030772207.4
2013-02-27,7976434329.4
2013-02-28,7920632871.9
2013-03-01,7916323824.3
2013-03-02,7866072330.8
2013-03-03,7827089790.1
2013-03-04,7772369046.9
2013-03-05,7715415045.2
2013-03-06,7656251370.3
2013-03-07,7588126318.9
2013-03-08,7524684064.8
2013-03-09,7466764502.2
2013-03-10,7438003251.4
2013-03-11,7379405442.7
2013-03-12,7340523145.0
2013-03-13,7314089791.5
2013-03-14,7273886899.3
2013-03-15,7286250754.4
2013-03-16,7269778002.0
2013-03-17,7294029206.5
2013-03-18,7316668239.6
2013-03-19,7298413733.6
2013-03-20,7256914711.2
2013-03-21,7239303505.3
2013-03-22,7227433164.3
2013-03-23,7181185884.9
2013-03-24,7137249536.9
2013-03-25,7080248035.9
2013-03-26,7010051824.6
2013-03-27,6933888750.4
2013-03-28,6874276014.5
2013-03-29,6831860914.1
2013-03-30,6791386526.8
2013-03-31,6755527011.7
2013-04-01,6673843098.0
2013-04-02,6605572914.2
2013-04-03,6523578028.6
2013-04-04,6423801571.4
2013-04-05,6339406199.1
2013-04-06,6277694043.3
2013-04-07,6238490815.0
2013-04-08,6169983295.3
2013-04-09,6106175300.3
2013-04-10,6051575532.3
2013-04-11,5983965646.6
2013-04-12,5917205495.9
2013-04-13,5873363716.5
2013-04-14,5850412520.7
2013-04-15,5841547853.5
2013-04-16,5821011641.9
2013-04-17,5791685509.6
2013-04-18,5776672750.7
2013-04-19,5813829408.1
2013-04-20,5855386202.9
2013-04-21,5907532684.8
2013-04-22,5909173422.1
2013-04-23,5913207870.6
2013-04-24,5888961463.6
2013-04-25,5844980909.9
2013-04-26,5815967861.5
2013-04-27,5817398806.9
2013-04-28,5828231739.8
2013-04-29,5841081792.4
2013-04-30,5843125126.7
2013-05-01,5846042000.5
2013-05-02,5856731720.9
2013-05-03,5886175318.4
2013-05-04,5918197697.1
2013-05-05,6003167494.9
2013-05-06,6031320918.7
2013-05-07,6084848171.7
2013-05-08,6095256058.3
2013-05-09,6109702802.0
2013-05-10,6148992758.0
2013-05-11,6153048170.8
2013-05-12,6154244028.8
2013-05-13,6152166909.5
2013-05-14,6113522366.7
2013-05-15,6163029494.5
2013-05-16,6185209824.3
2013-05-17,6438342953.4
2013-05-18,6487175886.5
2013-05-19,6531254556.4
2013-05-20,6584545902.0
2013-05-21,6679603651.0
2013-05-22,6864684653.0
2013-05-23,7013828240.7
2013-05-24,7251303188.8
2013-05-25,7339841701.2
2013-05-26,7427407306.5
2013-05-27,7444024416.9
2013-05-28,7443786803.6
2013-05-29,7457883487.4
2013-05-30,7495459354.0
2013-05-31,7567820825.7
2013-06-01,7605833949.9
2013-06-02,7627243370.2
2013-06-03,7648614411.0
2013-06-04,7649605176.2
2013-06-05,7636052797.6
2013-06-06,7621800165.7
2013-06-07,7604046055.5
2013-06-08,7595886732.7
2013-06-09,7593104683.4
2013-06-10,7577497972.8
2013-06-11,7556834932.3
2013-06-12,7623830682.8
2013-06-13,7656528111.9
2013-06-14,7645582747.9
2013-06-15,7665359581.0
2013-06-16,7775086807.8
2013-06-17,7781351018.3
2013-06-18,7782284584.5
2013-06-19,7758240755.7
2013-06-20,7720585856.1
2013-06-21,7708557995.8
2013-06-22,7682185890.8
2013-06-23,7684260837.5
2013-06-24,7751113859.4
2013-06-25,7787519109.1
2013-06-26,7763220955.4
2013-06-27,7742238586.6
2013-06-28,7800864478.8
2013-06-29,7805718105.9
2013-06-30,7842928700.5
2013-07-01,7899777424.5
2013-07-02,7894658435.9
2013-07-03,7887427048.9
2013-07-04,7857800580.0
2013-07-05,7835029135.8
2013-07-06,7813851374.1
2013-07-07,7815507013.7
2013-07-08,7829536105.0
2013-07-09,7875060756.1
2013-07-10,7895758255.4
2013-07-11,7968258239.7
2013-07-12,8011608037.4
2013-07-13,8026311230.8
2013-07-14,8042701339.4
2013-07-15,8078625987.6
2013-07-16,8123396827.2
2013-07-17,8196313829.2
2013-07-18,8239806857.3
2013-07-19,8253617666.2
2013-07-20,8277668629.0
2013-07-21,8359527030.7
2013-07-22,8368175272.7
2013-07-23,8375241628.1
2013-07-24,8355328511.7
2013-07-25,8324197749.9
2013-07-26,8339341493.5
2013-07-27,8342080669.3
2013-07-28,8347644354.2
2013-07-29,8378699055.0
2013-07-30,8378671702.0
2013-07-31,8420092282.3
2013-08-01,8455014596.6
2013-08-02,8516930903.2
2013-08-03,8592741255.5
2013-08-04,8648679039.0
2013-08-05,8658301634.4
2013-08-06,8644844858.7
2013-08-07,8639693703.1
2013-08-08,8681202119.7
2013-08-09,8713914848.7
2013-08-10,8761384455.5
2013-08-11,8856883908.7
2013-08-12,8915751145.9
2013-08-13,9017023762.4
2013-08-14,9032972305.2
2013-08-15,9025077397.1
2013-08-16,9058880502.9
2013-08-17,9069321821.3
2013-08-18,9138690332.8
2013-08-19,9176973176.0
2013-08-20,9258429960.5
2013-08-21,9312601949.1
2013-08-22,9371046650.7
2013-08-23,9365824943.0
2013-08-24,9397017783.5
2013-08-25,9446841356.6
2013-08-26,9478339849.8
2013-08-27,9504206870.3
2013-08-28,9491146750.5
2013-08-29,9561653010.9
2013-08-30,9556596577.1
2013-08-31,9556104294.3
2013-09-01,9622322689.8
2013-09-02,9628936640.8
2013-09-03,9656792251.4
2013-09-04,9643899202.6
2013-09-05,9606973939.4
2013-09-06,9671917105.7
2013-09-07,9708820492.6
2013-09-08,9700364185.0
2013-09-09,9702682678.8
2013-09-10,9710839843.6
2013-09-11,9718039435.1
2013-09-12,9728230142.6
2013-09-13,9701604436.0
2013-09-14,9666320027.4
2013-09-15,9688328611.6
2013-09-16,9660522501.5
2013-09-17,9643608333.1
2013-09-18,9658521803.8
2013-09-19,9677268708.1
2013-09-20,9660526949.2
2013-09-21,9638006389.3
2013-09-22,9614757498.5
2013-09-23,9549442196.8
2013-09-24,9522129975.8
2013-09-25,9479538861.8
2013-09-26,9436035164.8
2013-09-27,9415324493.9
2013-09-28,9448520249.8
2013-09-29,9494173031.4
2013-09-30,9515631952.4
2013-10-01,9520171994.0
2013-10-02,9480617576.9
2013-10-03,9488427942.9
2013-10-04,9685847285.1
2013-10-05,9726045133.9
2013-10-06,9724869616.5
2013-10-07,9688387580.4
2013-10-08,9687093429.1
2013-10-09,9654790479.1
2013-10-10,9636406816.8
2013-10-11,9613226706.3
2013-10-12,9593615239.1
2013-10-13,9658384496.9
2013-10-14,9711373924.9
2013-10-15,9741773137.0
2013-10-16,9750989724.0
2013-10-17,9751690553.5
2013-10-18,9714431521.5
2013-10-19,9694413913.8
2013-10-20,9689002645.9
2013-10-21,9681752522.7
2013-10-22,9722701605.8
2013-10-23,9716285901.7
2013-10-24,9702874107.7
2013-10-25,9675715669.1
2013-10-26,9648333806.9
2013-10-27,9652176472.9
2013-10-28,9613475859.0
2013-10-29,9567430873.8
2013-10-30,9545043035.7
2013-10-31,9530486646.5
2013-11-01,9502936376.8
2013-11-02,9501767121.1
2013-11-03,9526551755.9
2013-11-04,9643836919.6
2013-11-05,9754953628.4
2013-11-06,9823879266.7
2013-11-07,9947779442.7
2013-11-08,9999161399.3
2013-11-09,10056224396.1
2013-11-10,10114283358.0
2013-11-11,10119514782.2
2013-11-12,10138029785.7
2013-11-13,10147915659.6
2013-11-14,10176269504.6
2013-11-15,10210347650.1
2013-11-16,10202480393.6
2013-11-17,10207701020.5
2013-11-18,10175824061.5
2013-11-19,10185551714.6
2013-11-20,10202401173.6
2013-11-21,10246327007.9
2013-11-22,10233449501.8
2013-11-23,10225507756.2
2013-11-24,10270000832.3
2013-11-25,10276320224.9
2013-11-26,10301681376.6
2013-11-27,10337717994.8
2013-11-28,10359202387.4
2013-11-29,10380753259.2
2013-11-30,10436367710.1
2013-12-01,10518823498.7
2013-12-02,10632257206.9
2013-12-03,10692760872.8
2013-12-04,10714866044.2
2013-12-05,10722004626.8
2013-12-06,10723867027.1
2013-12-07,10737463945.7
2013-12-08,10771677286.8
2013-12-09,10777236043.2
2013-12-10,10760460092.0
2013-12-11,10739715865.0
2013-12-12,10710879973.6
2013-12-13,10679184186.8
2013-12-14,10660419342.5
2013-12-15,10683727340.1
2013-12-16,10668741247.0
2013-12-17,10670584327.4
2013-12-18,10665287977.0
2013-12-19,10655441282.0
2013-12-20,10636427171.5
2013-12-21,10611293124.4
2013-12-22,10629669442.3
2013-12-23,10692294936.3
2013-12-24,10722097669.5
2013-12-25,10733742003.1
2013-12-26,10696307923.4
2013-12-27,10650554813.9
2013-12-28,10602835415.0
2013-12-29,10575054276.7
2013-12-30,10525240308.6
2013-12-31,10495055419.3
2014-01-01,10485067640.5
2014-01-02,10450039772.2
2014-01-03,10419556051.3
2014-01-04,10374439905.6
2014-01-05,10359709667.0
2014-01-06,10390381754.4
2014-01-07,10397587803.2
2014-01-08,10390147457.9
2014-01-09,10374653245.7
2014-01-10,10350831026.9
2014-01-11,10335545352.6
2014-01-12,10326366586.5
2014-01-13,10275449009.4
2014-01-14,10211585392.4
2014-01-15,10155577385.4
2014-01-16,10094911119.1
2014-01-17,10039020006.7
2014-01-18,9980362663.1
2014-01-19,9942298028.8
2014-01-20,9883705176.3
2014-01-21,9826923278.3
2014-01-22,9768530308.7
2014-01-23,9705582786.5
2014-01-24,9634952356.6
2014-01-25,9568375377.0
2014-01-26,9537973921.5
2014-01-27,9464595359.6
2014-01-28,9387811957.1
2014-01-29,9332342526.5
2014-01-30,9265434451.1
2014-01-31,9210735430.2
2014-02-01,9151726143.9
2014-02-02,9127887658.9
2014-02-03,9078911590.6
2014-02-04,9021941884.6
2014-02-05,8961925658.2
2014-02-06,8914182992.2
2014-02-07,8860551706.6
2014-02-08,8797798605.8
2014-02-09,8763056708.2
2014-02-10,8694585656.3
2014-02-11,8639179267.0
2014-02-12,8569039153.4
2014-02-13,8516726599.5
2014-02-14,8460079669.8
2014-02-15,8399521193.1
2014-02-16,8358170251.4
2014-02-17,8292520421.0
2014-02-18,8242301290.8
2014-02-19,8193720310.9
2014-02-20,8156926376.9
2014-02-21,8140050982.6
2014-02-22,8115264989.5
2014-02-23,8099575666.8
2014-02-24,8032060781.1
2014-02-25,8013900571.4
2014-02-26,7973402816.5
2014-02-27,8048067337.1
2014-02-28,8098809461.2
2014-03-01,8113233414.1
2014-03-02,8111766143.9
2014-03-03,8135054794.5
2014-03-04,8149910800.0
2014-03-05,8136410344.2
2014-03-06,8110441276.0
2014-03-07,8091855103.2
2014-03-08,8080897475.8
2014-03-09,8090603590.2
2014-03-10,8059672084.9
2014-03-11,8019619819.6
2014-03-12,8000133867.5
2014-03-13,7978987624.3
2014-03-14,7946982589.8
2014-03-15,7959913134.7
2014-03-16,7962658474.6
2014-03-17,7915647366.5
2014-03-18,7881153248.1
2014-03-19,7833469625.9
2014-03-20,7778445095.0
2014-03-21,7711166863.8
2014-03-22,7651400604.5
2014-03-23,7620132463.3
2014-03-24,7584876703.0
2014-03-25,7541641699.9
2014-03-26,7522174937.8
2014-03-27,7449674933.2
2014-03-28,7378592155.7
2014-03-29,7314676236.0
2014-03-30,7260927126.4
2014-03-31,7189559496.9
2014-04-01,7113913441.9
2014-04-02,7040598535.3
2014-04-03,6987408326.4
2014-04-04,6945861469.8
2014-04-05,6916339739.3
2014-04-06,6893975241.2
2014-04-07,6871590861.8
2014-04-08,6863751863.7
2014-04-09,6820779594.9
2014-04-10,6769150758.9
2014-04-11,6699714175.4
2014-04-12,6635484077.0
2014-04-13,6595667219.1
2014-04-14,6526152630.4
2014-04-15,6474967775.4
2014-04-16,6441717846.9
2014-04-17,6444338361.4
2014-04-18,6413881189.9
2014-04-19,6436876721.3
2014-04-20,6453879334.3
2014-04-21,6432725154.2
2014-04-22,6415385134.6
2014-04-23,6393618148.5
2014-04-24,6517288714.6
2014-04-25,6509552286.0
2014-04-26,6638465600.1
2014-04-27,6695000984.5
2014-04-28,6710798393.0
2014-04-29,6783998255.3
2014-04-30,6789368527.6
2014-05-01,6819702794.8
2014-05-02,6816215342.9
2014-05-03,6815851330.4
2014-05-04,6833209639.8
2014-05-05,6798201225.2
2014-05-06,6800955097.2
2014-05-07,6795616007.5
2014-05-08,6795330319.6
2014-05-09,6892818710.8
2014-05-10,6955298543.5
2014-05-11,7103077494.1
2014-05-12,7163180219.3
2014-05-13,7224868189.1
2014-05-14,7253364274.2
2014-05-15,7291434764.3
2014-05-16,7306991154.1
2014-05-17,7359226328.3
2014-05-18,7417747369.3
2014-05-19,7410889386.2
2014-05-20,7416491498.3
2014-05-21,7430701996.4
2014-05-22,7436818070.0
2014-05-23,7440098719.6
2014-05-24,7452014087.7
2014-05-25,7446172042.4
2014-05-26,7420001472.9
2014-05-27,7408216737.5
2014-05-28,7409337390.1
2014-05-29,7426286370.8
2014-05-30,7434112330.1
2014-05-31,7495368331.8
2014-06-01,7540979043.1
2014-06-02,7605343776.2
2014-06-03,7637932037.2
2014-06-04,7660894926.9
2014-06-05,7661695306.9
2014-06-06,7700202684.3
2014-06-07,7935811212.6
2014-06-08,8105725194.1
2014-06-09,8144646817.3
2014-06-10,8230419706.6
2014-06-11,8276046996.6
2014-06-12,8270780451.0
2014-06-13,8274850530.9
2014-06-14,8483906929.6
2014-06-15,8654300709.5
2014-06-16,8697923486.3
2014-06-17,8738761183.8
2014-06-18,8799419240.2
2014-06-19,8927382647.2
2014-06-20,9024260199.6
2014-06-21,9080730328.2
2014-06-22,9159891613.9
2014-06-23,9297178725.3
2014-06-24,9480833453.5
2014-06-25,9721715394.3
2014-06-26,9858782422.7
2014-06-27,9909285229.0
2014-06-28,9942093924.7
2014-06-29,9966835895.2
2014-06-30,10001336797.6
2014-07-01,10068132716.6
2014-07-02,10170000234.8
2014-07-03,10207614083.4
2014-07-04,10239047045.0
2014-07-05,10288885033.3
2014-07-06,10311677182.0
2014-07-07,10430829553.6
2014-07-08,10514426538.0
2014-07-09,10542185247.3
2014-07-10,10543072698.4
2014-07-11,10573718596.7
2014-07-12,10608676314.8
2014-07-13,10699929078.3
2014-07-14,10763330715.3
2014-07-15,10808891044.6
2014-07-16,10829732260.3
2014-07-17,10858645302.0
2014-07-18,10907830326.2
2014-07-19,10928591641.3
2014-07-20,10975632334.4
2014-07-21,10979082409.1
2014-07-22,10984346527.8
2014-07-23,11002002151.1
2014-07-24,11003670090.5
2014-07-25,10998951003.9
2014-07-26,11017819744.0
2014-07-27,11048542232.2
2014-07-28,11036177424.4
2014-07-29,11018507659.2
2014-07-30,11008312419.7
2014-07-31,11002555665.3
2014-08-01,10975251900.0
2014-08-02,11031507800.0
2014-08-03,11065978200.0
2014-08-04,11050544200.0
2014-08-05,11020354600.0
2014-08-06,11055976300.0
2014-08-07,11166076600.0
2014-08-08,11216117700.0
2014-08-09,11273994100.0
2014-08-10,11348589100.0
2014-08-11,11379920400.0
2014-08-12,11436684800.0
2014-08-13,11435819900.0
2014-08-14,11464018300.0
2014-08-15,11444883900.0
2014-08-16,11440854600.0
2014-08-17,11486308300.0
2014-08-18,11517424800.0
2014-08-19,11493644600.0
2014-08-20,11463196000.0
2014-08-21,11419378000.0
2014-08-22,11367092900.0
2014-08-23,11346005900.0
2014-08-24,11344411600.0
2014-08-25,11351628300.0
2014-08-26,11385386900.0
2014-08-27,11397741800.0
2014-08-28,11433723900.0
2014-08-29,11432908200.0
2014-08-30,11394579600.0
2014-08-31,11370796200.0
2014-09-01,11300518000.0
2014-09-02,11262674800.0
2014-09-03,11256075300.0
2014-09-04,11261637100.0
2014-09-05,11223851100.0
2014-09-06,11223363500.0
2014-09-07,11247184100.0
2014-09-08,11220951200.0
2014-09-09,11190939500.0
2014-09-10,11154523500.0
2014-09-11,11179547600.0
2014-09-12,11191592600.0
2014-09-13,11281931000.0
2014-09-14,11342173600.0
2014-09-15,11366050400.0
2014-09-16,11364900000.0
2014-09-17,11373230000.0
2014-09-18,11350351700.0
2014-09-19,11315796800.0
2014-09-20,11359463600.0
2014-09-21,11385456100.0
2014-09-22,11379543100.0
2014-09-23,11360967700.0
2014-09-24,11319232500.0
2014-09-25,11300074700.0
2014-09-26,11300876200.0
2014-09-27,11282239100.0
2014-09-28,11279213600.0
2014-09-29,11240620200.0
2014-09-30,11173396300.0
2014-10-01,11122256500.0
2014-10-02,11063342000.0
2014-10-03,11020312300.0
2014-10-04,10985141800.0
2014-10-05,10969138800.0
2014-10-06,10943887600.0
2014-10-07,10986929800.0
2014-10-08,11034474000.0
2014-10-09,11171905000.0
2014-10-10,11222373700.0
2014-10-11,11266739000.0
2014-10-12,11339875100.0
2014-10-13,11452453100.0
2014-10-14,11474820800.0
2014-10-15,11489053900.0
2014-10-16,11502359600.0
2014-10-17,11500545400.0
2014-10-18,11547696000.0
2014-10-19,11609523100.0
2014-10-20,11615716700.0
2014-10-21,11590535900.0
2014-10-22,11602609400.0
2014-10-23,11592936100.0
2014-10-24,11597996100.0
2014-10-25,11594918800.0
2014-10-26,11674931400.0
2014-10-27,11677590600.0
2014-10-28,11667299900.0
2014-10-29,11678054000.0
2014-10-30,11710439500.0
2014-10-31,11776814400.0
2014-11-01,11803482600.0
2014-11-02,11816865700.0
2014-11-03,11802743800.0
2014-11-04,11775910100.0
2014-11-05,11753167000.0
2014-11-06,11758160900.0
2014-11-07,11775020200.0
2014-11-08,11785866300.0
2014-11-09,11809473100.0
2014-11-10,11853141400.0
2014-11-11,11936044400.0
2014-11-12,12013332200.0
2014-11-13,12063101000.0
2014-11-14,12112650200.0
2014-11-15,12105066300.0
2014-11-16,12139454100.0
2014-11-17,12133396900.0
2014-11-18,12111452100.0
2014-11-19,12139917300.0
2014-11-20,12123620000.0
2014-11-21,12113026200.0
2014-11-22,12116120300.0
2014-11-23,12132475700.0
2014-11-24,12154005400.0
2014-11-25,12142002600.0
2014-11-26,12123251300.0
2014-11-27,12104108200.0
2014-11-28,12070380500.0
2014-11-29,12017225400.0
2014-11-30,12012010356.9
2014-12-01,12712408411.3
2014-12-02,12676466632.1
2014-12-03,12611455403.0
2014-12-04,12556621581.4
2014-12-05,12519532618.5
2014-12-06,12495394409.6
2014-12-07,12514838146.0
2014-12-08,12535559651.7
2014-12-09,12546847840.6
2014-12-10,12579956782.8
2014-12-11,12617018965.5
2014-12-12,12632969074.4
2014-12-13,12646004141.8
2014-12-14,12720116227.2
2014-12-15,12732067291.4
2014-12-16,12739359451.5
2014-12-17,12716756052.8
2014-12-18,12697069546.8
2014-12-19,12665977057.2
2014-12-20,12620738567.6
2014-12-21,12590868750.0
2014-12-22,12540128295.5
2014-12-23,12490622909.2
2014-12-24,12449831525.4
2014-12-25,12433012232.9
2014-12-26,12375094004.0
2014-12-27,12319393904.8
2014-12-28,12286005629.1
2014-12-29,12222224378.6
2014-12-30,12164030729.0
2014-12-31,12132080606.2
2015-01-01,12095863319.0
2015-01-02,12054790776.4
2015-01-03,12003244980.4
2015-01-04,11962256983.3
2015-01-05,11894600127.1
2015-01-06,11821706456.5
2015-01-07,11754130684.6
2015-01-08,11679206594.1
2015-01-09,11615909042.2
2015-01-10,11568522749.9
2015-01-11,11532429746.8
2015-01-12,11491670876.0
2015-01-13,11436808342.4
2015-01-14,11355193420.6
2015-01-15,11285404169.7
2015-01-16,11206226332.2
2015-01-17,11150458234.5
2015-01-18,11109952334.3
2015-01-19,11060502219.8
2015-01-20,10996472840.2
2015-01-21,10963199533.2
2015-01-22,10941126775.5
2015-01-23,10940271809.1
2015-01-24,10922627426.5
2015-01-25,10878672394.5
2015-01-26,10798876021.2
2015-01-27,10724056862.2
2015-01-28,10653720937.9
2015-01-29,10580436105.3
2015-01-30,10519968389.0
2015-01-31,10489855560.1
2015-02-01,10525211942.3
2015-02-02,10486515620.5
2015-02-03,10439866155.7
2015-02-04,10372867790.7
2015-02-05,10298723003.5
2015-02-06,10254701575.9
2015-02-07,10203707317.7
2015-02-08,10214935119.7
2015-02-09,10208356894.2
2015-02-10,10205132132.7
2015-02-11,10176443648.6
2015-02-12,10117478371.5
2015-02-13,10152759991.2
2015-02-14,10126679564.3
2015-02-15,10089234473.5
2015-02-16,10010302636.0
2015-02-17,9926352817.8
2015-02-18,9828791028.0
2015-02-19,9734399224.2
2015-02-20,9642932996.8
2015-02-21,9566940261.1
2015-02-22,9495698229.5
2015-02-23,9400148754.6
2015-02-24,9305398085.7
2015-02-25,9211366336.3
2015-02-26,9126299123.3
2015-02-27,9067122149.8
2015-02-28,8990604621.6
2015-03-01,8937597691.1
2015-03-02,8872934274.4
2015-03-03,8764780000.2
2015-03-04,8691687589.7
2015-03-05,8621070825.3
2015-03-06,8564635482.0
2015-03-07,8511299972.2
2015-03-08,8455755814.0
2015-03-09,8345490078.8
2015-03-10,8275213163.4
2015-03-11,8185611051.9
2015-03-12,8103532233.5
2015-03-13,8032637008.7
2015-03-14,7955559464.8
2015-03-15,7907626600.1
2015-03-16,7831673873.0
2015-03-17,7754053705.2
2015-03-18,7714495294.9
2015-03-19,7686010889.5
2015-03-20,7675837027.6
2015-03-21,7680656102.8
2015-03-22,7678108501.4
2015-03-23,7663344555.2
2015-03-24,7594132643.7
2015-03-25,7523762016.6
2015-03-26,7457529546.1
2015-03-27,7359913933.7
2015-03-28,7293824563.6
2015-03-29,7311939738.5
2015-03-30,7276601588.5
2015-03-31,7248264199.3
2015-04-01,7208293808.8
2015-04-02,7189259290.1
2015-04-03,7269627716.0
2015-04-04,7300779400.9
2015-04-05,7308677236.4
2015-04-06,7274016249.7
2015-04-07,7252247842.8
2015-04-08,7254877441.4
2015-04-09,7219881345.7
2015-04-10,7163806116.7
2015-04-11,7193805554.1
2015-04-12,7233078782.4
2015-04-13,7224213965.9
2015-04-14,7246799015.8
2015-04-15,7275924583.7
2015-04-16,7309703505.7
2015-04-17,7349317976.3
2015-04-18,7385990936.6
2015-04-19,7474805665.5
2015-04-20,7520695473.8
2015-04-21,7541520810.0
2015-04-22,7525360099.1
2015-04-23,7484758893.5
2015-04-24,7453223429.5
2015-04-25,7458219391.4
2015-04-26,7463168983.7
2015-04-27,7435560870.1
2015-04-28,7420934750.1
2015-04-29,7361931043.3
2015-04-30,7296635447.7
2015-05-01,7274905168.4
2015-05-02,7223068023.5
2015-05-03,7182466384.8
2015-05-04,7127164972.0
2015-05-05,7043210518.0
2015-05-06,6966978916.8
2015-05-07,6915129018.4
2015-05-08,6891289215.9
2015-05-09,6834052104.6
2015-05-10,6809026834.6
2015-05-11,6734865381.1
2015-05-12,6662766425.4
2015-05-13,6593544142.8
2015-05-14,6522145914.8
2015-05-15,6509472873.1
2015-05-16,6526440117.4
2015-05-17,6586374736.3
2015-05-18,6671722465.7
2015-05-19,6688947464.9
2015-05-20,6677540743.7
2015-05-21,6791442665.4
2015-05-22,6819733272.9
2015-05-23,6833743505.3
2015-05-24,6845120731.0
2015-05-25,6910273674.7
2015-05-26,6928295912.8
2015-05-27,6938916605.3
2015-05-28,6976560705.7
2015-05-29,7125528244.7
2015-05-30,7324920809.1
2015-05-31,7431347565.3
2015-06-01,7480217582.9
2015-06-02,7485809046.5
2015-06-03,7514671410.6
2015-06-04,7560176042.2
2015-06-05,7665016830.2
2015-06-06,7723293306.9
2015-06-07,7786026339.3
2015-06-08,7854876959.8
2015-06-09,7939183637.7
2015-06-10,8004022592.4
2015-06-11,8074139475.3
2015-06-12,8093542798.9
2015-06-13,8165427759.9
2015-06-14,8222035517.1
2015-06-15,8281957945.6
2015-06-16,8309375346.9
2015-06-17,8297842522.9
2015-06-18,8337505576.2
2015-06-19,8428026494.5
2015-06-20,8492915733.3
2015-06-21,8552813919.8
2015-06-22,8751510751.6
2015-06-23,8881084030.2
2015-06-24,8964969528.7
2015-06-25,9137205659.0
2015-06-26,9337221209.9
2015-06-27,9510629053.9
2015-06-28,9647438144.4
2015-06-29,9749950434.4
2015-06-30,9788328306.8
2015-07-01,9800212106.9
2015-07-02,9790583603.3
2015-07-03,9765253057.8
2015-07-04,9762401608.0
2015-07-05,9786607325.8
2015-07-06,9786985803.5
2015-07-07,9770284172.8
2015-07-08,9778314152.4
2015-07-09,9756864602.6
2015-07-10,9782362033.5
2015-07-11,9774910127.4
2015-07-12,9781722691.1
2015-07-13,9750279154.9
2015-07-14,9699339607.3
2015-07-15,9805560405.4
2015-07-16,9927638302.8
2015-07-17,9993902795.3
2015-07-18,10098687755.5
2015-07-19,10191334622.4
2015-07-20,10317552701.4
2015-07-21,10404824178.6
2015-07-22,10568225262.8
2015-07-23,10665010559.2
2015-07-24,10699945655.7
2015-07-25,10694465100.4
2015-07-26,10687280958.2
2015-07-27,10722569993.1
2015-07-28,10749842828.5
2015-07-29,10787501285.5
2015-07-30,10878767856.4
2015-07-31,10890497294.7
2015-08-01,10937976263.4
2015-08-02,10952997631.7
2015-08-03,10933794498.6
2015-08-04,10915099723.7
2015-08-05,10875577851.6
2015-08-06,10829130610.1
2015-08-07,10807530077.5
2015-08-08,10818961584.8
2015-08-09,10896144391.7
2015-08-10,10910260332.0
2015-08-11,10920471925.9
2015-08-12,10880578367.4
2015-08-13,10875030624.9
2015-08-14,10914610366.7
2015-08-15,10933831369.6
2015-08-16,11019218601.9
2015-08-17,11035931839.1
2015-08-18,11120156403.3
2015-08-19,11132887725.4
2015-08-20,11159595903.8
2015-08-21,11183536079.6
2015-08-22,11178205745.1
2015-08-23,11184832673.3
2015-08-24,11186511595.0
2015-08-25,11210742771.2
2015-08-26,11263380760.3
2015-08-27,11272482013.8
2015-08-28,11286629160.4
2015-08-29,11255527312.9
2015-08-30,11236366787.8
2015-08-31,11216451895.9
2015-09-01,11182144928.8
2015-09-02,11186252277.4
2015-09-03,11149099893.1
2015-09-04,11083557050.1
2015-09-05,11045317076.4
2015-09-06,11133951154.3
2015-09-07,11144151958.4
2015-09-08,11140196692.4
2015-09-09,11111977633.8
2015-09-10,11130370992.5
2015-09-11,11170608514.5
2015-09-12,11145749403.3
2015-09-13,11120009165.3
2015-09-14,11063085568.2
2015-09-15,11003554777.4
2015-09-16,10936553371.4
2015-09-17,10885560710.3
2015-09-18,10838199583.8
2015-09-19,10817654605.6
2015-09-20,10879983537.8
2015-09-21,10841951735.2
2015-09-22,10787922108.1
2015-09-23,10750691821.7
2015-09-24,10712127761.9
2015-09-25,10661157616.9
2015-09-26,10618212015.8
2015-09-27,10578813440.9
2015-09-28,10518172623.0
2015-09-29,10467700427.7
2015-09-30,10432955112.1
2015-10-01,10379465000.0
2015-10-02,10338833000.0
2015-10-03,10339262700.0
2015-10-04,10327958200.0
2015-10-05,10291564300.0
2015-10-06,10287957200.0
2015-10-07,10243668500.0
2015-10-08,10211563100.0
2015-10-09,10185045700.0
2015-10-10,10147050000.0
2015-10-11,10204471000.0
2015-10-12,10216594200.0
2015-10-13,10238607600.0
2015-10-14,10269118900.0
2015-10-15,10327581300.0
2015-10-16,10378898200.0
2015-10-17,10381458800.0
2015-10-18,10390420400.0
2015-10-19,10354404600.0
2015-10-20,10311912300.0
2015-10-21,10274021600.0
2015-10-22,10233183400.0
2015-10-23,10177740500.0
2015-10-24,10175389900.0
2015-10-25,10209356300.0
2015-10-26,10210500400.0
2015-10-27,10189721400.0
2015-10-28,10165665500.0
2015-10-29,10145728900.0
2015-10-30,10128075700.0
2015-10-31,10101280900.0
2015-11-01,10737197000.0
2015-11-02,10793750300.0
2015-11-03,10783681500.0
2015-11-04,10793077700.0
2015-11-05,10849159700.0
2015-11-06,10918603500.0
2015-11-07,11035564000.0
2015-11-08,11139436600.0
2015-11-09,11179997700.0
2015-11-10,11265043400.0
2015-11-11,11282634700.0
2015-11-12,11273478200.0
2015-11-13,11259280500.0
2015-11-14,11251973700.0
2015-11-15,11287505600.0
2015-11-16,11298841200.0
2015-11-17,11331858100.0
2015-11-18,11353644500.0
2015-11-19,11363227300.0
2015-11-20,11388309100.0
2015-11-21,11421559600.0
2015-11-22,11459131800.0
2015-11-23,11487971400.0
2015-11-24,11500222700.0
2015-11-25,11520637600.0
2015-11-26,11511436200.0
2015-11-27,11516310300.0
2015-11-28,11520031200.0
2015-11-29,11529405200.0
2015-11-30,11516892300.0
2015-12-01,11502479500.0
2015-12-02,11466292100.0
2015-12-03,11459629900.0
2015-12-04,11515474800.0
2015-12-05,11524134600.0
2015-12-06,11553511700.0
2015-12-07,11536165000.0
2015-12-08,11523014300.0
2015-12-09,11491988300.0
2015-12-10,11466821700.0
2015-12-11,11415597200.0
2015-12-12,11372745600.0
2015-12-13,11338922200.0
2015-12-14,11296366400.0
2015-12-15,11258285000.0
2015-12-16,11210680400.0
2015-12-17,11185522200.0
2015-12-18,11137240500.0
2015-12-19,11100429900.0
2015-12-20,11072488000.0
2015-12-21,11008600300.0
2015-12-22,10944803100.0
2015-12-23,10874359500.0
2015-12-24,10839210000.0
2015-12-25,10832462700.0
2015-12-26,10804352400.0
2015-12-27,10770513800.0
2015-12-28,10703879700.0
2015-12-29,10646314500.0
2015-12-30,10590745200.0
2015-12-31,10562991600.0
2016-01-01,10555406800.0
2016-01-02,10537372200.0
2016-01-03,10528411200.0
2016-01-04,10507658800.0
2016-01-05,10474679600.0
2016-01-06,10443025100.0
2016-01-07,10412608200.0
2016-01-08,10358767300.0
2016-01-09,10315238900.0
2016-01-10,10281739500.0
2016-01-11,10246219600.0
2016-01-12,10189833700.0
2016-01-13,10131110900.0
2016-01-14,10072280800.0
2016-01-15,10011850300.0
2016-01-16,9961400200.0
2016-01-17,9928000200.0
2016-01-18,9868828700.0
2016-01-19,9805565300.0
2016-01-20,9740519600.0
2016-01-21,9666273700.0
2016-01-22,9601235200.0
2016-01-23,9540321300.0
2016-01-24,9501568000.0
2016-01-25,9437058100.0
2016-01-26,9372846600.0
2016-01-27,9299130800.0
2016-01-28,9217707900.0
2016-01-29,9151407400.0
2016-01-30,9087588800.0
2016-01-31,9037319400.0
2016-02-01,8965653400.0
2016-02-02,8890279800.0
2016-02-03,8807582700.0
2016-02-04,8720948700.0
2016-02-05,8650630600.0
2016-02-06,8594004100.0
2016-02-07,8552558800.0
2016-02-08,8501037000.0
2016-02-09,8449276100.0
2016-02-10,8381432000.0
2016-02-11,8325757200.0
2016-02-12,8272141100.0
2016-02-13,8214967200.0
2016-02-14,8181865900.0
2016-02-15,8116438000.0
2016-02-16,8044894100.0
2016-02-17,8019541100.0
2016-02-18,7967791700.0
2016-02-19,7905144500.0
2016-02-20,7858537700.0
2016-02-21,7889045800.0
2016-02-22,7843090300.0
2016-02-23,7796580100.0
2016-02-24,7741071500.0
2016-02-25,7699703800.0
2016-02-26,7654177300.0
2016-02-27,7621992200.0
2016-02-28,7587398100.0
2016-02-29,7522569400.0
2016-03-01,7456206800.0
2016-03-02,7394639500.0
2016-03-03,7337011000.0
2016-03-04,7286691900.0
2016-03-05,7238830300.0
2016-03-06,7234727100.0
2016-03-07,7194875600.0
2016-03-08,7161121800.0
2016-03-09,7127717100.0
2016-03-10,7090203400.0
2016-03-11,7059141400.0
2016-03-12,7052106900.0
2016-03-13,7050430100.0
2016-03-14,7020827000.0
2016-03-15,6988404200.0
2016-03-16,6950762200.0
2016-03-17,6961478700.0
2016-03-18,6955972700.0
2016-03-19,6948130400.0
2016-03-20,6980415000.0
2016-03-21,6986135100.0
2016-03-22,6965183000.0
2016-03-23,6941855900.0
2016-03-24,6920571100.0
2016-03-25,6894878800.0
2016-03-26,6859521100.0
2016-03-27,6846466200.0
2016-03-28,6803200800.0
2016-03-29,6765337100.0
2016-03-30,6742607800.0
2016-03-31,6732808900.0
2016-04-01,6715669400.0
2016-04-02,6760959700.0
2016-04-03,6837784600.0
2016-04-04,6898597600.0
2016-04-05,6937589100.0
2016-04-06,6933379700.0
2016-04-07,6915129200.0
2016-04-08,6910434300.0
2016-04-09,6981750400.0
2016-04-10,7038413100.0
2016-04-11,7047944800.0
2016-04-12,7120655700.0
2016-04-13,7152054200.0
2016-04-14,7130643900.0
2016-04-15,7076125800.0
2016-04-16,7039279700.0
2016-04-17,7048685000.0
2016-04-18,7018160900.0
2016-04-19,6948399200.0
2016-04-20,6888205600.0
2016-04-21,6835138700.0
2016-04-22,6817107000.0
2016-04-23,6789503500.0
2016-04-24,6810881700.0
2016-04-25,6810971700.0
2016-04-26,6799042500.0
2016-04-27,6825512300.0
2016-04-28,6876219200.0
2016-04-29,6966040000.0
2016-04-30,7006428300.0
2016-05-01,7075425800.0
2016-05-02,7096134400.0
2016-05-03,7087221800.0
2016-05-04,7103946400.0
2016-05-05,7070052000.0
2016-05-06,7080725400.0
2016-05-07,7102596000.0
2016-05-08,7134882300.0
2016-05-09,7206710500.0
2016-05-10,7268159500.0
2016-05-11,7291297600.0
2016-05-12,7271034600.0
2016-05-13,7267477000.0
2016-05-14,7244686300.0
2016-05-15,7247293500.0
2016-05-16,7215475800.0
2016-05-17,7245881200.0
2016-05-18,7250803000.0
2016-05-19,7266462800.0
2016-05-20,7235180700.0
2016-05-21,7214598400.0
2016-05-22,7195462300.0
2016-05-23,7169610900.0
2016-05-24,7248564800.0
2016-05-25,7273180900.0
2016-05-26,7332758500.0
2016-05-27,7353868900.0
2016-05-28,7422238300.0
2016-05-29,7545569700.0
2016-05-30,7595347300.0
2016-05-31,7684791800.0
2016-06-01,7713790200.0
2016-06-02,7732443700.0
2016-06-03,7757433900.0
2016-06-04,7777695800.0
2016-06-05,7775896000.0
2016-06-06,7755324100.0
2016-06-07,7741257400.0
2016-06-08,7720539000.0
2016-06-09,7681043300.0
2016-06-10,7758115600.0
2016-06-11,7757306300.0
2016-06-12,7694255400.0
2016-06-13,7677445600.0
2016-06-14,7671737800.0
2016-06-15,7674972500.0
2016-06-16,7672266700.0
2016-06-17,7664252500.0
2016-06-18,7640962100.0
2016-06-19,7705068400.0
2016-06-20,7777572800.0
2016-06-21,7852868000.0
2016-06-22,7872354900.0
2016-06-23,7881202200.0
2016-06-24,7955767500.0
2016-06-25,8022493400.0
2016-06-26,8146915700.0
2016-06-27,8163392700.0
2016-06-28,8152191000.0
2016-06-29,8151017700.0
2016-06-30,8185401900.0
2016-07-01,8283142900.0
2016-07-02,8374138800.0
2016-07-03,8537316200.0
2016-07-04,8628124200.0
2016-07-05,8710404600.0
2016-07-06,8962960100.0
2016-07-07,9065186700.0
2016-07-08,9093588500.0
2016-07-09,9090712400.0
2016-07-10,9087535800.0
2016-07-11,9124741500.0
2016-07-12,9157528900.0
2016-07-13,9162129900.0
2016-07-14,9152092900.0
2016-07-15,9226957600.0
2016-07-16,9268342300.0
2016-07-17,9280892900.0
2016-07-18,9349226800.0
2016-07-19,9350040500.0
2016-07-20,9421176000.0
2016-07-21,9453765200.0
2016-07-22,9490935000.0
2016-07-23,9550099500.0
2016-07-24,9593094400.0
2016-07-25,9622001000.0
2016-07-26,9597384300.0
2016-07-27,9672638700.0
2016-07-28,9703601100.0
2016-07-29,9697618500.0
2016-07-30,9683223700.0
2016-07-31,9705207500.0
2016-08-01,9714714100.0
2016-08-02,9711521200.0
2016-08-03,9713255600.0
2016-08-04,9712762900.0
2016-08-05,9698484800.0
2016-08-06,9644182700.0
2016-08-07,9628364500.0
2016-08-08,9595786600.0
2016-08-09,9579649800.0
2016-08-10,9561825300.0
2016-08-11,9541050700.0
2016-08-12,9512458100.0
2016-08-13,9515019400.0
2016-08-14,9502938400.0
2016-08-15,9532234100.0
2016-08-16,9516907500.0
2016-08-17,9551854200.0
2016-08-18,9747593700.0
2016-08-19,9788476800.0
2016-08-20,9772615300.0
2016-08-21,9759136200.0
2016-08-22,9738622400.0
2016-08-23,9710078100.0
2016-08-24,9700031100.0
2016-08-25,9669706500.0
2016-08-26,9674270400.0
2016-08-27,9729730800.0
2016-08-28,9786008700.0
2016-08-29,9748662700.0
2016-08-30,9763371300.0
2016-08-31,9733165600.0
2016-09-01,9850762200.0
2016-09-02,9870546000.0
2016-09-03,9856503900.0
2016-09-04,9869972800.0
2016-09-05,9877672100.0
2016-09-06,9915808000.0
2016-09-07,9998631800.0
2016-09-08,10011854700.0
2016-09-09,10009913000.0
2016-09-10,10058219700.0
2016-09-11,10223017000.0
2016-09-12,10325443500.0
2016-09-13,10322091200.0
2016-09-14,10396570700.0
2016-09-15,10522853600.0
2016-09-16,10518471800.0
2016-09-17,10489301100.0
2016-09-18,10482514900.0
2016-09-19,10493005700.0
2016-09-20,10459381500.0
2016-09-21,10502047900.0
2016-09-22,10480466400.0
2016-09-23,10467711600.0
2016-09-24,10521741000.0
2016-09-25,10626207600.0
2016-09-26,10648792200.0
2016-09-27,10692500600.0
2016-09-28,10681863400.0
2016-09-29,10645794600.0
2016-09-30,10619579900.0
2016-10-01,10636003000.0
2016-10-02,10671881500.0
2016-10-03,10654250600.0
2016-10-04,10625250000.0
2016-10-05,10600437600.0
2016-10-06,10570119000.0
2016-10-07,10555762100.0
2016-10-08,10566198600.0
2016-10-09,10586979000.0
2016-10-10,10649458300.0
2016-10-11,10674607900.0
2016-10-12,10771654400.0
2016-10-13,10785686200.0
2016-10-14,10850863100.0
2016-10-15,10870925800.0
2016-10-16,10923114800.0
2016-10-17,10971041300.0
2016-10-18,11013918600.0
2016-10-19,10992965100.0
2016-10-20,10994077200.0
2016-10-21,10980043200.0
2016-10-22,10989307700.0
2016-10-23,10997033000.0
2016-10-24,10975677300.0
2016-10-25,11007653100.0
2016-10-26,11049252500.0
2016-10-27,11119300000.0
2016-10-28,11178558600.0
2016-10-29,11287055900.0
2016-10-30,11319990900.0
2016-10-31,11326475100.0
2016-11-01,11353131800.0
2016-11-02,11372326700.0
2016-11-03,11359651500.0
2016-11-04,11349640200.0
2016-11-05,11361932300.0
2016-11-06,11388592100.0
2016-11-07,11434097000.0
2016-11-08,11440798100.0
2016-11-09,11447789700.0
2016-11-10,11465940000.0
2016-11-11,11651569000.0
2016-11-12,11702009400.0
2016-11-13,11747844800.0
2016-11-14,11831923100.0
2016-11-15,11899517500.0
2016-11-16,11960897100.0
2016-11-17,12008591400.0
2016-11-18,12047063200.0
2016-11-19,12148771600.0
2016-11-20,12247725000.0
2016-11-21,12254760300.0
2016-11-22,12234817100.0
2016-11-23,12195969300.0
2016-11-24,12184255100.0
2016-11-25,12228685700.0
2016-11-26,12266859000.0
2016-11-27,12337147600.0
2016-11-28,12390165500.0
2016-11-29,12508118100.0
2016-11-30,12529356500.0
2016-12-01,12596021200.0
2016-12-02,12706368700.0
2016-12-03,12825106300.0
2016-12-04,12906999000.0
2016-12-05,12946855700.0
2016-12-06,12948303400.0
2016-12-07,12896086600.0
2016-12-08,12922386800.0
2016-12-09,12900174800.0
2016-12-10,12939286300.0
2016-12-11,12976335700.0
2016-12-12,12949654300.0
2016-12-13,12913574500.0
2016-12-14,12898031200.0
2016-12-15,12855161200.0
2016-12-16,12807152800.0
2016-12-17,12775695900.0
2016-12-18,12761534100.0
2016-12-19,12707089600.0
2016-12-20,12666099600.0
2016-12-21,12696239900.0
2016-12-22,12701566400.0
2016-12-23,12698215800.0
2016-12-24,12720356200.0
2016-12-25,12723996700.0
2016-12-26,12690110300.0
2016-12-27,12670849700.0
2016-12-28,12646622600.0
2016-12-29,12592629800.0
2016-12-30,12571476700.0
2016-12-31,12585514200.0
2017-01-01,12592867900.0
2017-01-02,12563829000.0
2017-01-03,12443763000.0
2017-01-04,12435892400.0
2017-01-05,12395946100.0
2017-01-06,12340973200.0
2017-01-07,12299540800.0
2017-01-08,12328582400.0
2017-01-09,12344079600.0
2017-01-10,12329099200.0
2017-01-11,12317741900.0
2017-01-12,12294819400.0
2017-01-13,12270612200.0
2017-01-14,12244126300.0
2017-01-15,12220175100.0
2017-01-16,12173251600.0
2017-01-17,12125235700.0
2017-01-18,12112413200.0
2017-01-19,12095171900.0
2017-01-20,12064563000.0
2017-01-21,12062083400.0
2017-01-22,12040312700.0
2017-01-23,11981023100.0
2017-01-24,11906938800.0
2017-01-25,11826653400.0
2017-01-26,11771871600.0
2017-01-27,11730720300.0
2017-01-28,11688591300.0
2017-01-29,11651162700.0
2017-01-30,11619974300.0
2017-01-31,11559514700.0
2017-02-01,11509462000.0
2017-02-02,11410773800.0
2017-02-03,11357580200.0
2017-02-04,11274182300.0
2017-02-05,11207577900.0
2017-02-06,11322974000.0
2017-02-07,11213659000.0
2017-02-08,11094662400.0
2017-02-09,10989271400.0
2017-02-10,10892163700.0
2017-02-11,10806000600.0
2017-02-12,10759303000.0
2017-02-13,10688151900.0
2017-02-14,10603287200.0
2017-02-15,10510998800.0
2017-02-16,10413615500.0
2017-02-17,10338167000.0
2017-02-18,10246325600.0
2017-02-19,10164832000.0
2017-02-20,10066946500.0
2017-02-21,9975352300.0
2017-02-22,9888841600.0
2017-02-23,9801050100.0
2017-02-24,9743105400.0
2017-02-25,9682214600.0
2017-02-26,9653088400.0
2017-02-27,9602124100.0
2017-02-28,9535726100.0
2017-03-01,9478894500.0
2017-03-02,9437415500.0
2017-03-03,9395806700.0
2017-03-04,9350504100.0
2017-03-05,9322866500.0
2017-03-06,9274642200.0
2017-03-07,9250936400.0
2017-03-08,9256002200.0
2017-03-09,9258821200.0
2017-03-10,9243319300.0
2017-03-11,9226507100.0
2017-03-12,9303471100.0
2017-03-13,9328854800.0
2017-03-14,9354530300.0
2017-03-15,9399547700.0
2017-03-16,9386742700.0
2017-03-17,9339837500.0
2017-03-18,9306735800.0
2017-03-19,9295324600.0
2017-03-20,9270514300.0
2017-03-21,9237036200.0
2017-03-22,9240934500.0
2017-03-23,9345980300.0
2017-03-24,9409693100.0
2017-03-25,9436296000.0
2017-03-26,9639583400.0
2017-03-27,9745358500.0
2017-03-28,9816571800.0
2017-03-29,9884646700.0
2017-03-30,9962072300.0
2017-03-31,10113627600.0
2017-04-01,10241472700.0
2017-04-02,10349307600.0
2017-04-03,10278782200.0
2017-04-04,10237829600.0
2017-04-05,10180388000.0
2017-04-06,10113340100.0
2017-04-07,10064808700.0
2017-04-08,10016712900.0
2017-04-09,10050182800.0
2017-04-10,10040558800.0
2017-04-11,10030525200.0
2017-04-12,10054724800.0
2017-04-13,10076695700.0
2017-04-14,10132385800.0
2017-04-15,10124081200.0
2017-04-16,10118856100.0
2017-04-17,10121738200.0
2017-04-18,10098253500.0
2017-04-19,10142114700.0
2017-04-20,10155909700.0
2017-04-21,10219360600.0
2017-04-22,10212005200.0
2017-04-23,10189990400.0
2017-04-24,10153105900.0
2017-04-25,10119551100.0
2017-04-26,10166768800.0
2017-04-27,10123534700.0
2017-04-28,10064492800.0
2017-04-29,10012769300.0
2017-04-30,10058287500.0
2017-05-01,10103566100.0
2017-05-02,10176181900.0
2017-05-03,10180930600.0
2017-05-04,10220532000.0
2017-05-05,10271742300.0
2017-05-06,10482883700.0
2017-05-07,10591936500.0
2017-05-08,10756067500.0
2017-05-09,10813048300.0
2017-05-10,10966802500.0
2017-05-11,11087567600.0
2017-05-12,11197365300.0
2017-05-13,11325304900.0
2017-05-14,11495102200.0
2017-05-15,11664301600.0
2017-05-16,11805775200.0
2017-05-17,11868909800.0
2017-05-18,11959348900.0
2017-05-19,11993093400.0
2017-05-20,12049894700.0
2017-05-21,12135866900.0
2017-05-22,12244969600.0
2017-05-23,12259049900.0
2017-05-24,12265146800.0
2017-05-25,12260547400.0
2017-05-26,12237939600.0
2017-05-27,12242154300.0
2017-05-28,12251241900.0
2017-05-29,12266679100.0
2017-05-30,12291193600.0
2017-05-31,12304581900.0
2017-06-01,12314204600.0
2017-06-02,12341783100.0
2017-06-03,12304588300.0
2017-06-04,12323890000.0
2017-06-05,12364183300.0
2017-06-06,12331778800.0
2017-06-07,12476514900.0
2017-06-08,12543182100.0
2017-06-09,12576119900.0
2017-06-10,12573249000.0
2017-06-11,12620812700.0
2017-06-12,12699131800.0
2017-06-13,12844274800.0
2017-06-14,12882884500.0
2017-06-15,13040643100.0
2017-06-16,13067597400.0
2017-06-17,13108514200.0
2017-06-18,13151304200.0
2017-06-19,13199369300.0
2017-06-20,13237574800.0
2017-06-21,13314828200.0
2017-06-22,13337111400.0
2017-06-23,13366670800.0
2017-06-24,13361239100.0
2017-06-25,13372228300.0
2017-06-26,13424947400.0
2017-06-27,13460908400.0
2017-06-28,13463660300.0
2017-06-29,13434043200.0
2017-06-30,13478367900.0
2017-07-01,13492411200.0
2017-07-02,13504131400.0
2017-07-03,13516162200.0
2017-07-04,13511714700.0
2017-07-05,13490276500.0
2017-07-06,13500274900.0
2017-07-07,13478086900.0
2017-07-08,13466263100.0
2017-07-09,13501162000.0
2017-07-10,13523374800.0
2017-07-11,13559541900.0
2017-07-12,13595359900.0
2017-07-13,13589130400.0
2017-07-14,13577435300.0
2017-07-15,13574353200.0
2017-07-16,13574007400.0
2017-07-17,13551240300.0
2017-07-18,13588447300.0
2017-07-19,13635391300.0
2017-07-20,13700170700.0
2017-07-21,13678625100.0
2017-07-22,13642922600.0
2017-07-23,13646132200.0
2017-07-24,13597046400.0
2017-07-25,13643015300.0
2017-07-26,13661228200.0
2017-07-27,13654358000.0
2017-07-28,13696966500.0
2017-07-29,13712573800.0
2017-07-30,13775996300.0
2017-07-31,13789868900.0
2017-08-01,13768021600.0
2017-08-02,13725580900.0
2017-08-03,13664063800.0
2017-08-04,13677371300.0
2017-08-05,13639372000.0
2017-08-06,13607760800.0
2017-08-07,13588849400.0
2017-08-08,13558404500.0
2017-08-09,13596951300.0
2017-08-10,13548654900.0
2017-08-11,13526135400.0
2017-08-12,13536085500.0
2017-08-13,13490647900.0
2017-08-14,13413790900.0
2017-08-15,13346470000.0
2017-08-16,13319551600.0
2017-08-17,13259171400.0
2017-08-18,13190827700.0
2017-08-19,13188031400.0
2017-08-20,13180144200.0
2017-08-21,13145895400.0
2017-08-22,13098481100.0
2017-08-23,13045528100.0
2017-08-24,13037066400.0
2017-08-25,12990203500.0
2017-08-26,12964395300.0
2017-08-27,12965336200.0
2017-08-28,12918314300.0
2017-08-29,12923407000.0
2017-08-30,12971250600.0
2017-08-31,12984738600.0
2017-09-01,12947762900.0
2017-09-02,12950291200.0
2017-09-03,12941797000.0
2017-09-04,12883254800.0
2017-09-05,12846018700.0
2017-09-06,12808100700.0
2017-09-07,12785908800.0
2017-09-08,12776346900.0
2017-09-09,12788090800.0
2017-09-10,12872820500.0
2017-09-11,12849949100.0
2017-09-12,12841552500.0
2017-09-13,12835440100.0
2017-09-14,12823462400.0
2017-09-15,12855064500.0
2017-09-16,12915062100.0
2017-09-17,12979970400.0
2017-09-18,12971775700.0
2017-09-19,12951132300.0
2017-09-20,12939798700.0
2017-09-21,12879695700.0
2017-09-22,12845167000.0
2017-09-23,12891454000.0
2017-09-24,12900897400.0
2017-09-25,12855416400.0
2017-09-26,12833962200.0
2017-09-27,12765273700.0
2017-09-28,12731210400.0
2017-09-29,12717653400.0
2017-09-30,12743729900.0
2017-10-01,12746963300.0
2017-10-02,12789876500.0
2017-10-03,12806016300.0
2017-10-04,12858167300.0
2017-10-05,12856541800.0
2017-10-06,12845071900.0
2017-10-07,12823148600.0
2017-10-08,12790432800.0
2017-10-09,12738119600.0
2017-10-10,12706856900.0
2017-10-11,12693262700.0
2017-10-12,12634016100.0
2017-10-13,12576893100.0
2017-10-14,12541728200.0
2017-10-15,12527894900.0
2017-10-16,12493626700.0
2017-10-17,12421144900.0
2017-10-18,12355053000.0
2017-10-19,12287927400.0
2017-10-20,12230212600.0
2017-10-21,12194326100.0
2017-10-22,12204220500.0
2017-10-23,12168507500.0
2017-10-24,12117069600.0
2017-10-25,12053966100.0
2017-10-26,12035896200.0
2017-10-27,11988715900.0
2017-10-28,12013251400.0
2017-10-29,12125800700.0
2017-10-30,12130555100.0
2017-10-31,12122485300.0
2017-11-01,12098181300.0
2017-11-02,12067825200.0
2017-11-03,12058572200.0
2017-11-04,12145883800.0
2017-11-05,12167286800.0
2017-11-06,12171671300.0
2017-11-07,12131275800.0
2017-11-08,12125415100.0
2017-11-09,12120491300.0
2017-11-10,12118499200.0
2017-11-11,12138039200.0
2017-11-12,12142998400.0
2017-11-13,12124547100.0
2017-11-14,12119581900.0
2017-11-15,12203446700.0
2017-11-16,12300970600.0
2017-11-17,12353823300.0
2017-11-18,12442302800.0
2017-11-19,12557092500.0
2017-11-20,12602474400.0
2017-11-21,12604887700.0
2017-11-22,12590850300.0
2017-11-23,12570020700.0
2017-11-24,12576474900.0
2017-11-25,12587553100.0
2017-11-26,12598778400.0
2017-11-27,12559812900.0
2017-11-28,12519752900.0
2017-11-29,12476003700.0
2017-11-30,12431907900.0
2017-12-01,12409977200.0
2017-12-02,12419324600.0
2017-12-03,12413370000.0
2017-12-04,12383895600.0
2017-12-05,12365148400.0
2017-12-06,12295565600.0
2017-12-07,12238897300.0
2017-12-08,12206404500.0
2017-12-09,12232542000.0
2017-12-10,12251841700.0
2017-12-11,12234710800.0
2017-12-12,12237669300.0
2017-12-13,12174073700.0
2017-12-14,12141531400.0
2017-12-15,12069229500.0
2017-12-16,12005522000.0
2017-12-17,11943315400.0
2017-12-18,11846864500.0
2017-12-19,11736594600.0
2017-12-20,11630509200.0
2017-12-21,11523848100.0
2017-12-22,11424622200.0
2017-12-23,11339499100.0
2017-12-24,11277294100.0
2017-12-25,11238654700.0
2017-12-26,11175594200.0
2017-12-27,11154610500.0
2017-12-28,11112111600.0
2017-12-29,11087769200.0
2017-12-30,11081160000.0
2017-12-31,11091032000.0
2018-01-01,11113080100.0
2018-01-02,11131663000.0
2018-01-03,11144394400.0
2018-01-04,11146180700.0
2018-01-05,11147887700.0
2018-01-06,11134728700.0
2018-01-07,11118543800.0
2018-01-08,11086978300.0
2018-01-09,11087451900.0
2018-01-10,11097500400.0
2018-01-11,11079501400.0
2018-01-12,11086928100.0
2018-01-13,11027463600.0
2018-01-14,11016011400.0
2018-01-15,10987592300.0
2018-01-16,10954067800.0
2018-01-17,10947353600.0
2018-01-18,10959630400.0
2018-01-19,10990302600.0
2018-01-20,10981924900.0
2018-01-21,10955538800.0
2018-01-22,10893575500.0
2018-01-23,10829485100.0
2018-01-24,10764615500.0
2018-01-25,10672158000.0
2018-01-26,10590756400.0
2018-01-27,10515722500.0
2018-01-28,10470735100.0
2018-01-29,10384388500.0
2018-01-30,10302242700.0
2018-01-31,10204164100.0
2018-02-01,10108590100.0
2018-02-02,10043898100.0
2018-02-03,10005722900.0
2018-02-04,9968813800.0
2018-02-05,9903972300.0
2018-02-06,9837778100.0
2018-02-07,9773109800.0
2018-02-08,9686675900.0
2018-02-09,9596852300.0
2018-02-10,9533488500.0
2018-02-11,9504624000.0
2018-02-12,9463064300.0
2018-02-13,9406090000.0
2018-02-14,9352483000.0
2018-02-15,9297844500.0
2018-02-16,9237215000.0
2018-02-17,9179236900.0
2018-02-18,9136528100.0
2018-02-19,9077440300.0
2018-02-20,8999376400.0
2018-02-21,8926701900.0
2018-02-22,8862228000.0
2018-02-23,8815039800.0
2018-02-24,8785641300.0
2018-02-25,8760372500.0
2018-02-26,8689888700.0
2018-02-27,8614937300.0
2018-02-28,8521475400.0
2018-03-01,8415708200.0
2018-03-02,8329973100.0
2018-03-03,8250132700.0
2018-03-04,8188297200.0
2018-03-05,8146528900.0
2018-03-06,8085246500.0
2018-03-07,8013861700.0
2018-03-08,7966525000.0
2018-03-09,7893903300.0
2018-03-10,7812987600.0
2018-03-11,7742611400.0
2018-03-12,7635516600.0
2018-03-13,7556156700.0
2018-03-14,7478229500.0
2018-03-15,7409081400.0
2018-03-16,7349292500.0
2018-03-17,7275749000.0
2018-03-18,7231651300.0
2018-03-19,7188357200.0
2018-03-20,7130019200.0
2018-03-21,7079261300.0
2018-03-22,7012144600.0
2018-03-23,6953348500.0
2018-03-24,6913178800.0
2018-03-25,6896172000.0
2018-03-26,6852857300.0
2018-03-27,6811728800.0
2018-03-28,6770755200.0
2018-03-29,6798646600.0
2018-03-30,6776427000.0
2018-03-31,6821042800.0
2018-04-01,6923635400.0
2018-04-02,6996632500.0
2018-04-03,7074830900.0
2018-04-04,7160762600.0
2018-04-05,7210705900.0
2018-04-06,7313529300.0
2018-04-07,7327774100.0
2018-04-08,7366335400.0
2018-04-09,7356060300.0
2018-04-10,7357537100.0
2018-04-11,7371363200.0
2018-04-12,7418657500.0
2018-04-13,7468470300.0
2018-04-14,7579236900.0
2018-04-15,7626739500.0
2018-04-16,7626323000.0
2018-04-17,7606342500.0
2018-04-18,7594195100.0
2018-04-19,7644966600.0
2018-04-20,7633692700.0
2018-04-21,7593915900.0
2018-04-22,7609749200.0
2018-04-23,7620872700.0
2018-04-24,7612201100.0
2018-04-25,7631128400.0
2018-04-26,7730657000.0
2018-04-27,7918339400.0
2018-04-28,8016307300.0
2018-04-29,8134661700.0
2018-04-30,8167532700.0
2018-05-01,8200550200.0
2018-05-02,8308118200.0
2018-05-03,8344697400.0
2018-05-04,8455570500.0
2018-05-05,8526827100.0
2018-05-06,8621240800.0
2018-05-07,8786225200.0
2018-05-08,9065445300.0
2018-05-09,9274870100.0
2018-05-10,9437464700.0
2018-05-11,9526436300.0
2018-05-12,9569857200.0
2018-05-13,9728804800.0
2018-05-14,9898033300.0
2018-05-15,10065892100.0
2018-05-16,10122873600.0
2018-05-17,10193426000.0
2018-05-18,10239675000.0
2018-05-19,10326033300.0
2018-05-20,10488072400.0
2018-05-21,10579532800.0
2018-05-22,10606597600.0
2018-05-23,10779296900.0
2018-05-24,10859490600.0
2018-05-25,10934885100.0
2018-05-26,11082711600.0
2018-05-27,11286861300.0
2018-05-28,11487252200.0
2018-05-29,11532184100.0
2018-05-30,11569887500.0
2018-05-31,11594062800.0
2018-06-01,11701071000.0
2018-06-02,11781464600.0
2018-06-03,11902428500.0
2018-06-04,12094537300.0
2018-06-05,12204552900.0
2018-06-06,12475866700.0
2018-06-07,12370255000.0
2018-06-08,12408609900.0
2018-06-09,12488082200.0
2018-06-10,12564838900.0
2018-06-11,12666433700.0
2018-06-12,12704902100.0
2018-06-13,12706435300.0
2018-06-14,12780329000.0
2018-06-15,12841275500.0
2018-06-16,12910912900.0
2018-06-17,13014033900.0
2018-06-18,13063608000.0
2018-06-19,13076492200.0
2018-06-20,13089575300.0
2018-06-21,13113893500.0
2018-06-22,13097049400.0
2018-06-23,13127985900.0
2018-06-24,13243993400.0
2018-06-25,13263703900.0
2018-06-26,13324868600.0
2018-06-27,13334929300.0
2018-06-28,13462932700.0
2018-06-29,13486591600.0
2018-06-30,13518200100.0
2018-07-01,13562377800.0
2018-07-02,13652410200.0
2018-07-03,13689757300.0
2018-07-04,13690638500.0
2018-07-05,13671848900.0
2018-07-06,13677294900.0
2018-07-07,13693675600.0
2018-07-08,13713786400.0
2018-07-09,13706850200.0
2018-07-10,13733018900.0
2018-07-11,13719515700.0
2018-07-12,13720417600.0
2018-07-13,13732936500.0
2018-07-14,13728680500.0
2018-07-15,13735184700.0
2018-07-16,13743578500.0
2018-07-17,13742157900.0
2018-07-18,13771769400.0
2018-07-19,13778762500.0
2018-07-20,13786967800.0
2018-07-21,13796911700.0
2018-07-22,13817486500.0
2018-07-23,13805704700.0
2018-07-24,13853265400.0
2018-07-25,13860153600.0
2018-07-26,13850131400.0
2018-07-27,13882276300.0
2018-07-28,13926239200.0
2018-07-29,13945549000.0
2018-07-30,13952657200.0
2018-07-31,13969987600.0
2018-08-01,13975424900.0
2018-08-02,13952863600.0
2018-08-03,13992364100.0
2018-08-04,14048581300.0
2018-08-05,14152961900.0
2018-08-06,13917995100.0
2018-08-07,13896628800.0
2018-08-08,13854185300.0
2018-08-09,13839729000.0
2018-08-10,13793802200.0
2018-08-11,13757190900.0
2018-08-12,13750289300.0
2018-08-13,13735584600.0
2018-08-14,13773519100.0
2018-08-15,13754277400.0
2018-08-16,13716526200.0
2018-08-17,13690901200.0
2018-08-18,13662728300.0
2018-08-19,13697826600.0
2018-08-20,13684027800.0
2018-08-21,13671334100.0
2018-08-22,13667922300.0
2018-08-23,13628193800.0
2018-08-24,13635682800.0
2018-08-25,13595973300.0
2018-08-26,13626712700.0
2018-08-27,13705114600.0
2018-08-28,13670756500.0
2018-08-29,13646133700.0
2018-08-30,13655581700.0
2018-08-31,13628412000.0
2018-09-01,13604676500.0
2018-09-02,13602319600.0
2018-09-03,13563190400.0
2018-09-04,13563349800.0
2018-09-05,13569988100.0
2018-09-06,13624704800.0
2018-09-07,13657681500.0
2018-09-08,13717644000.0
2018-09-09,13736102500.0
2018-09-10,13697704300.0
2018-09-11,13653582100.0
2018-09-12,13606992000.0
2018-09-13,13559662400.0
2018-09-14,13556620600.0
2018-09-15,13586713300.0
2018-09-16,13655577000.0
2018-09-17,13623584200.0
2018-09-18,13579750000.0
2018-09-19,13572555200.0
2018-09-20,13537993400.0
2018-09-21,13478826900.0
2018-09-22,13452413700.0
2018-09-23,13401511300.0
2018-09-24,13322900200.0
2018-09-25,13247938400.0
2018-09-26,13191840500.0
2018-09-27,13219887200.0
2018-09-28,13212187400.0
2018-09-29,13257019500.0
2018-09-30,13293982100.0
2018-10-01,13274720100.0
2018-10-02,13261726500.0
2018-10-03,13226007600.0
2018-10-04,13212488900.0
2018-10-05,13247336700.0
2018-10-06,13305938100.0
2018-10-07,13338423300.0
2018-10-08,13347592900.0
2018-10-09,13369908000.0
2018-10-10,13416828600.0
2018-10-11,13640353100.0
2018-10-12,13687550800.0
2018-10-13,13688869600.0
2018-10-14,13710102200.0
2018-10-15,13740294600.0
2018-10-16,13758066800.0
2018-10-17,13759926500.0
2018-10-18,13734361700.0
2018-10-19,13716526200.0
2018-10-20,13729549700.0
2018-10-21,13770954000.0
2018-10-22,13762585800.0
2018-10-23,13764788400.0
2018-10-24,13792805000.0
2018-10-25,13811388800.0
2018-10-26,13827013800.0
2018-10-27,13837248800.0
2018-10-28,13839941900.0
2018-10-29,13834244800.0
2018-10-30,13820102900.0
2018-10-31,13781396900.0
2018-11-01,13754082700.0
2018-11-02,13729308300.0
2018-11-03,13769499400.0
2018-11-04,13826301500.0
2018-11-05,13909415600.0
2018-11-06,13934900300.0
2018-11-07,13944514600.0
2018-11-08,13896912000.0
2018-11-09,13920833900.0
2018-11-10,13939162100.0
2018-11-11,13951261700.0
2018-11-12,13952719500.0
2018-11-13,13941795600.0
2018-11-14,13931620300.0
2018-11-15,13921585200.0
2018-11-16,13871357400.0
2018-11-17,13861065200.0
2018-11-18,13905701800.0
2018-11-19,13910710400.0
2018-11-20,13887448300.0
2018-11-21,13867821600.0
2018-11-22,13840021000.0
2018-11-23,13859918700.0
2018-11-24,13863577500.0
2018-11-25,13933255400.0
2018-11-26,13942649700.0
2018-11-27,13924950400.0
2018-11-28,13916507500.0
2018-11-29,13882439700.0
2018-11-30,13854215000.0
2018-12-01,13830157900.0
2018-12-02,13807320600.0
2018-12-03,13752383300.0
2018-12-04,13691777500.0
2018-12-05,13640202200.0
2018-12-06,13597448200.0
2018-12-07,13536364400.0
2018-12-08,13493507900.0
2018-12-09,13453463000.0
2018-12-10,13376597400.0
2018-12-11,13309850300.0
2018-12-12,13260736500.0
2018-12-13,13189852000.0
2018-12-14,13145946300.0
2018-12-15,13111125100.0
2018-12-16,13064391600.0
2018-12-17,13005539200.0
2018-12-18,12933929700.0
2018-12-19,12883389700.0
2018-12-20,12822807000.0
2018-12-21,12756321800.0
2018-12-22,12692561300.0
2018-12-23,12648072300.0
2018-12-24,12539456800.0
2018-12-25,12584132800.0
2018-12-26,12420607800.0
2018-12-27,12403941300.0
2018-12-28,12320872000.0
2018-12-29,12255301300.0
2018-12-30,12209280700.0
2018-12-31,12160720800.0
2019-01-01,12106776000.0
2019-01-02,12039628200.0
2019-01-03,11956390300.0
2019-01-04,11877030500.0
2019-01-05,11802897700.0
2019-01-06,11752163000.0
2019-01-07,11686118500.0
2019-01-08,11626602500.0
2019-01-09,11576952500.0
2019-01-10,11518743400.0
2019-01-11,11451746400.0
2019-01-12,11400469600.0
2019-01-13,11351405200.0
2019-01-14,11291252700.0
2019-01-15,11228881000.0
2019-01-16,11166922400.0
2019-01-17,11099824100.0
2019-01-18,11037972300.0
2019-01-19,10973280800.0
2019-01-20,10941113400.0
2019-01-21,10908006500.0
2019-01-22,10824741700.0
2019-01-23,10736180700.0
2019-01-24,10634442400.0
2019-01-25,10567005200.0
2019-01-26,10487127300.0
2019-01-27,10435498000.0
2019-01-28,10369483200.0
2019-01-29,10330507900.0
2019-01-30,10243972500.0
2019-01-31,10185807400.0
2019-02-01,10122073500.0
2019-02-02,10049594000.0
2019-02-03,10016665100.0
2019-02-04,9913626500.0
2019-02-05,9829888400.0
2019-02-06,9750817100.0
2019-02-07,9659731900.0
2019-02-08,9573991100.0
2019-02-09,9489753100.0
2019-02-10,9441903700.0
2019-02-11,9386859500.0
2019-02-12,9328677800.0
2019-02-13,9250413700.0
2019-02-14,9198153300.0
2019-02-15,9105042300.0
2019-02-16,9019020100.0
2019-02-17,8963916700.0
2019-02-18,8882475400.0
2019-02-19,8827278700.0
2019-02-20,8777176800.0
2019-02-21,8727805000.0
2019-02-22,8692037400.0
2019-02-23,8660985500.0
2019-02-24,8644509500.0
2019-02-25,8613842100.0
2019-02-26,8559565900.0
2019-02-27,8510944300.0
2019-02-28,8457131600.0
2019-03-01,8391267900.0
2019-03-02,8365555600.0
2019-03-03,8314398000.0
2019-03-04,8243123000.0
2019-03-05,8167397000.0
2019-03-06,8246588700.0
2019-03-07,8041277900.0
2019-03-08,7991354900.0
2019-03-09,7935582100.0
2019-03-10,7922253200.0
2019-03-11,7896027800.0
2019-03-12,7853914300.0
2019-03-13,7787861600.0
2019-03-14,7748045300.0
2019-03-15,7701442600.0
2019-03-16,7652765600.0
2019-03-17,7620023500.0
2019-03-18,7566105900.0
2019-03-19,7580352000.0
2019-03-20,7548226900.0
2019-03-21,7519142400.0
2019-03-22,7525397500.0
2019-03-23,7536042900.0
2019-03-24,7543643400.0
2019-03-25,7535861900.0
2019-03-26,7511148100.0
2019-03-27,7450213300.0
2019-03-28,7392382600.0
2019-03-29,7374296800.0
2019-03-30,7357539400.0
2019-03-31,7337299900.0
2019-04-01,7371223400.0
2019-04-02,7470354900.0
2019-04-03,7445852700.0
2019-04-04,7437298900.0
2019-04-05,7445754800.0
2019-04-06,7488393400.0
2019-04-07,7523101700.0
2019-04-08,7511624300.0
2019-04-09,7481912100.0
2019-04-10,7444631500.0
2019-04-11,7408898600.0
2019-04-12,7385122900.0
2019-04-13,7355109800.0
2019-04-14,7344355000.0
2019-04-15,7400800900.0
2019-04-16,7372266600.0
2019-04-17,7358719300.0
2019-04-18,7393639000.0
2019-04-19,7431573000.0
2019-04-20,7485997900.0
2019-04-21,7591036100.0
2019-04-22,7721067000.0
2019-04-23,7790011200.0
2019-04-24,7869671300.0
2019-04-25,7933257400.0
2019-04-26,7999216300.0
2019-04-27,8016137400.0
2019-04-28,8051978300.0
2019-04-29,8033418800.0
2019-04-30,7979163500.0
2019-05-01,7927428800.0
2019-05-02,7857393100.0
2019-05-03,7788093300.0
2019-05-04,7739848900.0
2019-05-05,7704845800.0
2019-05-06,7647021800.0
2019-05-07,7607970800.0
2019-05-08,7621020100.0
2019-05-09,7657889700.0
2019-05-10,7752648100.0
2019-05-11,7911535000.0
2019-05-12,8011597700.0
2019-05-13,8164611700.0
2019-05-14,8325849600.0
2019-05-15,8409040800.0
2019-05-16,8429233500.0
2019-05-17,8491209700.0
2019-05-18,8527361700.0
2019-05-19,8624923600.0
2019-05-20,8689107800.0
2019-05-21,8762642400.0
2019-05-22,8847346800.0
2019-05-23,8952892000.0
2019-05-24,9092439500.0
2019-05-25,9212175100.0
2019-05-26,9299590000.0
2019-05-27,9433903300.0
2019-05-28,9487247600.0
2019-05-29,9544112700.0
2019-05-30,9653870800.0
2019-05-31,9754838200.0
2019-06-01,9913164100.0
2019-06-02,10026395600.0
2019-06-03,10090422600.0
2019-06-04,10106240800.0
2019-06-05,10166878100.0
2019-06-06,10215111100.0
2019-06-07,10307656200.0
2019-06-08,10342602500.0
2019-06-09,10367821400.0
2019-06-10,10496806800.0
2019-06-11,10582219400.0
2019-06-12,10705988800.0
2019-06-13,10767325900.0
2019-06-14,10852067900.0
2019-06-15,10944577900.0
2019-06-16,11007908000.0
2019-06-17,11065579600.0
2019-06-18,11131839600.0
2019-06-19,11150526500.0
2019-06-20,11269373900.0
2019-06-21,11433860600.0
2019-06-22,11572120800.0
2019-06-23,11698789400.0
2019-06-24,11818546300.0
2019-06-25,11868725000.0
2019-06-26,11916695900.0
2019-06-27,11899049600.0
2019-06-28,11880077800.0
2019-06-29,11905425700.0
2019-06-30,11974428500.0
2019-07-01,12084210800.0
2019-07-02,12117433400.0
2019-07-03,12124579600.0
2019-07-04,12108825600.0
2019-07-05,12125744600.0
2019-07-06,12136036800.0
2019-07-07,12131851000.0
2019-07-08,12127540200.0
2019-07-09,12162805300.0
2019-07-10,12132140200.0
2019-07-11,12110497300.0
2019-07-12,12077571200.0
2019-07-13,12125800100.0
2019-07-14,12250089800.0
2019-07-15,12335353100.0
2019-07-16,12350071500.0
2019-07-17,12329386700.0
2019-07-18,12290988700.0
2019-07-19,12321446400.0
2019-07-20,12398533900.0
2019-07-21,12452152200.0
2019-07-22,12497556400.0
2019-07-23,12613339900.0
2019-07-24,12632889700.0
2019-07-25,12649569300.0
2019-07-26,12684407300.0
2019-07-27,12714106600.0
2019-07-28,12787405300.0
2019-07-29,12738729400.0
2019-07-30,12731897600.0
2019-07-31,12703355800.0
2019-08-01,12711269400.0
2019-08-02,12686018700.0
2019-08-03,12723838400.0
2019-08-04,12736851400.0
2019-08-05,12698393900.0
2019-08-06,12677952700.0
2019-08-07,12648982100.0
2019-08-08,12636332300.0
2019-08-09,12591480200.0
2019-08-10,12558213900.0
2019-08-11,12588503700.0
2019-08-12,12568973000.0
2019-08-13,12608329400.0
2019-08-14,12628903000.0
2019-08-15,12665517800.0
2019-08-16,12666636300.0
2019-08-17,12666461300.0
2019-08-18,12660254800.0
2019-08-19,12677138800.0
2019-08-20,12650347400.0
2019-08-21,12616596900.0
2019-08-22,12545628300.0
2019-08-23,12472846100.0
2019-08-24,12413089700.0
2019-08-25,12363987100.0
2019-08-26,12374743900.0
2019-08-27,12290283000.0
2019-08-28,12256569300.0
2019-08-29,12212590600.0
2019-08-30,12136971800.0
2019-08-31,12074579300.0
2019-09-01,12045518800.0
2019-09-02,12042350100.0
2019-09-03,11978815000.0
2019-09-04,11919126700.0
2019-09-05,11862612200.0
2019-09-06,11843082700.0
2019-09-07,11782507500.0
2019-09-08,11727482900.0
2019-09-09,11640006000.0
2019-09-10,11557521100.0
2019-09-11,11482676800.0
2019-09-12,11421310300.0
2019-09-13,11394918200.0
2019-09-14,11372657100.0
2019-09-15,11346495500.0
2019-09-16,11321221000.0
2019-09-17,11265013200.0
2019-09-18,11252456400.0
2019-09-19,11275982000.0
2019-09-20,11271564100.0
2019-09-21,11285119300.0
2019-09-22,11288922600.0
2019-09-23,11315697400.0
2019-09-24,11282771100.0
2019-09-25,11274652500.0
2019-09-26,11279118900.0
2019-09-27,11222269300.0
2019-09-28,11180415200.0
2019-09-29,11179447500.0
2019-09-30,11154731300.0
2019-10-01,11155102200.0
2019-10-02,11138087100.0
2019-10-03,11199946800.0
2019-10-04,11187425700.0
2019-10-05,11169513000.0
2019-10-06,11194973200.0
2019-10-07,11152656200.0
2019-10-08,11121738400.0
2019-10-09,11089692700.0
2019-10-10,11095184800.0
2019-10-11,11114753600.0
2019-10-12,11180201100.0
2019-10-13,11303645200.0
2019-10-14,11360172300.0
2019-10-15,11346917700.0
2019-10-16,11324996100.0
2019-10-17,11320351200.0
2019-10-18,11329384200.0
2019-10-19,11414474400.0
2019-10-20,11491947400.0
2019-10-21,11540917800.0
2019-10-22,11563393400.0
2019-10-23,11619714700.0
2019-10-24,11694093400.0
2019-10-25,11733507700.0
2019-10-26,11786863800.0
2019-10-27,11867253400.0
2019-10-28,11864812200.0
2019-10-29,11865426000.0
2019-10-30,11864755100.0
2019-10-31,11856530600.0
2019-11-01,11826163900.0
2019-11-02,11812937100.0
2019-11-03,11803280500.0
2019-11-04,11805007400.0
2019-11-05,11788248800.0
2019-11-06,11750713000.0
2019-11-07,11700258200.0
2019-11-08,11653808200.0
2019-11-09,11662776000.0
2019-11-10,11654421300.0
2019-11-11,11722062500.0
2019-11-12,11768886800.0
2019-11-13,11854772600.0
2019-11-14,11914935800.0
2019-11-15,11956507200.0
2019-11-16,11972873300.0
2019-11-17,12004658700.0
2019-11-18,11996203700.0
2019-11-19,11996991800.0
2019-11-20,12020723700.0
2019-11-21,12022368500.0
2019-11-22,12045764000.0
2019-11-23,12070491600.0
2019-11-24,12091025600.0
2019-11-25,12067624900.0
2019-11-26,12024650400.0
2019-11-27,11996841700.0
2019-11-28,11967675000.0
2019-11-29,11826740300.0
2019-11-30,11878576700.0
2019-12-01,11865493300.0
2019-12-02,11815425900.0
2019-12-03,11772753600.0
2019-12-04,11723139600.0
2019-12-05,11674445900.0
2019-12-06,11610125900.0
2019-12-07,11579688300.0
2019-12-08,11564033200.0
2019-12-09,11514189000.0
2019-12-10,11452313200.0
2019-12-11,11397271300.0
2019-12-12,11360098900.0
2019-12-13,11323114200.0
2019-12-14,11349514800.0
2019-12-15,11400854400.0
2019-12-16,11366226200.0
2019-12-17,11334465500.0
2019-12-18,11297223200.0
2019-12-19,11244581600.0
2019-12-20,11236776400.0
2019-12-21,11219413800.0
2019-12-22,11217512000.0
2019-12-23,11195845400.0
2019-12-24,11166231800.0
2019-12-25,11184577300.0
2019-12-26,11197513800.0
2019-12-27,11177865900.0
2019-12-28,11129337800.0
2019-12-29,11089643900.0
2019-12-30,11073932400.0
2019-12-31,11126097700.0
