Id,Values_code,Values_Hour01,Values_Hour02,Values_Hour03,Values_Hour04,Values_Hour05,Values_Hour06,Values_Hour07,Values_Hour08,Values_Hour09,Values_Hour10,Values_Hour11,Values_Hour12,Values_Hour13,Values_Hour14,Values_Hour15,Values_Hour16,Values_Hour17,Values_Hour18,Values_Hour19,Values_Hour20,Values_Hour21,Values_Hour22,Values_Hour23,Values_Hour24,Date
Sistema,Sistema,491.43782,491.43782,491.43782,486.43782,486.43782,486.43782,476.43782,486.43782,491.43782,544.43782,544.43782,592.43782,592.43782,592.43782,544.43782,544.43782,501.43782,544.43782,592.43782,592.43782,592.43782,592.43782,592.43782,501.43782,2015-12-27
Sistema,Sistema,350.16809,350.16809,350.16809,350.16809,350.16809,357.51709,391.14109,477.51709,487.51709,487.51709,504.51709,504.51709,504.51709,504.51709,504.51709,504.51709,504.51709,487.51709,504.51709,504.51709,504.51709,504.51709,482.51709,391.14109,2015-12-28
Sistema,Sistema,391.15978,325.45378,325.45378,325.45378,325.45378,325.45378,325.45378,361.16278,396.21178,477.11178,447.11178,447.11178,447.11178,447.11178,447.11178,447.11178,447.11178,396.21178,447.11178,477.11178,447.11178,447.11178,396.21178,396.21178,2015-12-29
Sistema,Sistema,476.72615,446.72615,446.72615,446.72615,446.72615,446.72615,446.72615,476.72615,481.72615,481.72615,481.72615,486.72615,481.72615,481.72615,481.72615,481.72615,481.72615,481.72615,486.72615,486.72615,481.72615,481.72615,481.72615,476.22615,2015-12-30
Sistema,Sistema,386.62918,376.62918,376.62918,376.62918,376.62918,376.62918,376.62918,386.62918,391.62918,416.62918,416.62918,416.62918,416.62918,471.62918,416.62918,416.62918,391.62918,391.62918,476.62918,476.62918,471.62918,416.62918,391.62918,416.62918,2015-12-31
Sistema,Sistema,822.4406,789.6296,789.6296,789.6296,789.6296,822.4406,822.4426,822.4456,822.4466,822.4476,822.4476,822.4476,822.4476,822.4476,822.4476,822.4476,822.4476,822.4476,822.4476,822.4476,822.4476,822.4466,822.4466,822.4426,2015-11-27
Sistema,Sistema,791.5796,791.5796,789.6296,789.6296,789.6296,791.5796,791.5796,791.5796,822.4406,822.4406,822.4416,822.4416,822.4416,822.4426,822.4406,822.4426,822.4406,822.4416,822.4426,822.4426,822.4416,822.4416,822.4406,791.5796,2015-11-28
Sistema,Sistema,822.4386,789.6296,789.6296,789.6296,789.6296,789.6296,698.6296,789.6296,822.4386,822.4386,822.4386,822.4386,822.4386,822.4386,822.4386,822.4386,822.4386,822.4386,822.4436,822.4436,822.4436,822.4416,822.4386,822.4386,2015-11-29
Sistema,Sistema,794.6296,794.6296,784.6296,784.6296,784.6296,794.6296,820.6296,822.3296,822.3296,822.4406,822.4406,822.4426,822.4416,822.4426,822.4436,822.4436,822.4426,822.4426,822.4446,822.4446,822.4436,822.4406,822.3296,822.3296,2015-11-30
Sistema,Sistema,806.24568,806.24568,801.24568,801.24568,806.24568,806.24568,816.23568,817.24568,819.05868,819.05968,819.05968,819.05968,819.05968,819.05968,819.06068,819.06068,819.05968,819.05968,819.06068,819.06068,819.05968,819.05968,819.05868,817.24568,2015-12-01
Sistema,Sistema,817.24568,817.24568,806.24568,802.19568,806.24568,816.24568,817.24568,819.05968,819.06068,819.06068,819.06068,819.06068,819.06068,819.06068,819.06068,819.06068,819.06068,819.06068,819.06168,819.06168,819.06268,819.06068,819.05968,817.24568,2015-12-02
Sistema,Sistema,801.24568,796.24568,796.24568,796.24568,796.24568,801.24568,802.24568,802.24568,806.24568,806.24568,816.24568,819.05768,816.24568,816.24568,819.05768,816.24568,816.24568,816.24568,819.05668,819.05668,819.05768,816.24568,802.24568,802.24568,2015-12-03
Sistema,Sistema,802.49568,801.24568,801.24568,801.24568,801.24568,801.24568,802.49568,802.49568,817.24568,817.24568,818.24568,818.24568,818.24568,818.24568,818.24568,818.24568,818.24568,818.24568,819.05968,818.24568,818.24568,817.24568,802.49568,802.49568,2015-12-04
Sistema,Sistema,786.35968,786.35968,786.35968,786.35968,786.35968,786.35968,786.35968,796.24568,801.24568,811.44568,811.44568,811.44568,811.44568,811.44568,806.24568,801.24568,801.24568,801.24568,811.44568,811.44568,811.44568,811.44568,801.24568,786.35968,2015-12-05
Sistema,Sistema,746.29392,746.29392,746.29392,746.29392,741.29392,741.29392,741.29392,741.29392,591.29392,741.29392,741.29392,741.29392,741.29392,741.29392,741.29392,741.29392,741.29392,741.29392,746.29392,776.29392,746.29392,746.29392,746.29392,736.29392,2015-12-06
Sistema,Sistema,646.37748,646.37748,590.53348,589.05248,646.37748,741.37748,741.37748,745.37748,745.37748,745.49148,745.49148,745.49148,745.49148,745.49148,745.49148,745.49148,745.49148,745.37748,745.49148,745.49148,745.37748,745.37748,745.37748,741.37748,2015-12-07
Sistema,Sistema,741.56217,716.56217,527.42017,496.56217,496.56217,527.42017,496.56217,496.56217,646.56217,716.56217,716.56217,741.56217,741.56217,741.56217,716.56217,716.56217,716.56217,726.56217,746.56217,746.56217,746.56217,741.56217,726.56217,716.56217,2015-12-08
Sistema,Sistema,532.27574,532.27574,532.27574,532.27574,589.04374,619.38974,619.38974,645.77574,645.77574,716.27574,716.27574,726.27574,716.27574,716.27574,726.27574,726.27574,716.27574,726.27574,741.27574,736.27574,726.27574,716.27574,645.77574,645.77574,2015-12-09
Sistema,Sistema,532.58848,494.58848,494.58848,494.58848,494.58848,529.29648,532.58848,604.48848,604.48848,604.48848,738.58848,738.58848,738.58848,738.58848,738.58848,738.58848,738.58848,738.58848,738.58848,738.58848,738.58848,738.58848,604.48848,541.69048,2015-12-10
Sistema,Sistema,556.38922,541.64322,489.77522,541.64322,527.24722,556.38922,556.38922,596.38922,696.38922,701.38922,701.38922,701.38922,701.38922,701.38922,701.38922,736.38922,740.38922,736.38922,741.38922,741.38922,740.38922,740.38922,696.38922,596.38922,2015-12-11
Sistema,Sistema,546.37565,546.37565,534.37565,534.37565,534.37565,534.37565,534.37565,546.37565,641.37565,641.37565,641.37565,641.37565,641.37565,641.37565,641.37565,641.37565,641.37565,641.37565,701.37565,701.37565,701.37565,701.37565,641.37565,546.37565,2015-12-12
Sistema,Sistema,534.52826,534.52826,534.52826,495.83126,490.52826,490.52826,490.52826,490.52826,534.52826,534.52826,534.52826,534.52826,636.52826,636.52826,636.52826,534.52826,534.52826,534.52826,701.52826,701.52826,701.52826,636.52826,534.52826,534.52826,2015-12-13
Sistema,Sistema,527.38452,517.38452,390.88152,390.88152,496.68752,517.38452,527.38452,527.38452,557.38452,557.38452,702.38452,768.38452,768.38452,702.38452,768.38452,768.38452,702.38452,768.38452,768.38452,768.38452,768.38452,768.38452,557.38452,527.38452,2015-12-14
Sistema,Sistema,397.42895,397.42895,397.42895,397.42895,496.73195,502.42895,517.42895,522.42895,557.42895,557.42895,587.42895,587.42895,587.42895,557.42895,557.42895,557.42895,557.42895,557.42895,840.22795,840.22795,587.42895,557.42895,522.42895,502.42895,2015-12-15
Sistema,Sistema,496.35454,496.35454,496.35454,496.35454,516.35954,531.74654,536.35954,546.35954,556.35954,546.35954,556.35954,556.35954,557.50554,647.65954,647.65954,647.65954,647.65954,647.65954,647.65954,647.65954,647.65954,647.65954,556.35954,536.35954,2015-12-16
Sistema,Sistema,506.33205,506.33205,496.32705,496.32705,496.32705,506.33205,496.32705,516.33205,536.33205,536.33205,536.33205,536.33205,536.33205,536.33205,556.33205,556.33205,556.33205,556.33205,596.33205,596.33205,596.33205,556.33205,536.33205,506.33205,2015-12-17
Sistema,Sistema,567.40713,399.24513,399.24513,399.24513,567.40713,567.40713,587.40713,627.40713,627.40713,627.40713,627.40713,627.40713,627.40713,627.40713,627.40713,627.40713,627.40713,627.40713,627.40713,627.40713,627.40713,627.40713,627.40713,587.40713,2015-12-18
Sistema,Sistema,663.02977,636.33777,546.33777,546.33777,546.33777,546.33777,546.33777,636.33777,663.02977,663.02977,663.02977,663.02977,663.02977,663.02977,663.02977,663.02977,663.02977,663.02977,663.02977,711.33777,663.02977,663.02977,663.02977,636.33777,2015-12-19
Sistema,Sistema,547.33813,547.33813,517.33813,517.33813,517.33813,517.33813,517.33813,517.33813,547.33813,557.33813,677.33813,677.33813,677.33813,677.33813,677.33813,557.33813,578.29313,677.33813,840.13813,840.13813,712.33813,712.33813,677.33813,547.33813,2015-12-20
Sistema,Sistema,686.93768,686.93768,711.24568,686.93768,686.93768,686.93768,686.93768,716.24568,716.24668,716.24668,716.24668,716.24668,716.24668,716.24668,816.24568,716.24668,716.24668,716.24668,716.24668,716.24668,716.24668,716.24668,716.24668,711.24568,2015-12-21
Sistema,Sistema,596.24687,596.14687,596.14687,596.14687,596.14687,596.14687,596.14687,726.24687,738.64187,738.64187,738.64187,738.64187,738.64187,738.64187,796.24687,738.64187,738.64187,738.64187,796.24687,796.24687,738.64187,738.64187,726.24687,711.24687,2015-12-22
Sistema,Sistema,711.52231,586.52231,466.52231,466.52231,586.52231,586.52231,586.52231,711.52231,786.52231,795.52231,796.42231,796.42231,796.42231,796.42231,796.42231,796.42231,796.42231,796.42231,796.42231,796.42231,796.42231,796.42231,786.52231,596.52231,2015-12-23
Sistema,Sistema,711.24568,676.24568,676.24568,676.24568,595.24568,676.24568,676.24568,711.24568,712.24568,712.24568,712.24568,712.24568,712.24568,712.24568,712.24568,711.24568,711.24568,711.24568,712.24568,712.24568,712.24568,711.24568,676.24568,595.24568,2015-12-24
Sistema,Sistema,499.03117,499.03117,499.03117,498.94117,364.08217,349.27217,291.10417,291.10417,349.27217,393.86317,499.03117,499.03117,500.03117,500.03117,499.03117,499.03117,499.03117,499.03117,585.03117,600.03117,585.03117,585.03117,499.03117,499.03117,2015-12-25
Sistema,Sistema,503.45019,503.45019,503.45019,503.45019,503.45019,503.45019,503.45019,503.45019,506.45019,506.45019,506.45019,506.45019,506.45019,506.45019,506.45019,506.45019,506.45019,506.45019,532.83719,546.45019,516.45019,516.45019,506.45019,506.45019,2015-12-26
Sistema,Sistema,800.88624,800.88624,800.88624,800.88624,800.88624,800.89224,800.89224,800.89324,800.89624,800.89624,800.90024,800.90024,800.90024,800.90024,800.90024,800.90024,800.90024,800.90024,800.90024,800.90024,800.90024,800.89624,800.89324,800.89224,2015-10-28
Sistema,Sistema,800.89324,800.89324,799.51624,799.51624,800.89324,800.89324,800.89324,800.89424,800.89424,800.89424,800.89524,800.89524,800.89524,800.89524,800.89524,800.89524,800.89524,800.89524,800.89824,800.89624,800.89524,800.89524,800.89424,800.89324,2015-10-29
Sistema,Sistema,801.45471,801.45471,801.45471,800.07771,801.45471,801.45471,801.45471,801.45571,801.45671,801.45871,801.45871,801.45871,801.45871,801.45971,801.45971,801.45971,801.45971,801.45971,801.46071,801.46071,801.45971,801.46071,801.45871,801.45471,2015-10-30
Sistema,Sistema,800.89324,800.51624,800.51624,800.51624,800.89324,800.89324,800.51624,800.89324,800.89324,800.89624,800.89824,800.89724,800.89624,800.89924,800.89824,800.89724,800.89624,800.89724,800.89924,800.89924,800.89924,800.89724,800.89624,800.89324,2015-10-31
Sistema,Sistema,810.72183,810.72283,810.71983,810.71983,810.71983,810.71983,810.71883,810.71883,810.71983,810.71983,810.72483,810.72483,810.72483,810.72483,810.72283,810.71983,810.72183,810.72183,810.72483,810.72483,810.72483,810.72283,810.72183,810.71983,2015-11-01
Sistema,Sistema,810.0086,810.0086,810.0086,810.0086,810.0086,810.0086,810.0086,810.0056,810.0086,810.0086,810.0086,810.0096,810.0096,810.0096,810.0086,810.0086,810.0086,810.0086,810.0126,810.0126,810.0126,810.0096,810.0086,810.0066,2015-11-02
Sistema,Sistema,809.63545,699.63545,699.63545,699.63545,810.01445,810.01145,810.01145,810.01445,810.01445,810.01645,810.01745,810.01745,810.01745,810.01745,810.01745,810.01745,810.01745,810.01745,810.01745,810.01745,810.01745,810.01645,810.01445,810.01145,2015-11-03
Sistema,Sistema,810.0036,810.0036,810.0056,810.0056,810.0036,810.0036,810.0056,810.0076,810.0106,810.0116,810.0116,810.0116,810.0116,810.0116,810.0126,810.0126,810.0126,810.0126,810.0136,810.0136,810.0136,810.0136,810.0116,810.0056,2015-11-04
Sistema,Sistema,809.6296,809.6296,809.6296,716.7076,809.6296,810.0036,810.0036,810.0056,810.0066,810.0066,810.0076,810.0076,810.0066,810.0066,810.0076,810.0116,810.0076,810.0086,810.0126,810.0116,810.0086,810.0076,810.0066,810.0036,2015-11-05
Sistema,Sistema,799.92647,799.92647,692.19247,692.19247,679.92647,799.92647,799.92647,804.92647,810.30347,810.30447,810.30447,810.30447,810.30347,810.30347,810.30447,810.30447,810.30347,810.30347,810.30447,810.30447,810.30347,810.30247,799.92647,799.92647,2015-11-06
Sistema,Sistema,650.00397,600.00397,600.00397,600.00397,600.00397,600.00397,650.00397,717.08197,800.00397,810.00397,810.00397,811.30397,810.00397,800.00397,800.00397,800.00397,800.00397,800.00397,822.81597,822.81497,810.00397,800.00397,717.08197,600.00397,2015-11-07
Sistema,Sistema,522.37234,501.20534,501.20534,501.20534,501.20534,501.20534,501.20534,501.20534,527.89634,550.20534,550.20534,550.20534,550.20534,550.20534,550.20534,550.20534,550.20534,550.20534,720.20534,720.20534,720.20534,599.20534,550.20534,550.20534,2015-11-08
Sistema,Sistema,551.73741,549.73741,551.73741,551.73741,549.73741,551.73741,551.73741,649.73741,649.73741,649.73741,799.73741,799.73741,799.73741,822.54841,799.73741,799.73741,799.73741,809.73741,822.54841,809.73741,809.73741,799.73741,649.73741,551.73741,2015-11-09
Sistema,Sistema,540.01774,522.85374,522.18474,515.06074,540.01774,552.01774,552.01774,552.01774,600.01774,600.01774,805.01774,805.01774,805.01774,805.01774,805.01774,822.83174,805.01774,810.01774,822.83274,822.83174,822.82974,805.01774,600.01774,552.01774,2015-11-10
Sistema,Sistema,552.2702,552.2702,552.2702,552.2702,552.2702,575.2702,575.2702,650.2702,805.2702,805.2702,810.2702,810.2702,805.2702,805.2702,805.2702,805.2702,805.2702,810.2702,819.2702,819.2702,810.2702,805.2702,650.2702,575.2702,2015-11-11
Sistema,Sistema,516.25632,470.25632,470.25632,470.25632,470.25632,552.25632,552.25632,552.25632,780.25632,780.25632,805.25632,823.06732,805.25632,805.25632,823.06732,823.06732,823.06732,823.06732,823.06732,823.06732,823.06732,823.06732,823.06932,552.25632,2015-11-12
Sistema,Sistema,530.1483,530.1483,535.1483,522.9843,530.1483,532.1483,532.1483,532.1483,552.1483,552.1483,822.9603,822.9603,822.9593,822.9593,822.9603,822.9593,822.9593,822.9593,822.9603,822.9603,822.9603,552.1483,552.1483,532.1483,2015-11-13
Sistema,Sistema,559.72997,551.72997,551.72997,551.72997,551.72997,551.72997,551.72997,789.72997,819.72997,822.54197,822.54297,822.54197,822.54197,819.72997,819.72997,819.72997,819.72997,822.54197,822.54397,822.54297,822.54197,822.54097,819.72997,789.72997,2015-11-14
Sistema,Sistema,822.4446,822.4446,822.4436,822.4436,822.4436,822.4436,822.4446,822.4436,822.4446,822.4446,822.4446,822.4446,822.4446,822.4446,822.4446,822.4446,822.4436,822.4446,822.4456,822.4486,822.4466,822.4446,822.4446,822.4426,2015-11-15
Sistema,Sistema,822.88133,822.88033,822.88033,822.88033,822.88033,822.88033,822.88033,822.88133,822.88133,822.88133,822.88133,822.88133,822.88133,822.88133,822.88133,822.88133,822.88133,822.88133,822.88433,822.88433,822.88433,822.88233,822.88133,822.88033,2015-11-16
Sistema,Sistema,821.6296,821.6296,821.6296,821.6296,821.6296,822.4416,822.4416,822.4436,822.4456,822.4466,822.4466,822.4466,822.4456,822.4466,822.4466,822.4456,822.4456,822.4456,822.4466,822.4466,822.4456,822.4436,822.4416,822.4416,2015-11-17
Sistema,Sistema,822.4396,822.4406,821.6296,821.6296,821.6296,822.4396,822.4396,822.4406,822.4406,822.4416,822.4426,822.4436,822.4436,822.4436,822.4446,822.4446,822.4436,822.4446,822.4456,822.4456,822.4446,822.4426,822.4396,822.4396,2015-11-18
Sistema,Sistema,822.4386,822.4386,822.4386,822.4386,822.4386,822.4386,822.4396,822.4396,822.4406,822.4406,822.4416,822.4436,822.4416,822.4416,822.4436,822.4446,822.4416,822.4416,822.4446,822.4446,822.4436,822.4416,822.4396,822.4396,2015-11-19
Sistema,Sistema,699.6296,699.6296,699.6296,699.6296,699.6296,822.4396,822.4396,822.4396,822.4406,822.4426,822.4446,822.4446,822.4436,822.4446,822.4446,822.4446,822.4446,822.4446,822.4456,822.4456,822.4446,822.4436,822.4396,822.4396,2015-11-20
Sistema,Sistema,822.4386,819.6296,819.6296,819.6296,819.6296,819.6296,819.6296,821.6296,822.1296,822.4386,822.4386,822.4386,822.4386,822.4386,822.4386,822.1296,822.1296,822.1296,822.4396,822.4396,822.4386,822.1296,821.6296,819.6296,2015-11-21
Sistema,Sistema,539.98449,539.98449,522.82049,499.98449,499.98449,499.98449,499.98449,499.98449,539.98449,539.98449,579.98449,579.98449,579.98449,579.98449,579.98449,579.98449,579.98449,579.98449,822.79649,822.79649,822.79649,822.79649,822.79549,579.98449,2015-11-22
Sistema,Sistema,579.64854,579.64854,530.02654,699.64854,579.64854,699.64854,599.64854,699.64854,822.45854,822.45854,822.45854,822.45854,822.45854,822.45854,822.45854,822.45854,822.45854,822.45854,822.45854,822.45854,822.45854,822.45854,822.45854,579.64854,2015-11-23
Sistema,Sistema,574.63929,574.63929,574.63929,574.63929,574.63929,574.63929,599.64029,749.64029,799.64029,799.64029,800.14029,800.14029,800.14029,800.14029,800.14029,800.14029,800.14029,800.14029,822.45429,822.45129,800.14029,799.64029,749.64029,599.64029,2015-11-24
Sistema,Sistema,809.93717,809.93717,800.43717,800.43717,809.93717,809.93717,822.74917,822.74817,822.74817,822.74817,822.74917,822.75017,822.74917,822.74917,822.75017,822.75017,822.75017,822.75017,822.75117,822.75017,822.75017,822.74817,822.74817,822.73717,2015-11-25
Sistema,Sistema,811.5796,811.5796,811.5796,789.6296,811.5796,811.5796,811.5796,822.4426,822.4446,822.4446,822.4466,822.4466,822.4466,822.4466,822.4466,822.4466,822.4466,822.4466,822.4466,822.4466,822.4466,822.4446,822.4426,811.5796,2015-11-26
Sistema,Sistema,890.20262,845.20262,795.20262,795.20262,890.20262,890.20262,890.20262,890.20262,985.20262,1030.61262,1030.61262,1035.20262,1035.20262,1035.20262,1045.20262,1045.20262,1030.61262,1030.61262,1030.61262,1035.20262,1030.61262,1030.61262,985.20262,890.20262,2015-09-28
Sistema,Sistema,795.04297,795.04297,795.04297,795.04297,795.04297,885.04297,885.04297,885.04297,1035.04297,1073.74297,1495.04297,1495.04297,1045.04297,1040.77197,1045.04297,1035.04297,885.04297,885.04297,1045.04297,1045.04297,885.04297,885.04297,885.04297,795.04297,2015-09-29
Sistema,Sistema,850.68278,850.68278,750.63678,392.11078,850.68278,850.68278,850.68278,1030.68278,1074.49078,1074.49078,1074.49178,1195.68278,1074.49078,1074.49078,1074.49178,1074.49178,1074.49078,850.68278,1074.49078,1074.49078,1065.68278,1065.68278,850.68278,529.12978,2015-09-30
Sistema,Sistema,1086.36847,1086.36847,1069.60547,1069.60547,1086.36847,1086.36847,1086.36847,1500.79847,1200.79847,1200.79847,1200.79847,1200.79847,1200.79847,1500.79847,1500.79847,1500.79847,1200.79847,1200.79847,1200.79847,1200.79847,1200.79847,1200.79847,1500.79847,1086.36847,2015-10-01
Sistema,Sistema,1511.48199,1511.48199,1511.48199,1511.48199,1511.48199,1540.73199,1540.73199,1790.73199,1641.73199,1790.73199,1790.73199,1805.73199,1790.73199,1641.73199,1790.73199,1790.73199,1790.73199,1641.73199,1641.73199,1511.48199,1540.73199,1540.73199,1511.48199,1511.48199,2015-10-02
Sistema,Sistema,1940.51624,1940.51624,1820.51624,1820.51624,1940.51624,1940.51624,1940.51624,1800.81624,1900.51624,1940.51624,1940.51624,1940.51624,1940.51624,1940.51624,1900.51624,1940.51624,1800.81624,1800.81624,1800.81624,1810.51624,1800.81624,1940.51624,1940.51624,1944.51624,2015-10-03
Sistema,Sistema,1940.83746,1940.83746,1940.83746,1940.83746,1069.64646,1069.64646,780.83746,1890.83746,1069.64646,1940.83746,1069.64646,1069.64646,1890.83746,1940.83746,1940.83746,1940.83746,1890.83746,1940.83746,1940.83746,1940.83746,1940.83746,1946.43746,1942.83746,1940.83746,2015-10-04
Sistema,Sistema,1940.82055,830.82055,780.82055,830.82055,1060.81055,1940.82055,1940.82055,1955.82055,2821.52055,1940.82055,1942.82055,1946.42055,1942.82055,1946.42055,1946.42055,1942.82055,1942.82055,1942.82055,1955.82055,1955.82055,1942.82055,1942.82055,1955.82055,1940.82055,2015-10-05
Sistema,Sistema,1940.70667,1561.40667,1561.40667,1561.40667,1561.40667,1940.70667,1940.70667,1561.40667,1940.70667,1940.70667,1940.70667,1942.70667,1940.70667,1942.70667,1942.70667,1942.70667,1942.70667,1940.70667,1942.70667,1942.70667,1942.70667,1940.70667,1942.70667,1561.40667,2015-10-06
Sistema,Sistema,1940.51624,1940.51624,1621.21624,1621.21624,1621.21624,1621.21624,1621.21624,1621.21624,1940.51624,1940.51624,1940.51624,1940.51624,1941.51624,1941.51624,1942.51624,1941.51624,1940.51624,1940.51624,1941.51624,1940.51624,1940.51624,1941.51624,1940.51624,1621.21624,2015-10-07
Sistema,Sistema,1942.77613,1942.77613,1942.77613,1940.77613,1942.77613,1942.77613,1942.77613,1942.77613,1942.77613,1942.77613,1942.77613,1942.77613,1942.77613,1942.77613,1942.77613,1942.77613,1942.77613,1942.77613,1942.77613,1942.77613,1942.77613,1942.77613,1942.77613,1942.77613,2015-10-08
Sistema,Sistema,1940.51624,1890.51624,1940.51624,1070.91624,1070.91624,1940.51624,1890.51624,1940.51624,1940.51624,1942.51624,1948.51624,1948.51624,1942.51624,1948.51624,1948.51624,1942.51624,1942.51624,1940.51624,1948.51624,1948.51624,1942.51624,1942.51624,1940.51624,1940.51624,2015-10-09
Sistema,Sistema,1066.54155,780.54155,780.54155,631.00155,690.54155,780.54155,780.54155,890.54155,1066.54155,1067.54155,1068.54155,1068.54155,1068.54155,1068.54155,1067.54155,1067.54155,1066.54155,1066.54155,1070.94155,1070.94255,1068.54155,1067.54155,1067.54155,780.54155,2015-10-10
Sistema,Sistema,442.37073,339.57273,339.57273,351.19773,351.19773,339.57273,282.92873,282.92873,339.57273,442.37073,945.61873,945.61873,1076.01873,945.61873,442.37073,339.57273,339.57273,351.19773,1095.61873,1095.61873,1095.61873,1076.01873,945.61873,395.61873,2015-10-11
Sistema,Sistema,1201.45263,1091.45263,941.45263,691.45263,691.45263,691.45263,691.45263,844.57663,1071.85263,1071.85263,1071.85263,1071.85263,1071.85263,1071.85263,1071.85263,1071.85263,1071.85263,1071.85263,1191.45263,1201.45263,1191.45263,1091.45263,1201.45263,1091.45263,2015-10-12
Sistema,Sistema,990.51624,990.51624,990.51624,990.51624,990.51624,1040.51624,1040.51624,1070.91724,1070.91724,1070.91724,1070.91724,1490.51624,1070.91724,1070.91724,1542.51624,1542.51624,1070.91724,1542.51624,1542.51624,1542.51624,1490.51624,1070.91724,1070.91724,1040.51624,2015-10-13
Sistema,Sistema,1070.91724,1070.91724,1940.51624,890.51624,980.51624,1060.51624,1060.51624,1070.91724,1070.91724,1070.91724,1070.91724,1070.91724,1070.91724,1491.51624,1491.51624,1491.51624,1491.51624,1491.51624,1491.51624,1491.51624,1491.51624,1070.91724,1070.91724,1040.51624,2015-10-14
Sistema,Sistema,935.51624,890.51624,890.51624,890.51624,935.51624,980.51624,990.51624,990.51624,1050.63024,1050.63024,1050.63024,1050.63024,1050.63024,1050.63024,1050.63024,1050.63024,1050.63024,1050.63024,1070.91724,1070.91724,1070.91624,1050.63024,1050.63024,990.51624,2015-10-15
Sistema,Sistema,935.51624,925.63024,925.63024,925.63024,925.63024,935.51624,935.51624,980.51624,1020.51624,1042.86124,1040.51624,1040.51624,1040.51624,1040.51624,1040.51624,1040.51624,1040.51624,1040.51624,1042.86124,1042.86124,1040.51624,1040.51624,1040.51624,1020.51624,2015-10-16
Sistema,Sistema,890.52152,890.52152,740.52052,614.57052,740.52052,740.52052,740.52052,890.52152,890.52152,890.52152,1041.63452,1041.63452,1040.52052,1040.52052,890.52152,890.52152,890.52152,890.52152,1041.63452,1041.63452,890.52152,890.52152,890.52152,740.52052,2015-10-17
Sistema,Sistema,440.57634,440.57634,440.57634,440.57634,440.57634,440.57634,440.57634,440.57634,440.57634,440.57634,449.18734,802.68934,802.68934,802.68934,614.31834,440.57634,440.57634,440.57634,802.68934,802.68934,802.68934,802.68934,440.57634,440.57634,2015-10-18
Sistema,Sistema,184.21244,184.21244,163.43744,116.47544,174.02344,300.75144,300.75144,698.45744,701.26544,798.45844,798.45844,798.45844,798.45844,798.45844,798.45844,798.45844,798.45844,798.45844,808.83644,808.83544,808.83544,798.45844,798.45844,698.45744,2015-10-19
Sistema,Sistema,451.08463,451.08463,451.08463,441.08463,451.08463,739.18463,739.18463,741.08563,783.08563,783.08563,783.08563,796.19863,783.08563,796.19863,796.19863,796.19863,796.19863,796.19863,796.19863,796.19863,796.19863,783.08563,796.19863,739.18463,2015-10-20
Sistema,Sistema,772.71624,772.71624,772.71624,780.63024,772.71624,772.71624,780.63024,780.63024,782.51724,782.51724,782.51724,782.51724,782.51724,782.51724,782.51724,782.51724,782.51724,782.51724,800.89324,797.51624,782.51724,782.51724,780.63024,772.71624,2015-10-21
Sistema,Sistema,781.51624,781.51624,781.51624,781.51624,781.51624,783.51624,783.51624,794.51724,794.51724,794.51724,798.51724,800.89224,798.51724,800.89224,800.89224,800.89224,800.89224,800.89224,800.89324,800.89324,800.89224,800.89224,794.51724,794.51724,2015-10-22
Sistema,Sistema,800.89324,793.51624,800.89224,793.51624,800.89224,800.89424,800.89424,800.89524,800.89524,800.89624,800.89724,800.89824,800.89824,800.89824,800.89824,800.89824,800.89824,800.89824,800.89824,800.89824,800.89824,800.89524,800.89524,800.89424,2015-10-23
Sistema,Sistema,780.51624,780.51624,780.51624,780.51624,780.51624,780.51624,780.51624,800.89224,800.89224,800.89424,800.89524,800.89524,800.89524,800.89524,800.89524,800.89424,800.89424,800.89524,800.89524,800.89524,800.89524,800.89424,800.89224,800.89224,2015-10-24
Sistema,Sistema,800.89424,800.89424,800.89324,800.89224,800.89224,800.89224,640.51624,800.89224,800.89424,800.89424,800.89624,800.89624,800.89624,800.89424,800.89424,800.89824,800.89724,800.89724,800.89724,800.89724,800.89724,800.89724,800.89624,800.89424,2015-10-25
Sistema,Sistema,740.52185,770.52185,740.52185,740.52185,740.52185,793.52185,793.52185,800.89985,800.90085,800.90085,800.90185,800.90185,800.90185,800.90185,800.90185,800.90185,800.90185,800.90185,800.90185,800.90185,800.90185,800.90185,800.90085,793.52185,2015-10-26
Sistema,Sistema,790.51624,790.51624,690.51624,690.51624,790.51624,800.89324,800.89224,800.89524,800.89624,800.89624,800.89724,800.89724,800.89724,800.89724,800.89724,800.89724,800.89724,800.89724,800.89924,800.89924,800.89724,800.89724,800.89524,800.89324,2015-10-27
Sistema,Sistema,144.30366,127.91166,123.30366,123.30366,123.30366,123.30366,123.30366,144.30366,144.41766,149.30366,149.30366,179.30366,149.30366,149.30366,149.30366,149.30366,144.41766,144.41766,179.30366,179.30366,169.30366,149.30366,144.41766,144.41766,2015-08-29
Sistema,Sistema,148.93543,148.93543,144.43543,144.43543,144.43543,144.43543,144.43543,144.43543,148.93543,148.93543,148.93543,148.93543,148.93543,148.93543,148.93543,148.93543,148.93543,148.93543,148.93543,174.44943,174.44943,174.44943,148.93543,148.93543,2015-08-30
Sistema,Sistema,174.7774,174.7774,174.7774,174.7774,174.7774,174.7774,174.7774,194.3224,194.3224,196.4364,196.4364,196.4364,196.4364,196.4364,196.4364,196.4364,196.4364,196.4364,204.3224,271.8224,214.3224,196.4364,194.3224,194.3124,2015-08-31
Sistema,Sistema,205.2181,195.2321,195.2321,195.2321,195.2321,246.1181,246.1181,246.1181,266.1181,246.1181,246.1181,266.1181,266.1181,266.1181,266.1181,266.1181,266.1181,246.1181,266.1181,266.1181,266.1181,246.1181,205.2181,205.2181,2015-09-01
Sistema,Sistema,216.97465,186.97465,186.97465,186.97465,245.75465,216.97465,245.75465,246.97465,255.08865,255.08865,266.47465,266.97465,265.97465,266.47465,266.97465,266.97465,266.97465,255.08865,266.97465,269.67465,266.97465,265.97465,255.08865,245.75465,2015-09-02
Sistema,Sistema,259.23344,243.05344,236.22344,236.22344,236.22344,259.23344,259.23344,259.23344,266.23344,266.23344,272.33344,272.33344,272.33344,272.33344,272.33344,272.33344,272.33344,266.23344,272.33344,272.33344,272.33344,272.33344,259.23344,259.23344,2015-09-03
Sistema,Sistema,259.86702,247.08402,244.86702,247.08402,264.86702,259.86702,259.86702,259.86702,264.86702,264.86702,269.86702,264.41702,264.41702,264.41702,264.41702,264.41702,264.41702,264.41702,264.86702,264.86702,264.41702,264.41702,264.86702,259.86702,2015-09-04
Sistema,Sistema,259.81752,259.80252,255.22752,255.22752,255.22752,255.22752,259.80252,264.81252,259.81752,259.81752,264.81252,264.81252,264.81252,259.81752,259.81752,259.81752,259.81752,259.81752,264.81252,264.81252,264.81252,259.81752,259.81752,255.22752,2015-09-05
Sistema,Sistema,264.71252,254.81252,244.18652,250.81252,250.81252,250.81252,244.18652,244.18652,250.81252,254.81252,264.71252,264.71252,264.71252,264.71252,264.71252,254.81252,254.81252,254.81252,264.71252,264.81252,264.81252,264.71252,264.71252,254.81252,2015-09-06
Sistema,Sistema,253.19451,253.19451,253.19451,253.19451,253.19451,255.19451,255.19451,265.19451,266.09451,266.09451,266.09451,266.09451,265.19451,265.19451,266.09451,266.09451,265.19451,265.19451,266.09451,266.09451,266.09451,265.19451,263.86351,256.19451,2015-09-07
Sistema,Sistema,244.26487,244.26487,244.26487,241.26487,244.26487,256.26487,256.31487,256.31487,256.31487,266.26487,266.26487,266.26487,256.31487,256.31487,258.35887,258.35887,258.35887,256.31487,266.26487,266.26487,266.25487,258.35887,256.31487,256.31487,2015-09-08
Sistema,Sistema,239.56199,239.56199,170.56199,170.56199,239.56199,239.56199,239.56199,255.56199,255.56199,285.56199,273.56199,270.56199,255.56199,255.56199,273.56199,273.56199,273.56199,255.56199,265.46199,273.56199,265.46199,255.56199,255.56199,239.56199,2015-09-09
Sistema,Sistema,169.41409,169.41409,169.41409,169.41409,169.41409,169.91409,225.41409,169.91409,225.41409,240.41409,240.41409,225.41409,247.26909,247.26909,265.41409,265.41409,247.26909,247.26909,265.41409,265.41409,265.41409,247.26909,225.41409,169.91409,2015-09-10
Sistema,Sistema,192.0205,190.0205,190.0205,190.0205,190.0205,193.6885,222.4035,240.0205,245.7945,245.7945,245.7945,245.7945,245.7945,245.7945,265.0205,265.0205,245.7945,245.7945,265.0205,265.0205,265.0205,245.7945,245.7945,240.0205,2015-09-11
Sistema,Sistema,212.2288,212.2288,212.2288,212.2288,212.2288,212.2288,212.2288,240.7638,247.7638,247.7638,247.7638,247.7638,247.7638,247.7638,247.7638,247.7638,247.7638,247.7638,251.2638,271.2638,251.2638,247.7638,247.7638,247.7638,2015-09-12
Sistema,Sistema,209.68871,209.58871,209.58871,209.58871,209.58871,209.58871,199.58871,209.58871,209.58871,209.58871,209.68871,209.68871,214.06871,209.68871,209.68871,209.58871,209.58871,209.58871,214.06871,270.08871,270.08871,214.06871,214.06871,209.58871,2015-09-13
Sistema,Sistema,257.04427,257.04427,257.04427,257.04427,257.04427,267.04427,267.04427,270.04427,270.04427,272.04427,277.04427,277.04427,272.04427,272.04427,277.04427,277.04427,272.04427,277.04427,282.04427,292.04427,282.04427,277.04427,270.04427,270.04427,2015-09-14
Sistema,Sistema,260.54277,260.54277,245.54277,245.54277,260.54277,265.54277,264.54277,290.54277,290.54277,296.54277,296.54277,305.54277,305.54277,305.54277,305.54277,296.54277,296.54277,290.54277,305.54277,305.54277,305.54277,315.54277,296.54277,267.54277,2015-09-15
Sistema,Sistema,293.5858,293.5858,293.5858,293.5858,293.5858,293.5858,293.3248,293.5858,293.5858,305.3248,305.3248,305.3248,305.3248,305.3248,305.3248,305.3248,305.3248,321.8248,307.3248,307.3248,305.3248,305.3248,293.5858,293.3248,2015-09-16
Sistema,Sistema,313.17518,313.17518,313.17518,308.37518,308.37518,313.17518,313.17518,313.17518,313.17518,313.17518,313.17518,313.17518,313.17518,313.17518,313.17518,313.17518,313.17518,313.17518,313.87518,313.87518,313.87518,313.17518,313.17518,308.37518,2015-09-17
Sistema,Sistema,294.11491,294.11491,249.11491,249.11491,249.11491,295.11491,295.11491,315.11491,294.11491,315.11491,315.11491,316.11491,315.11491,315.11491,315.11491,315.11491,315.11491,315.11491,322.11491,322.11491,319.11491,315.11491,295.11491,249.11491,2015-09-18
Sistema,Sistema,322.72062,316.22062,316.22062,312.22062,316.22062,321.22062,321.72062,312.22062,316.22062,322.72062,322.72062,322.72062,322.72062,321.72062,321.72062,321.22062,312.22062,312.22062,322.92062,322.92062,322.72062,321.22062,312.22062,311.22062,2015-09-19
Sistema,Sistema,323.71252,323.71252,323.71252,322.41252,320.35252,322.41252,320.35252,323.71252,323.71252,323.71252,323.71252,339.81252,339.81252,323.71252,323.71252,323.71252,323.71252,323.71252,349.81252,380.81252,379.81252,349.81252,323.71252,323.71252,2015-09-20
Sistema,Sistema,350.909,350.909,350.909,350.909,350.909,350.909,374.909,382.909,382.909,384.909,444.909,594.909,444.909,594.909,594.909,444.909,386.909,382.909,594.909,594.909,394.909,382.909,382.909,374.909,2015-09-21
Sistema,Sistema,317.59507,390.59507,317.59507,455.59507,621.49507,621.49507,621.49507,745.59507,745.59507,745.59507,745.59507,955.59507,745.59507,745.59507,955.59507,745.59507,745.59507,745.59507,955.59507,955.59507,745.59507,745.59507,955.59507,621.49507,2015-09-22
Sistema,Sistema,836.81252,836.81252,836.81252,836.81252,836.81252,836.81252,836.81252,849.81252,849.81252,849.81252,987.31252,987.31252,969.81252,969.81252,987.31252,969.81252,849.81252,849.81252,987.31252,1069.81252,969.81252,849.81252,849.81252,836.81252,2015-09-23
Sistema,Sistema,460.53322,395.89822,290.89822,295.89822,395.89822,865.89822,865.89822,865.89822,1030.89822,865.89822,865.89822,865.89822,865.89822,865.89822,1030.89822,1030.89822,865.89822,865.89822,1030.89822,1030.89822,865.89822,1045.89822,865.89822,865.89822,2015-09-24
Sistema,Sistema,844.81252,844.81252,844.81252,844.81252,844.81252,844.81252,844.81252,894.81252,944.81252,1004.81252,844.81252,844.81252,844.81252,844.81252,894.81252,844.81252,844.81252,844.81252,1004.81252,844.81252,844.81252,944.81252,844.81252,844.81252,2015-09-25
Sistema,Sistema,943.92252,943.81252,924.81252,854.81252,854.81252,924.81252,924.81252,854.81252,943.92252,943.92252,943.92252,943.92252,943.92252,943.92252,943.92252,943.81252,943.81252,943.92252,943.92252,943.92252,943.92252,943.92252,943.92252,943.92252,2015-09-26
Sistema,Sistema,924.81252,884.81252,884.81252,869.81252,869.81252,844.81252,869.81252,844.81252,884.81252,884.81252,1014.81252,924.81252,924.81252,924.81252,1014.81252,884.81252,884.81252,884.81252,1014.81252,1014.81252,1014.81252,1014.81252,924.81252,869.81252,2015-09-27
Sistema,Sistema,151.47774,152.47774,138.97774,139.47774,151.47774,151.47774,152.47774,152.47774,152.47774,156.47774,156.47774,176.47774,156.47774,176.47774,176.47774,176.47774,156.47774,156.47774,176.47774,205.47774,176.47774,156.47774,152.47774,152.47774,2015-07-30
Sistema,Sistema,150.89354,150.89354,147.89354,147.89354,150.89354,150.89354,150.89354,150.89354,157.89354,157.89354,176.89354,177.89354,177.89354,177.89354,177.89354,177.89354,176.89354,157.89354,176.89354,177.89354,177.89354,157.89354,152.89354,150.89354,2015-07-31
Sistema,Sistema,135.35196,134.25196,134.25196,134.25196,134.25196,134.25196,134.25196,139.25196,144.25196,144.25196,173.75196,173.75196,173.75196,173.75196,173.75196,144.25196,144.25196,144.25196,173.75196,173.75196,173.75196,173.75196,144.25196,138.49996,2015-08-01
Sistema,Sistema,133.34481,118.34481,118.34481,117.44481,117.44481,117.44481,118.34481,118.34481,127.62581,133.34481,133.34481,138.23481,138.23481,138.23481,133.34481,133.34481,133.34481,128.34481,148.34481,177.84481,177.84481,177.84481,148.34481,133.34481,2015-08-02
Sistema,Sistema,115.51383,115.51383,115.51383,115.51383,115.51383,130.01383,130.01383,139.26183,175.01383,210.01383,265.01383,265.01383,222.21383,265.01383,265.01383,265.01383,265.01383,222.21383,265.01383,265.01383,265.01383,222.21383,175.01383,175.01383,2015-08-03
Sistema,Sistema,166.863,155.163,137.163,137.163,155.163,166.863,166.863,166.863,166.863,209.263,260.163,260.163,260.163,260.163,260.163,260.163,235.163,209.263,260.163,260.163,260.163,235.163,166.863,166.863,2015-08-04
Sistema,Sistema,207.20871,158.20871,155.70871,155.70871,158.20871,207.20871,207.20871,207.20871,220.70871,240.70871,290.70871,305.70871,300.70871,305.70871,305.70871,305.70871,290.70871,207.20871,240.70871,305.70871,290.70871,220.70871,207.20871,207.20871,2015-08-05
Sistema,Sistema,185.29679,175.49679,175.49679,175.49679,175.49679,185.29679,185.29679,203.79679,203.79679,203.79679,203.79679,240.49679,240.49679,240.49679,240.49679,240.49679,240.49679,203.79679,240.49679,256.21679,240.49679,205.48679,203.79679,205.48679,2015-08-06
Sistema,Sistema,169.53915,169.53915,169.53915,169.53915,169.53915,169.53915,169.53915,169.53915,169.53915,169.53915,175.54915,220.54915,176.64715,175.54915,175.54915,169.53915,169.53915,169.53915,175.54915,225.54915,225.54915,225.54915,169.53915,169.53915,2015-08-07
Sistema,Sistema,179.71226,177.71226,177.71226,177.71226,177.71226,177.71226,176.21226,176.21226,177.71226,179.71226,179.71226,179.71226,179.71226,179.71226,179.71226,179.71226,177.71226,177.71226,205.51226,215.71226,205.51226,179.71226,177.71226,176.21226,2015-08-08
Sistema,Sistema,179.10319,179.10319,179.10319,177.10319,177.10319,177.10319,175.10319,177.10319,177.10319,179.10319,179.10319,179.10319,179.10319,179.10319,179.10319,179.10319,180.10319,179.10319,200.60319,200.60319,200.60319,200.60319,179.10319,179.10319,2015-08-09
Sistema,Sistema,175.27002,175.27002,175.27002,175.27002,175.27002,175.27002,175.27002,176.77002,204.27002,214.77002,214.77002,215.27002,214.77002,275.27002,215.27002,215.27002,214.77002,214.77002,215.27002,219.77002,215.27002,215.27002,214.77002,175.27002,2015-08-10
Sistema,Sistema,193.89174,175.26174,175.26174,175.26174,193.89174,214.76174,214.76174,214.76174,215.26174,215.26174,215.75174,225.76174,215.75174,225.76174,225.76174,225.76174,215.75174,215.26174,215.75174,240.26174,225.76174,215.75174,214.76174,214.76174,2015-08-11
Sistema,Sistema,173.3491,173.3491,173.3491,173.3491,173.3491,173.3491,173.3491,175.3491,187.3491,212.3391,217.3491,217.3491,217.3491,217.3491,217.3491,217.3491,217.3491,212.3391,217.3491,217.3491,217.3491,217.3491,187.3491,173.3491,2015-08-12
Sistema,Sistema,194.92463,166.71863,154.92463,154.92463,166.71863,203.92463,203.92463,208.32463,228.92463,229.92463,208.32463,208.32463,208.32463,208.32463,208.32463,208.32463,208.32463,208.32463,208.32463,208.32463,208.32463,208.32463,208.32463,203.92463,2015-08-13
Sistema,Sistema,193.5001,193.5001,190.5001,190.5001,193.5001,204.0001,204.0001,204.0001,205.4901,228.0001,230.5001,230.5001,228.0001,228.0001,230.5001,230.5001,230.5001,228.0001,230.5001,230.5001,230.5001,228.0001,204.0001,204.0001,2015-08-14
Sistema,Sistema,201.55044,196.55044,194.55044,194.55044,194.55044,194.55044,196.55044,201.55044,201.55044,202.54044,224.55044,224.55044,224.55044,202.54044,201.55044,201.55044,201.55044,201.55044,202.54044,224.55044,224.55044,202.54044,201.55044,201.55044,2015-08-15
Sistema,Sistema,201.02499,173.52499,170.15099,172.52499,166.31899,130.19199,129.52499,170.15099,173.52499,173.52499,201.02499,201.52499,201.52499,201.52499,201.02499,201.02499,173.52499,201.02499,201.52499,201.52499,201.52499,201.52499,201.52499,201.02499,2015-08-16
Sistema,Sistema,172.25894,172.45894,167.25894,167.25894,167.25894,167.25894,167.25894,172.25894,172.45894,172.45894,172.45894,172.45894,172.45894,172.45894,172.45894,172.45894,172.45894,172.45894,199.25894,200.75894,200.75894,199.25894,172.45894,172.45894,2015-08-17
Sistema,Sistema,167.92033,167.92033,164.92033,164.92033,164.92033,168.92033,168.92033,168.92033,169.61433,202.92033,224.92033,202.92033,172.92033,172.92033,202.92033,202.92033,172.92033,168.92033,172.92033,224.92033,202.92033,168.92033,168.92033,170.54633,2015-08-18
Sistema,Sistema,168.88887,156.88887,151.88887,151.88887,156.88887,170.88887,170.88887,170.88887,171.88887,171.88887,186.88887,186.88887,171.88887,171.88887,171.88887,186.88887,171.88887,171.88887,171.88887,171.88887,171.88887,170.88887,170.88887,168.88887,2015-08-19
Sistema,Sistema,168.26142,167.34042,130.24142,130.24142,145.26142,168.26142,168.26142,170.26142,170.26142,186.26142,205.26142,186.26142,186.26142,186.26142,186.26142,186.26142,186.26142,186.26142,186.26142,186.26142,275.26142,205.26142,170.26142,170.26142,2015-08-20
Sistema,Sistema,146.04291,136.33191,130.04291,130.04291,130.04291,146.04291,151.04291,206.04291,271.04291,276.04291,276.04291,206.04291,206.04291,206.04291,254.04291,254.04291,206.04291,205.04291,254.04291,276.04291,254.04291,206.04291,151.04291,151.04291,2015-08-21
Sistema,Sistema,142.91898,142.91898,132.91798,132.91798,132.91798,132.91798,133.58598,132.91798,142.91898,142.91898,207.91898,207.91898,207.91898,142.91898,142.91898,142.91898,140.58098,140.58098,207.91898,276.91898,207.91898,142.91898,132.91798,132.91798,2015-08-22
Sistema,Sistema,134.70314,134.70314,129.70314,129.70314,129.70314,125.70314,106.78114,125.70314,129.70314,134.70314,134.70314,134.70314,135.68314,134.70314,134.70314,134.70314,134.70314,134.70314,192.70314,192.70314,192.70314,192.70314,135.68314,129.70314,2015-08-23
Sistema,Sistema,147.30111,132.28111,131.30111,131.30111,131.30111,147.30111,147.30111,177.30111,177.30111,177.30111,207.30111,207.30111,207.30111,207.30111,276.30111,207.30111,207.30111,206.30111,276.30111,276.80111,276.80111,206.30111,177.30111,147.30111,2015-08-24
Sistema,Sistema,156.33793,156.33793,172.43793,172.43793,156.33793,156.33793,156.33793,164.43793,164.43793,204.43793,271.43793,271.93793,204.43793,204.43793,271.93793,271.93793,204.43793,172.53893,271.43793,273.93793,271.93793,172.53893,172.43793,156.33793,2015-08-25
Sistema,Sistema,125.41637,125.41637,120.41637,120.41637,120.41637,125.41637,130.39637,145.40637,145.40637,203.41637,215.41637,215.41637,205.41637,215.41637,272.91637,215.41637,215.41637,154.80237,205.41637,215.41637,205.41637,145.40637,145.40637,130.39637,2015-08-26
Sistema,Sistema,121.69482,121.69482,121.69482,121.69482,121.69482,121.69482,121.69482,126.19482,155.58082,203.19482,206.19482,206.19482,203.19482,206.19482,206.19482,206.19482,203.19482,202.19482,206.19482,276.19482,273.69482,167.19482,126.19482,121.69482,2015-08-27
Sistema,Sistema,124.89823,124.89823,119.89823,119.89823,124.89823,129.87823,133.65423,156.89823,156.89823,156.89823,163.89823,163.89823,163.89823,163.89823,163.89823,163.89823,156.89823,156.89823,163.89823,204.89823,163.89823,156.89823,156.89823,154.89823,2015-08-28
Sistema,Sistema,118.25565,101.25565,101.25565,101.25565,101.25565,118.25565,122.25565,124.25565,190.91465,223.67765,226.25565,226.25565,226.25565,190.91465,226.25565,226.25565,223.67765,172.48465,226.25565,226.25565,226.25565,223.67765,166.25565,124.25565,2015-06-30
Sistema,Sistema,167.98013,138.96013,123.98013,123.98013,123.98013,167.98013,169.98013,207.88013,207.88013,207.88013,226.97913,226.97913,226.97913,226.97913,226.97913,226.97913,226.97913,207.88013,207.88013,226.97913,207.88013,207.88013,207.88013,177.98013,2015-07-01
Sistema,Sistema,169.26529,125.26529,125.26529,125.26529,125.26529,125.26529,169.26529,171.26529,171.26529,179.26529,204.25529,204.25529,204.25529,204.25529,204.25529,204.25529,204.25529,199.26529,199.26529,238.76529,204.25529,199.26529,199.26529,179.26529,2015-07-02
Sistema,Sistema,129.89328,129.89328,123.89328,123.89328,129.89328,129.89328,178.89328,175.89328,211.89328,219.39328,219.39328,219.39328,219.39328,219.39328,219.39328,219.39328,219.39328,211.89328,219.39328,219.39328,219.39328,211.89328,219.39328,183.89328,2015-07-03
Sistema,Sistema,171.12314,171.12314,144.10314,127.12314,133.49314,130.40414,144.10314,171.12314,215.62314,215.62314,215.62314,215.62314,215.62314,215.62314,215.62314,215.62314,215.62314,215.62314,215.62314,215.62314,215.62314,215.62314,215.62314,215.62314,2015-07-04
Sistema,Sistema,187.97548,165.62048,123.47548,123.47548,123.47548,123.47548,122.47548,123.47548,123.47548,187.97548,235.47548,235.47548,247.47548,235.47548,235.47548,235.47548,235.47548,187.97548,247.47548,256.47548,256.47548,247.47548,242.68848,247.47548,2015-07-05
Sistema,Sistema,189.15216,183.65216,143.13216,125.87416,178.75616,228.65216,228.65216,238.65216,258.65216,258.65216,301.15216,298.65216,258.65216,278.65216,298.65216,278.65216,258.65216,258.65216,258.65216,278.65216,258.65216,257.65216,238.65216,228.65216,2015-07-06
Sistema,Sistema,182.12841,182.12841,182.12841,182.12841,182.12841,227.27941,227.92841,252.62841,258.12841,258.12841,268.82841,283.12841,258.12841,258.12841,268.82841,258.12841,258.12841,252.62841,258.12841,268.82841,258.12841,258.12841,252.62841,227.27941,2015-07-07
Sistema,Sistema,228.03637,199.28437,189.28437,189.28437,198.17237,228.03637,247.78437,247.78437,259.28437,259.28437,260.78437,269.28437,260.78437,260.78437,269.28437,269.28437,260.78437,259.28437,260.78437,269.28437,260.78437,259.28437,247.78437,247.78437,2015-07-08
Sistema,Sistema,221.13143,211.13143,211.13143,211.13143,211.13143,221.13143,221.13143,228.33143,228.33143,228.33143,230.15943,261.13143,230.15943,260.13143,260.13143,260.13143,230.15943,228.33143,230.15943,260.13143,260.13143,228.33143,228.33143,228.33143,2015-07-09
Sistema,Sistema,225.20936,220.13936,219.33336,220.13936,220.13936,225.20936,222.09636,227.03936,260.13936,260.13936,257.43936,257.43936,257.43936,257.43936,257.43936,257.43936,257.43936,257.43936,257.43936,260.13936,257.43936,257.43936,250.13936,225.20936,2015-07-10
Sistema,Sistema,220.44885,220.44885,219.70085,219.70085,219.70085,219.70085,220.44885,220.44885,220.44885,220.44885,220.44885,225.44885,220.44885,220.44885,220.44885,220.44885,220.44885,220.44885,220.44885,227.34885,220.44885,220.44885,220.44885,220.44885,2015-07-11
Sistema,Sistema,186.71153,186.71153,186.71153,186.71153,186.71153,186.71153,146.69153,186.71153,196.71153,196.71153,211.71153,236.71153,236.71153,236.71153,211.71153,211.71153,196.71153,196.71153,211.71153,236.71153,236.71153,236.71153,211.71153,196.71153,2015-07-12
Sistema,Sistema,195.3891,195.3891,195.3891,195.3891,195.3891,195.3891,195.3891,195.3891,196.3891,256.3891,256.3891,256.3891,222.8861,222.8861,234.8881,234.8881,222.8861,196.3891,236.3891,256.3891,256.3891,236.3891,196.3891,196.3891,2015-07-13
Sistema,Sistema,220.00915,213.33815,197.50915,197.50915,213.33815,220.00915,220.00915,220.00915,220.00915,225.50915,225.50915,225.50915,225.50915,225.50915,225.50915,234.00815,234.00815,225.50915,255.50915,275.50915,225.50915,225.50915,220.00915,220.00915,2015-07-14
Sistema,Sistema,224.65385,216.65385,216.65385,216.65385,216.65385,224.65385,226.15385,226.15385,226.15385,226.15385,226.15385,226.15385,226.15385,226.15385,226.15385,226.15385,226.15385,226.15385,236.65385,286.65385,236.65385,236.65385,236.65385,226.15385,2015-07-15
Sistema,Sistema,237.91168,217.91168,217.91168,217.91168,217.91168,232.91168,217.91168,236.91168,237.91168,245.06768,247.91168,285.91168,247.91168,247.91168,247.91168,247.91168,247.91168,237.91168,247.91168,297.91168,285.91168,247.91168,237.91168,236.91168,2015-07-16
Sistema,Sistema,215.48797,215.48797,215.48797,215.48797,215.48797,233.48797,233.48797,233.48797,233.48797,235.48797,235.48797,245.48797,245.48797,245.48797,245.48797,245.48797,245.48797,235.48797,245.48797,275.47797,245.48797,245.48797,235.48797,233.48797,2015-07-17
Sistema,Sistema,213.46444,213.46444,213.46444,155.73144,155.73144,213.46444,213.46444,213.46444,215.73144,295.73144,295.73144,314.73144,295.73144,295.73144,215.73144,215.73144,215.73144,213.46444,234.73144,295.73144,295.73144,215.73144,213.46444,215.73144,2015-07-18
Sistema,Sistema,152.95312,152.95312,147.95312,147.95312,147.95312,147.95312,147.95312,147.95312,187.95312,234.95312,217.95312,217.95312,217.95312,217.95312,217.95312,234.95312,187.95312,152.95312,211.57712,217.95312,217.95312,211.57712,187.95312,152.95312,2015-07-19
Sistema,Sistema,132.3916,127.3916,127.3916,127.3916,127.3916,127.3916,127.3916,127.3916,132.3916,137.3916,167.3916,167.3916,167.3916,167.3916,137.3916,137.3916,137.3916,137.3916,216.3916,287.2916,216.3916,210.2516,167.3916,137.3916,2015-07-20
Sistema,Sistema,158.90258,148.90258,148.90258,148.90258,148.90258,158.90258,158.90258,198.80258,198.80258,198.80258,198.80258,198.80258,198.80258,198.80258,208.90258,208.90258,208.90258,198.80258,208.90258,210.73858,208.90258,210.73858,198.80258,198.80258,2015-07-21
Sistema,Sistema,161.43517,161.43517,170.93517,170.93517,161.43517,170.93517,170.93517,170.93517,170.93517,181.43517,196.43517,268.22417,196.43517,268.22417,300.43517,300.43517,296.43517,181.43517,268.22417,300.43517,268.22417,196.43517,181.43517,170.93517,2015-07-22
Sistema,Sistema,157.49115,157.49115,157.49115,157.49115,157.49115,157.49115,160.49115,164.49115,260.49115,265.49115,265.49115,260.49115,260.49115,260.49115,260.49115,260.49115,260.49115,164.49115,260.49115,264.71015,260.49115,260.49115,164.49115,157.49115,2015-07-23
Sistema,Sistema,147.55161,147.55161,144.55161,144.55161,148.53161,147.55161,148.53161,150.55161,150.55161,194.55161,194.55161,194.55161,194.55161,194.55161,194.55161,194.55161,194.55161,150.55161,194.55161,259.55161,194.55161,194.55161,150.55161,150.55161,2015-07-24
Sistema,Sistema,144.55386,144.55386,138.75386,138.75386,138.75386,138.75386,144.55386,144.55386,144.55386,146.45386,186.25386,186.25386,186.25386,146.45386,146.45386,146.45386,146.45386,146.45386,146.45386,256.75386,256.75386,186.25386,146.45386,144.55386,2015-07-25
Sistema,Sistema,139.1624,137.1624,137.1624,137.1624,137.1624,137.1624,137.1624,137.1624,137.1624,139.1624,186.6624,257.1624,257.1624,257.1624,257.1624,186.6624,186.6624,139.1624,262.1624,262.1624,262.1624,262.1624,257.1624,139.1624,2015-07-26
Sistema,Sistema,138.44181,138.44181,131.44181,131.44181,136.33181,138.44181,181.54181,181.54181,256.44181,261.44181,261.44181,261.44181,249.99281,256.44181,256.44181,256.44181,249.99281,249.99281,249.99281,261.44181,256.44181,249.99281,216.44181,181.54181,2015-07-27
Sistema,Sistema,139.57051,139.57051,139.57051,139.57051,139.57051,139.57051,139.57051,139.57051,139.57051,152.07051,177.07051,177.07051,177.07051,177.07051,262.07051,227.07051,182.22051,182.22051,227.07051,227.07051,227.07051,182.22051,177.07051,147.07051,2015-07-28
Sistema,Sistema,152.00484,147.00484,147.00484,147.00484,147.00484,152.00484,177.00484,227.00484,242.00484,262.00484,262.00484,262.00484,262.00484,262.00484,262.00484,262.00484,262.00484,262.00484,262.00484,262.00484,262.00484,262.00484,227.00484,177.00484,2015-07-29
Sistema,Sistema,202.23631,201.35031,201.35031,201.35031,201.35031,201.35031,201.35031,201.35031,202.23631,202.23631,202.23631,202.23631,202.23631,202.23631,202.23631,202.23631,202.23631,202.23631,202.23631,262.23631,211.96331,202.23631,202.23631,201.35031,2015-05-31
Sistema,Sistema,85.69114,85.69114,85.69114,85.69114,149.17114,184.59114,184.59114,184.59114,224.69114,224.69114,224.80514,224.80514,224.80514,224.80514,224.80514,224.80514,224.80514,224.80514,224.80514,284.69114,284.69114,224.80514,184.59114,184.59114,2015-06-01
Sistema,Sistema,200.72002,150.30002,135.82002,135.82002,167.68202,200.72002,200.72002,200.72002,205.72002,214.93402,214.93402,214.93402,214.93402,214.93402,214.93402,214.93402,214.93402,205.72002,214.93402,226.82002,205.72002,200.72002,200.72002,150.30002,2015-06-02
Sistema,Sistema,197.87446,197.87446,196.33746,196.33746,197.87446,197.87446,197.87446,197.87446,197.97446,207.87446,212.77446,212.77446,212.77446,212.77446,212.77446,212.77446,212.77446,212.77446,302.87446,302.87446,302.87446,212.77446,212.77446,197.87446,2015-06-03
Sistema,Sistema,202.36946,200.85946,200.85946,200.85946,200.85946,207.36946,207.36946,207.36946,228.46946,227.26946,227.26946,227.26946,227.26946,227.26946,227.26946,227.26946,227.26946,227.26946,228.46946,352.36946,228.46946,227.26946,207.36946,207.36946,2015-06-04
Sistema,Sistema,211.09421,196.15721,182.69421,182.69421,184.04121,197.69421,197.69421,211.09421,211.09421,227.19421,227.69421,227.69421,227.69421,227.69421,227.69421,227.69421,227.69421,227.19421,227.69421,227.69421,227.69421,227.19421,211.09421,197.69421,2015-06-05
Sistema,Sistema,188.50218,188.50218,188.50218,188.50218,188.50218,188.50218,188.50218,189.29618,205.01218,205.96218,205.96218,205.96218,205.96218,205.96218,205.96218,205.96218,205.96218,205.96218,205.96218,205.96218,205.96218,205.96218,205.01218,195.75918,2015-06-06
Sistema,Sistema,181.46629,181.46629,181.46629,181.46629,181.46629,181.46629,181.46629,181.46629,181.46629,186.46629,186.46629,186.46629,186.46629,186.46629,186.46629,186.46629,186.46629,186.46629,186.46629,196.16629,186.46629,186.46629,186.46629,181.46629,2015-06-07
Sistema,Sistema,172.81845,172.81845,172.81845,172.81845,172.81845,172.81845,172.81845,172.81845,172.81845,173.91845,173.91845,180.21845,180.21845,180.21845,173.91845,173.91845,173.91845,180.21845,211.71845,211.71845,211.71845,198.91845,180.21845,180.21845,2015-06-08
Sistema,Sistema,167.72966,167.72966,167.72966,167.72966,167.72966,167.72966,173.62966,173.62966,184.82966,184.82966,184.82966,184.82966,184.82966,184.82966,184.82966,184.82966,184.82966,184.82966,219.72966,222.22966,219.72966,184.82966,173.62966,171.72966,2015-06-09
Sistema,Sistema,162.03385,162.03385,162.03385,162.03385,162.03385,162.03385,167.04385,171.84385,181.54385,181.54385,215.04385,219.24385,215.04385,215.04385,219.24385,219.24385,215.04385,181.54385,215.04385,219.24385,215.04385,181.54385,167.04385,162.03385,2015-06-10
Sistema,Sistema,147.22524,141.94524,141.94524,141.94524,147.22524,167.74524,167.74524,168.74524,168.74524,213.03024,213.03024,302.74524,213.03024,213.03024,302.74524,302.74524,213.03024,168.74524,213.03024,302.74524,213.03024,168.74524,168.74524,167.74524,2015-06-11
Sistema,Sistema,149.41596,144.60596,144.60596,144.60596,144.60596,160.44996,160.44996,160.44996,225.41596,225.41596,225.41596,255.41596,225.41596,225.41596,255.41596,255.41596,225.41596,225.41596,225.41596,255.41596,225.41596,225.41596,214.81896,255.41596,2015-06-12
Sistema,Sistema,157.8759,157.8759,157.8759,157.8759,157.8759,157.8759,157.8759,171.8719,171.8719,191.8719,251.8719,251.8719,251.8719,191.8719,191.8719,171.8719,171.8719,171.8719,191.8719,251.8719,191.8719,191.8719,171.8719,171.8719,2015-06-13
Sistema,Sistema,169.89912,169.89912,166.89512,166.89512,166.89512,166.89512,166.89512,166.89512,169.89912,166.89512,166.89512,169.89912,169.89912,169.89912,166.89512,166.89512,166.89512,166.89512,166.89512,169.89912,166.89512,166.89512,166.89512,166.89512,2015-06-14
Sistema,Sistema,174.35682,174.35682,166.54582,166.54582,166.54582,166.54582,166.54582,171.35682,174.35682,174.35682,174.35682,184.35682,184.35682,184.35682,174.35682,174.35682,174.35682,174.35682,174.35682,184.35682,184.35682,174.35682,174.35682,174.35682,2015-06-15
Sistema,Sistema,167.2253,167.2253,167.2253,167.2253,167.2253,167.2253,167.2253,190.8143,199.2253,217.4523,254.2253,254.2253,199.2253,254.2253,254.2253,254.2253,199.2253,199.2253,254.2253,284.2253,284.2253,254.2253,199.2253,190.8143,2015-06-16
Sistema,Sistema,165.00746,165.00746,165.00746,165.00746,165.00746,165.00746,204.50746,204.50746,220.31446,274.50746,274.50746,274.50746,274.50746,274.50746,274.50746,274.50746,274.50746,204.50746,220.31446,243.47246,220.31446,204.50746,204.50746,204.50746,2015-06-17
Sistema,Sistema,178.01258,178.01258,178.01258,178.01258,178.01258,178.01258,178.01258,207.89858,213.76258,242.89858,242.89858,253.89858,242.89858,242.89858,242.89858,242.89858,242.89858,213.76258,242.89858,253.89858,242.89858,213.76258,207.89858,182.89858,2015-06-18
Sistema,Sistema,195.84839,164.38739,164.38739,164.38739,181.84839,195.84839,195.84839,195.84839,226.84839,231.84839,226.84839,226.84839,206.26939,206.26939,206.26939,226.84839,226.84839,206.26939,226.84839,231.84839,226.84839,206.26939,201.84839,195.84839,2015-06-19
Sistema,Sistema,166.39213,166.39213,166.39213,166.39213,166.39213,166.39213,166.98213,200.39213,200.39213,200.39213,200.39213,206.39213,206.39213,200.39213,200.39213,200.39213,200.39213,200.39213,206.39213,216.39213,206.39213,200.39213,200.39213,200.39213,2015-06-20
Sistema,Sistema,156.80677,156.80677,94.80677,94.80677,121.80677,94.80677,94.80677,153.28677,156.80677,156.80677,156.80677,156.80677,156.80677,156.80677,156.80677,156.80677,156.80677,156.80677,156.80677,201.80677,201.80677,186.80677,156.80677,156.80677,2015-06-21
Sistema,Sistema,134.56292,134.56292,89.06292,89.06292,114.56292,134.56292,165.15292,182.56292,182.56292,182.56292,214.56292,214.56292,214.56292,214.56292,214.56292,214.56292,214.56292,182.56292,214.56292,259.56292,214.56292,214.56292,182.56292,180.56292,2015-06-22
Sistema,Sistema,122.79264,122.79264,122.79264,122.79264,122.79264,132.79264,132.79264,171.79264,179.79264,179.79264,179.79264,179.79264,179.79264,179.79264,182.79264,179.79264,179.79264,179.79264,179.79264,182.79264,179.79264,179.79264,171.79264,132.79264,2015-06-23
Sistema,Sistema,52.92817,52.92817,52.92817,52.92817,52.92817,52.92817,117.34017,145.32017,192.34017,232.34017,232.34017,232.34017,232.34017,232.34017,232.34017,232.34017,232.34017,175.34017,227.34017,232.34017,227.34017,175.34017,138.34017,134.34017,2015-06-24
Sistema,Sistema,118.01097,118.01097,118.01097,118.01097,118.01097,118.01097,217.74497,229.01097,229.01097,229.01097,233.01097,233.01097,233.01097,233.01097,233.01097,233.01097,229.01097,229.01097,229.01097,229.01097,229.01097,229.01097,207.01097,135.01097,2015-06-25
Sistema,Sistema,145.12075,145.12075,137.50075,137.50075,145.12075,145.12075,165.12075,210.11975,216.12075,223.12075,225.12075,226.22075,226.22075,226.22075,226.22075,226.22075,225.12075,213.69875,216.12075,223.12075,216.12075,216.12075,210.11975,167.82975,2015-06-26
Sistema,Sistema,148.17916,148.17916,139.06916,139.06916,148.17916,139.06916,148.17916,150.17916,180.17916,180.17916,203.17916,208.07916,203.17916,180.17916,180.17916,180.17916,171.45916,150.17916,203.17916,208.07916,203.17916,171.45916,150.17916,148.17916,2015-06-27
Sistema,Sistema,51.6495,51.6495,51.6495,51.6495,51.6495,51.6495,51.6495,51.6495,54.0615,84.0615,120.9615,120.9615,120.9615,120.9615,84.0615,84.0615,84.0615,54.0615,211.9615,231.0615,211.9615,120.9615,54.0615,54.0615,2015-06-28
Sistema,Sistema,100.52858,83.66458,51.11658,51.11658,100.52858,51.11658,51.11658,51.11658,121.52858,123.52858,123.52858,225.02858,225.02858,131.50858,131.50858,123.52858,123.52858,123.52858,235.52858,245.52758,235.52858,235.52858,225.02858,123.52858,2015-06-29
Sistema,Sistema,125.09502,125.09502,125.09502,125.09502,125.09502,125.09502,125.09502,125.09502,199.99502,175.99502,175.99502,175.99502,185.14302,189.99502,175.99502,175.99502,175.99502,175.99502,189.99502,189.99502,189.99502,189.99502,175.99502,175.99502,2015-05-01
Sistema,Sistema,116.31599,116.31599,116.31599,116.31599,116.31599,116.31599,116.31599,165.31599,165.31599,173.31599,173.31599,185.31599,173.31599,173.31599,173.31599,173.31599,165.31599,165.31599,185.31599,190.31599,190.31599,190.31599,185.31599,173.31599,2015-05-02
Sistema,Sistema,162.37642,150.28842,150.28842,150.28842,150.28842,123.28842,123.28842,123.28842,150.28842,150.28842,150.28842,150.28842,150.28842,150.28842,150.28842,150.28842,150.28842,150.28842,184.28842,185.28842,185.28842,190.28842,185.28842,172.28842,2015-05-03
Sistema,Sistema,123.36433,123.36433,100.36433,125.36433,172.36433,175.36433,183.36433,183.36433,183.36433,183.36433,183.36433,185.06433,185.06433,185.06433,185.06433,185.06433,185.06433,183.36433,185.06433,185.06433,185.06433,185.06433,183.36433,183.36433,2015-05-04
Sistema,Sistema,135.44166,135.44166,135.44166,135.44166,135.44166,164.44166,164.44166,170.44166,178.44166,178.44166,181.44166,220.44166,181.44166,181.44166,181.44166,181.44166,178.44166,178.44166,181.44166,196.80966,181.44166,181.44166,181.44166,164.44166,2015-05-05
Sistema,Sistema,163.58944,163.58944,162.08944,162.08944,162.08944,163.58944,163.58944,172.08944,181.08944,188.08944,192.08944,192.08944,192.08944,192.08944,192.08944,188.08944,188.08944,188.08944,188.08944,192.08944,188.08944,192.08944,172.08944,163.58944,2015-05-06
Sistema,Sistema,182.6772,170.5772,170.5772,170.5772,170.5772,170.5772,182.6772,191.7912,191.7912,225.6772,220.6772,225.6772,225.6772,230.6772,230.6772,225.6772,225.6772,191.7912,220.6772,225.6772,196.6772,196.6772,191.7912,182.6772,2015-05-07
Sistema,Sistema,186.52618,186.52618,186.52618,186.52618,186.52618,186.52618,186.52618,186.52618,196.46818,201.52618,201.52618,201.52618,201.52618,201.52618,201.52618,201.52618,201.52618,201.52618,201.52618,201.52618,201.52618,201.52618,201.52618,186.52618,2015-05-08
Sistema,Sistema,194.46697,194.46697,194.46697,194.46697,194.46697,194.46697,194.46697,194.46697,215.46697,220.46697,220.46697,220.46697,220.46697,220.46697,220.46697,220.46697,215.46697,215.46697,220.46697,224.46697,220.46697,224.46697,220.46697,220.46697,2015-05-09
Sistema,Sistema,240.81109,228.81109,228.81109,215.81109,197.11309,197.11309,145.81109,145.81109,215.81109,197.11309,228.81109,228.81109,228.81109,228.81109,197.11309,197.11309,197.11309,214.81109,242.81109,250.81109,242.81109,264.81109,280.81109,242.81109,2015-05-10
Sistema,Sistema,190.35516,179.30416,179.30416,179.30416,190.35516,200.30316,265.30416,265.30416,285.30416,285.30416,300.30416,300.30416,300.30416,300.30416,302.30416,302.30416,300.30416,300.30416,302.30416,304.30416,304.30416,300.30416,285.30416,265.30416,2015-05-11
Sistema,Sistema,295.09773,295.09773,295.09773,260.09773,290.09773,306.09773,306.09773,295.09773,306.09773,308.09773,310.09773,315.09773,308.09773,310.09773,315.09773,315.09773,310.09773,308.09773,315.09773,315.09773,315.09773,310.09773,306.09773,306.09773,2015-05-12
Sistema,Sistema,320.13052,300.13052,300.13052,300.13052,305.13052,320.63052,327.13052,328.63052,328.63052,330.13052,328.63052,328.63052,328.63052,328.63052,330.13052,328.63052,328.63052,328.63052,330.13052,330.13052,328.63052,328.63052,327.13052,327.13052,2015-05-13
Sistema,Sistema,329.5766,320.0766,320.0766,275.0766,320.0766,329.5766,329.5766,350.0766,558.0766,558.0766,400.0766,558.0766,400.0766,400.0766,558.0766,400.0766,400.0766,329.8266,350.0766,350.0766,329.8266,329.8266,329.8266,329.5766,2015-05-14
Sistema,Sistema,270.0766,270.0766,250.0766,250.0766,270.0766,301.0766,301.0766,470.0766,500.0766,500.0766,559.0766,559.0766,559.0766,500.0766,559.0766,500.0766,500.0766,470.0766,581.0766,559.0766,559.0766,500.0766,470.0766,470.0766,2015-05-15
Sistema,Sistema,325.49457,300.49457,300.49457,198.74857,198.74857,300.49457,303.98957,450.49457,450.49457,650.49457,684.49457,684.49457,684.49457,684.49457,450.49457,450.49457,450.49457,450.49457,650.49457,686.49457,450.49457,450.49457,450.49457,325.49457,2015-05-16
Sistema,Sistema,330.11269,302.56669,200.11269,200.11269,200.11269,200.11269,200.11269,330.11269,330.11269,330.11269,330.11269,330.11269,330.11269,330.11269,330.11269,330.11269,330.11269,330.11269,399.11269,400.11269,400.11269,400.11269,330.11269,330.11269,2015-05-17
Sistema,Sistema,330.0766,327.0766,327.0766,327.0766,327.0766,327.0766,327.0766,329.0766,330.0766,389.5766,389.5766,550.0766,500.0766,389.5766,389.5766,389.5766,389.5766,389.5766,500.0766,500.0766,500.0766,389.5766,389.5766,330.0766,2015-05-18
Sistema,Sistema,200.48474,198.82574,198.82574,198.82574,198.82574,200.48474,200.48474,300.48474,390.48474,390.48474,390.48474,390.48474,390.48474,390.48474,390.48474,390.48474,390.48474,390.48474,390.48474,505.48474,390.48474,390.48474,375.48474,200.48474,2015-05-19
Sistema,Sistema,202.56727,202.56727,194.22627,194.22627,194.22627,209.22627,209.22627,229.65227,229.65227,254.22627,254.22627,254.22627,254.22627,254.22627,254.22627,254.22627,254.22627,229.65227,254.22627,254.22627,254.22627,229.65227,209.22627,202.56727,2015-05-20
Sistema,Sistema,226.17095,219.12795,66.17095,107.95395,107.95395,226.17095,226.17095,226.17095,226.17095,226.17095,226.17095,239.87095,226.17095,226.17095,239.87095,239.87095,239.87095,226.17095,239.87095,239.87095,239.87095,236.17095,226.17095,226.17095,2015-05-21
Sistema,Sistema,193.9691,193.9691,167.9191,167.9191,173.8541,193.9691,234.2691,193.9691,234.2691,234.2691,234.2691,234.2691,233.9691,233.9691,234.2691,234.2691,234.2691,234.2691,234.2691,234.2691,234.2691,234.2691,233.9691,193.9691,2015-05-22
Sistema,Sistema,219.32909,219.32909,194.29709,194.29709,194.29709,194.29709,219.32909,219.32909,219.82909,219.82909,219.82909,220.22909,220.22909,219.82909,219.82909,219.82909,219.82909,219.82909,220.22909,300.32909,220.22909,219.82909,219.82909,219.82909,2015-05-23
Sistema,Sistema,201.10121,201.10121,201.10121,196.56921,196.56921,196.56921,196.56921,201.10121,201.10121,201.10121,201.60121,201.60121,201.60121,201.60121,201.60121,201.60121,201.10121,201.10121,222.60121,230.70121,230.70121,230.70121,201.60121,201.10121,2015-05-24
Sistema,Sistema,198.58103,196.86703,196.86703,193.86703,191.36703,198.58103,228.86703,228.86703,254.96703,254.96703,254.96703,254.96703,254.96703,254.96703,254.96703,254.96703,254.96703,254.96703,333.86703,334.35703,333.86703,254.96703,254.96703,224.42203,2015-05-25
Sistema,Sistema,213.66166,176.44366,146.45666,173.97666,190.97666,220.97666,330.97666,331.46666,331.46666,331.46666,331.97666,331.97666,331.46666,331.46666,331.97666,331.97666,331.46666,331.46666,331.97666,331.97666,331.46666,331.46666,331.37666,213.66166,2015-05-26
Sistema,Sistema,230.3125,218.0245,170.0005,189.3125,218.0245,240.3125,255.5125,255.5125,329.7125,350.3125,450.3125,450.3125,350.3125,350.3125,450.3125,400.3125,273.4665,255.5125,350.3125,450.3125,329.7125,255.5125,255.5125,240.3125,2015-05-27
Sistema,Sistema,219.28291,150.93691,150.93691,150.93691,219.28291,282.05091,282.05091,289.93691,330.33691,460.93691,460.93691,500.93691,460.93691,460.93691,460.93691,460.93691,289.93691,289.93691,460.93691,460.93691,330.33691,289.93691,282.05091,282.05091,2015-05-28
Sistema,Sistema,192.18832,153.18832,153.18832,153.18832,187.48432,253.18832,273.18832,303.18832,331.30232,331.30232,332.58832,343.18832,332.58832,332.58832,332.58832,331.30232,331.30232,331.30232,332.58832,343.18832,331.30232,331.30232,303.18832,253.18832,2015-05-29
Sistema,Sistema,192.60975,192.60975,83.77675,83.77675,224.09575,223.60975,254.60975,254.60975,254.60975,276.72375,276.72375,276.72375,276.72375,276.72375,276.72375,254.60975,254.60975,254.60975,276.72375,276.72375,276.72375,254.60975,254.60975,224.09575,2015-05-30
Sistema,Sistema,172.5554,172.5554,172.5554,159.5554,172.5554,172.5554,172.5554,172.5554,191.0724,195.5554,195.5554,195.5554,195.5554,195.5554,195.5554,195.5554,195.5554,195.5554,195.5554,195.5554,195.5554,195.5554,195.5554,172.5554,2015-04-01
Sistema,Sistema,172.26314,172.26314,169.63514,169.63514,169.63514,169.63514,149.19914,169.63514,172.26314,172.26314,172.26314,172.26314,172.26314,172.26314,172.26314,172.26314,172.26314,172.26314,188.16314,188.16314,188.16314,188.16314,172.26314,172.26314,2015-04-02
Sistema,Sistema,165.15095,165.15095,165.15095,165.15095,165.15095,165.15095,165.15095,165.15095,165.15095,165.15095,165.15095,169.15095,172.35095,172.35095,169.15095,165.15095,165.15095,165.15095,189.15095,219.15095,189.15095,189.15095,169.15095,169.15095,2015-04-03
Sistema,Sistema,172.11512,172.11512,169.11512,169.61512,169.61512,169.61512,155.11512,172.11512,172.11512,172.11512,194.11512,214.11912,214.11912,214.11912,194.11512,194.11512,194.11512,194.11512,219.11512,219.11512,219.11512,214.11912,194.11512,172.11512,2015-04-04
Sistema,Sistema,184.17583,184.17583,184.17583,184.17583,184.17583,184.17583,184.17583,184.17583,184.17583,184.17583,188.17583,191.17583,191.17583,191.17583,191.17583,188.17583,188.17583,188.17583,191.17583,193.54283,193.54283,191.17583,184.17583,184.17583,2015-04-05
Sistema,Sistema,171.45383,139.34383,169.45383,139.34383,171.45383,182.45383,182.45383,182.45383,183.56483,191.95383,204.45383,191.95383,191.95383,191.95383,191.95383,191.95383,191.95383,191.95383,191.95383,191.95383,191.95383,191.95383,182.45383,182.45383,2015-04-06
Sistema,Sistema,171.03455,169.23455,169.13455,167.13455,169.23455,171.03455,171.03455,182.13455,182.13455,182.13455,182.13455,204.13455,182.13455,182.13455,204.13455,235.13455,182.13455,182.13455,182.13455,182.24555,182.13455,182.13455,182.13455,171.03455,2015-04-07
Sistema,Sistema,169.69638,169.69638,169.69638,169.69638,169.69638,169.69638,169.89638,171.69638,171.69638,171.69638,219.79638,209.79638,171.69638,209.79638,219.79638,219.79638,209.79638,171.69638,219.79638,219.79638,219.79638,171.69638,171.69638,169.69638,2015-04-08
Sistema,Sistema,160.28016,160.28016,160.28016,160.28016,160.28016,160.28016,160.28016,160.38016,165.18016,209.38016,220.38016,221.38016,221.38016,221.38016,221.38016,220.38016,220.38016,165.18016,220.38016,220.38016,220.38016,165.18016,160.28016,160.28016,2015-04-09
Sistema,Sistema,154.74522,149.84522,149.84522,144.74522,144.74522,149.84522,154.74522,154.74522,154.74522,154.74522,204.74522,214.74522,204.74522,214.74522,214.74522,214.74522,154.74522,154.74522,214.74522,214.74522,214.74522,154.74522,154.74522,154.74522,2015-04-10
Sistema,Sistema,153.12525,153.12525,153.12525,153.12525,153.12525,153.12525,153.12525,153.12525,179.92525,180.22525,180.22525,220.92525,180.22525,180.22525,180.22525,179.92525,179.92525,153.12525,180.22525,220.92525,180.22525,180.22525,153.12525,153.12525,2015-04-11
Sistema,Sistema,144.97388,144.97388,144.97388,144.97388,144.97388,144.97388,144.97388,144.97388,144.97388,170.77388,180.27388,181.87388,181.87388,181.87388,181.87388,181.87388,170.77388,150.77388,188.47388,223.77388,199.77388,188.47388,180.27388,144.97388,2015-04-12
Sistema,Sistema,143.90738,143.90738,140.10138,140.00738,143.90738,143.90738,174.80738,174.80738,179.79738,184.80738,184.80738,221.80738,221.48438,221.48438,221.48438,221.48438,184.80738,177.30738,221.48438,221.80738,221.48438,221.48438,177.30738,169.80738,2015-04-13
Sistema,Sistema,170.6114,135.6114,135.6114,135.6114,142.5914,170.6114,170.6114,175.6114,219.1164,220.7114,220.7114,220.7114,220.7114,220.7114,220.7114,230.6114,220.7114,220.7114,220.7114,220.7114,220.7114,220.7114,220.7114,175.6114,2015-04-14
Sistema,Sistema,140.10406,140.10406,132.50406,132.50406,140.10406,140.10406,140.10406,141.98406,155.10406,160.00406,178.20406,179.80406,174.80406,179.80406,230.00406,178.20406,174.80406,160.00406,178.20406,174.80406,160.00406,174.80406,140.10406,140.10406,2015-04-15
Sistema,Sistema,137.15433,137.15433,137.15433,137.15433,137.15433,139.44833,138.13433,149.15433,157.45433,157.45433,173.95433,219.15433,173.95433,157.45433,157.45433,157.45433,149.15433,139.44833,157.45433,158.65433,157.45433,157.45433,138.13433,137.15433,2015-04-16
Sistema,Sistema,134.20127,129.29127,129.29127,119.20127,129.29127,134.20127,134.20127,134.20127,134.20127,135.09127,139.20227,149.20127,139.20227,139.20227,139.88227,139.88227,139.20227,139.20227,149.20127,149.20127,139.88227,139.88227,134.20127,134.20127,2015-04-17
Sistema,Sistema,119.34428,119.34428,127.34428,127.34428,127.34428,127.34428,127.34428,127.34428,127.34428,129.34428,132.34428,129.43428,129.43428,127.34428,127.34428,127.34428,127.34428,127.34428,132.34428,197.34428,129.43428,214.34428,129.43428,127.34428,2015-04-18
Sistema,Sistema,128.87518,128.87518,130.95518,126.97518,126.97518,126.97518,111.03018,111.03018,126.97518,128.87518,128.87518,128.87518,128.87518,128.87518,128.87518,126.97518,120.97518,128.87518,133.97518,150.08918,150.08918,133.97518,128.87518,128.87518,2015-04-19
Sistema,Sistema,119.74683,119.74683,119.74683,119.74683,119.74683,125.64683,123.74683,125.64683,125.64683,125.64683,129.74683,129.74683,139.74683,139.74683,139.74683,139.74683,129.74683,125.64683,139.74683,139.74683,139.74683,125.64683,125.64683,123.74683,2015-04-20
Sistema,Sistema,109.28063,120.28063,109.28063,109.28063,109.28063,121.18063,121.18063,124.28063,121.18063,124.28063,127.28063,184.58063,127.28063,184.58063,209.28063,209.28063,184.58063,128.39463,198.28063,198.28063,128.39463,128.39463,121.18063,120.28063,2015-04-21
Sistema,Sistema,109.21268,109.21268,109.21268,109.21268,109.21268,113.91268,118.21368,129.31368,129.31368,133.32768,133.32768,133.32768,133.32768,133.32768,184.51368,184.51368,133.32768,133.32768,133.32768,135.19368,133.32768,133.32768,129.31368,118.21368,2015-04-22
Sistema,Sistema,127.49782,127.49782,127.49782,127.49782,127.49782,127.49782,129.49782,129.49782,160.49782,160.49782,180.49782,185.79782,180.49782,185.79782,195.49782,195.49782,180.49782,160.49782,180.49782,180.49782,180.49782,180.49782,160.49782,127.49782,2015-04-23
Sistema,Sistema,127.77822,109.77822,109.77822,109.77822,127.77822,127.77822,127.77822,127.77822,151.89222,185.07822,185.07822,199.77822,199.77822,219.77822,219.77822,219.77822,151.89222,151.89222,185.07822,199.77822,185.07822,199.77822,151.89222,151.89222,2015-04-24
Sistema,Sistema,144.2103,144.2103,119.2103,119.2103,119.2103,119.2103,124.1103,144.2103,150.7303,160.3103,160.3103,160.3103,160.3103,160.3103,160.3103,144.2103,144.2103,144.2103,160.3103,160.3103,160.3103,160.3103,144.2103,129.2103,2015-04-25
Sistema,Sistema,149.136,144.136,144.136,144.136,144.136,144.136,144.136,149.136,159.036,159.036,159.036,159.036,159.036,159.036,159.036,159.036,159.036,159.036,159.136,183.136,159.136,159.136,159.036,159.036,2015-04-26
Sistema,Sistema,124.3873,124.3873,119.3873,119.3873,119.3873,124.3873,124.3873,139.3873,139.3873,144.1873,144.1873,144.1873,144.1873,144.1873,144.1873,144.1873,144.1873,144.1873,144.1873,181.8873,144.1873,144.1873,139.3873,139.3873,2015-04-27
Sistema,Sistema,130.2846,130.2846,130.2846,130.2846,130.2846,135.8846,135.8846,135.8846,140.2846,150.2846,150.2846,190.2846,150.2846,180.2846,140.2846,140.2846,140.2846,140.2846,180.2846,190.2846,150.2846,140.2846,135.8846,130.2846,2015-04-28
Sistema,Sistema,128.63155,129.33155,124.83155,124.83155,124.83155,128.63155,128.63155,131.83155,131.83155,136.23155,136.23155,136.23155,136.23155,136.23155,174.83155,136.23155,136.23155,136.23155,136.23155,136.23155,136.23155,136.23155,131.83155,129.33155,2015-04-29
Sistema,Sistema,110.38544,110.38544,110.38544,110.38544,110.38544,120.38544,120.38544,123.28544,123.28544,129.68544,129.68544,175.38544,129.68544,175.38544,190.38544,190.38544,129.68544,129.68544,175.38544,190.38544,129.68544,129.68544,120.38544,115.38544,2015-04-30
Sistema,Sistema,162.60237,142.60237,142.60237,142.60237,162.60237,162.60237,162.60237,176.60237,200.60237,200.60237,200.60237,200.60237,200.60237,200.60237,200.60237,200.60237,200.60237,200.60237,200.60237,227.60237,200.60237,200.60237,176.60237,162.60237,2015-03-02
Sistema,Sistema,165.5897,165.5897,165.5897,165.5897,167.5897,167.5897,167.5897,167.5897,168.5897,172.5897,217.5897,222.5897,222.5897,222.5897,222.5897,222.5897,222.5897,222.5897,228.5897,226.5897,228.5897,226.5897,176.5897,167.5897,2015-03-03
Sistema,Sistema,197.15096,182.15096,177.15096,182.15096,188.44396,197.15096,197.15096,197.15096,200.15096,206.64696,227.15096,227.15096,227.15096,227.15096,227.15096,227.15096,227.15096,206.64696,227.15096,227.15096,227.15096,227.15096,200.15096,197.15096,2015-03-04
Sistema,Sistema,230.75394,225.75394,225.75394,225.75394,230.75394,231.75394,231.75394,225.75394,231.75394,231.75394,231.75394,236.75394,231.75394,231.75394,231.75394,231.75394,236.75394,231.75394,231.75394,236.75394,231.75394,231.75394,231.25394,231.25394,2015-03-05
Sistema,Sistema,223.55795,223.55795,145.44795,164.34095,164.34095,227.55795,227.55795,228.55795,233.55795,227.55795,227.55795,233.55795,233.55795,227.55795,233.55795,233.55795,227.55795,227.55795,227.55795,228.55795,227.55795,228.55795,223.55795,192.25395,2015-03-06
Sistema,Sistema,193.36969,193.36969,193.36969,193.36969,193.36969,193.36969,193.36969,193.36969,222.36969,222.36969,222.36969,222.36969,222.36969,214.97669,214.97669,193.36969,193.36969,203.36969,222.36969,222.36969,222.36969,214.97669,193.36969,193.36969,2015-03-07
Sistema,Sistema,182.34851,182.34851,182.34851,182.34851,182.34851,182.34851,168.34851,182.34851,182.34851,182.34851,212.34851,212.34851,182.34851,212.34851,182.34851,182.34851,182.34851,182.34851,212.34851,248.86151,217.34851,212.34851,209.70651,182.34851,2015-03-08
Sistema,Sistema,192.41744,192.41744,192.41744,196.91744,192.41744,192.41744,192.41744,192.41744,233.41744,233.41744,233.41744,233.41744,233.41744,233.41744,233.41744,233.41744,233.41744,216.56444,233.41744,233.41744,233.41744,216.56444,207.41744,192.41744,2015-03-09
Sistema,Sistema,179.90812,179.90812,179.90812,179.90812,179.90812,179.90812,190.80812,190.80812,212.90812,242.90812,241.90812,212.90812,212.90812,217.45612,217.45612,241.90812,217.45612,217.45612,242.90812,241.90812,241.90812,217.45612,190.80812,190.80812,2015-03-10
Sistema,Sistema,191.67984,191.67984,179.77984,179.77984,191.67984,191.67984,191.67984,191.67984,209.88684,211.77984,221.77984,221.77984,221.77984,221.77984,221.77984,211.77984,211.77984,211.77984,221.77984,266.77984,221.77984,221.77984,209.88684,201.77984,2015-03-11
Sistema,Sistema,206.77117,206.77117,197.21617,197.21617,197.21617,206.77117,206.77117,206.77117,262.77117,266.77117,281.77117,281.77117,208.37117,208.37117,208.37117,212.77117,208.37117,206.77117,212.77117,281.77117,266.77117,208.37117,206.77117,206.77117,2015-03-12
Sistema,Sistema,207.92853,207.92853,207.92853,207.92853,207.92853,207.92853,207.92853,209.33853,209.33853,241.42853,241.42853,241.42853,241.42853,241.42853,271.42853,271.42853,241.42853,241.42853,241.42853,241.42853,241.42853,241.42853,209.33853,207.92853,2015-03-13
Sistema,Sistema,218.525,211.614,211.614,211.614,211.614,211.614,191.614,218.525,211.614,212.114,218.525,218.525,262.614,218.525,212.114,212.114,212.114,231.614,262.614,262.614,262.614,262.614,218.525,212.114,2015-03-14
Sistema,Sistema,193.2684,193.2684,193.2684,193.2684,193.2684,193.2684,193.2684,195.4384,193.2684,193.2684,193.2684,193.2684,227.2784,210.2684,200.8774,195.4384,193.2684,227.2784,227.2784,262.2684,262.2684,262.2684,227.2784,195.4384,2015-03-15
Sistema,Sistema,221.42853,220.42853,195.96553,195.96553,221.42853,240.92853,240.92853,240.92853,240.92853,240.92853,242.92853,271.42853,242.92853,242.92853,271.42853,271.42853,271.42853,242.92853,271.42853,271.42853,271.42853,271.42853,221.42853,195.96553,2015-03-16
Sistema,Sistema,220.83018,220.83018,220.83018,220.83018,220.83018,220.83018,231.83018,220.83018,220.83018,220.83018,231.83018,231.83018,231.83018,231.83018,236.83018,261.83018,251.83018,251.83018,261.83018,261.83018,261.83018,242.03018,231.83018,220.83018,2015-03-17
Sistema,Sistema,215.95922,215.95922,210.30122,210.30122,215.95922,215.95922,215.95922,215.95922,215.95922,215.95922,215.95922,215.95922,215.95922,215.95922,220.59922,231.25922,231.25922,231.25922,231.25922,231.25922,231.25922,231.25922,215.95922,215.95922,2015-03-18
Sistema,Sistema,201.48501,201.48501,202.48501,211.47501,201.48501,202.48501,202.48501,202.48501,211.47501,211.47501,257.38501,257.38501,211.47501,220.62501,257.38501,250.48501,250.48501,211.47501,257.38501,250.48501,211.47501,211.47501,202.48501,202.48501,2015-03-19
Sistema,Sistema,151.60672,151.60672,163.90372,163.90372,181.60672,193.60672,193.60672,193.60672,201.50672,201.59672,201.59672,201.59672,201.59672,201.59672,201.59672,201.59672,201.59672,201.59672,201.59672,201.59672,201.59672,201.59672,193.60672,193.60672,2015-03-20
Sistema,Sistema,161.43623,161.42623,161.42623,161.42623,161.42623,161.42623,161.43623,169.43623,186.53623,186.53623,186.53623,186.53623,186.53623,186.53623,186.53623,186.53623,186.53623,186.53623,186.53623,186.53623,186.53623,186.53623,169.43623,161.43623,2015-03-21
Sistema,Sistema,171.46131,161.45131,161.45131,161.45131,161.45131,161.45131,161.45131,161.45131,164.46131,171.46131,171.46131,182.66131,182.66131,182.66131,171.46131,171.46131,164.46131,161.45131,182.66131,202.56131,182.66131,182.66131,171.46131,161.45131,2015-03-22
Sistema,Sistema,151.09126,151.09126,151.09126,151.09126,151.09126,151.09126,151.09126,151.09126,151.49126,161.48126,161.48126,161.48126,161.48126,161.48126,161.48126,161.48126,161.48126,161.48126,161.49126,164.49126,164.49126,161.48126,161.48126,161.48126,2015-03-23
Sistema,Sistema,151.7275,150.8935,112.7275,112.7275,151.7275,156.7275,156.7275,156.7275,162.9275,162.9275,162.9275,162.9275,162.9275,162.9275,220.7275,220.7275,220.7275,162.9275,220.7275,220.7275,220.7275,162.9275,162.9275,156.7275,2015-03-24
Sistema,Sistema,173.52061,152.82061,152.82061,152.82061,152.82061,173.52061,173.52061,182.32061,217.22061,217.22061,220.36461,220.36461,220.36461,220.36461,220.36461,220.36461,220.36461,220.36461,242.32061,247.32061,247.32061,232.32061,220.36461,217.22061,2015-03-25
Sistema,Sistema,182.10975,177.09475,177.09475,177.09475,177.09475,192.10975,192.10975,192.10975,202.10975,202.10975,211.10975,211.10975,211.10975,211.10975,211.10975,211.10975,211.10975,202.10975,211.10975,219.10975,211.10975,211.10975,202.10975,202.10975,2015-03-26
Sistema,Sistema,161.08697,161.08697,161.08697,152.08697,161.08697,193.08697,193.08697,196.98697,196.98697,196.98697,201.58697,201.58697,201.58697,201.58697,201.58697,210.08697,201.58697,196.98697,219.08697,219.08697,201.58697,196.98697,196.98697,193.08697,2015-03-27
Sistema,Sistema,216.85765,192.14265,186.75765,186.75765,186.75765,192.14265,186.75765,204.85765,221.85765,219.85765,221.85765,222.85765,221.85765,221.85765,219.85765,219.85765,219.85765,216.85765,222.85765,225.85765,222.85765,219.85765,216.85765,192.14265,2015-03-28
Sistema,Sistema,211.86298,211.86298,211.86298,211.86298,211.86298,211.86298,211.86298,211.86298,211.86298,211.96298,221.86298,221.86298,221.86298,221.86298,221.86298,211.86298,211.86298,211.86298,221.86298,234.86298,222.86298,221.86298,211.86298,211.86298,2015-03-29
Sistema,Sistema,202.46015,200.25815,200.25815,185.89115,200.25815,202.46015,210.46015,221.46015,226.46015,226.46015,226.46015,226.46015,226.46015,226.46015,226.46015,226.46015,226.46015,226.46015,226.46015,226.46015,226.46015,226.46015,221.46015,210.46015,2015-03-30
Sistema,Sistema,210.52853,206.42853,206.42853,206.42853,206.42853,210.52853,210.52853,210.52853,210.52853,211.42853,213.42853,213.42853,213.42853,213.42853,213.42853,213.42853,211.42853,211.42853,216.42853,218.42853,216.42853,213.42853,210.52853,210.52853,2015-03-31
Sistema,Sistema,152.7111,149.7111,149.7111,149.7111,149.7111,152.7111,152.7111,172.2111,172.2111,172.2111,172.2111,177.7111,177.7111,172.2111,172.2111,172.2111,172.2111,172.2111,172.2111,186.7111,177.7111,172.2111,172.2111,160.5561,2015-01-31
Sistema,Sistema,166.60377,166.60377,161.80377,161.80377,161.80377,156.80377,156.80377,161.80377,166.60377,166.60377,166.60377,166.60377,166.60377,166.60377,166.60377,166.60377,166.60377,166.60377,166.60377,175.80377,175.80377,175.80377,175.80377,166.60377,2015-02-01
Sistema,Sistema,120.60955,120.60955,120.60955,120.10455,120.60955,144.58955,144.58955,121.60955,171.60955,171.60955,176.60955,176.60955,171.60955,171.60955,176.60955,176.60955,171.60955,171.60955,176.60955,176.60955,176.70955,176.60955,171.60955,121.60955,2015-02-02
Sistema,Sistema,140.9615,128.4715,128.4715,128.4715,128.4715,152.9815,153.9815,153.9815,162.9815,202.9815,222.9815,222.9815,222.9815,222.9815,222.9815,222.9815,222.9815,212.9815,212.9815,222.9815,212.9815,162.9815,152.9815,128.4715,2015-02-03
Sistema,Sistema,158.21068,144.20068,144.20068,144.20068,144.21068,155.21068,155.21068,155.21068,158.21068,161.99968,189.21068,189.21068,189.21068,189.21068,189.21068,189.21068,189.21068,161.99968,189.21068,213.21068,204.21068,189.21068,158.21068,155.21068,2015-02-04
Sistema,Sistema,152.8915,152.8915,152.8915,152.8915,152.8915,163.3915,163.3915,183.2915,183.2915,183.2915,183.2915,193.3915,193.3915,193.3915,193.3915,193.3915,183.2915,183.2915,193.3915,203.3915,193.3915,183.2915,183.2915,163.3915,2015-02-05
Sistema,Sistema,151.94049,151.94049,151.94049,151.94049,151.94049,157.93049,187.93049,187.93049,187.93049,187.93049,193.93049,192.93049,187.93049,193.93049,192.93049,187.93049,187.93049,187.93049,192.93049,192.93049,192.93049,187.93049,187.93049,151.94049,2015-02-06
Sistema,Sistema,174.45434,174.45434,174.45434,174.45434,174.45434,174.45434,170.85434,174.45434,174.45434,174.45434,182.85434,182.85434,182.85434,182.85434,174.45434,174.45434,174.45434,174.45434,182.85434,182.85434,182.85434,174.45434,174.45434,170.85434,2015-02-07
Sistema,Sistema,162.35923,162.35923,162.35923,162.35923,162.35923,161.74823,161.74823,162.35923,162.35923,161.74823,162.35923,162.35923,162.35923,162.35923,162.35923,162.35923,162.35923,162.35923,162.35923,183.75923,183.75923,162.35923,162.35923,162.35923,2015-02-08
Sistema,Sistema,129.38834,129.38834,129.38834,129.38834,129.38834,155.38834,155.38834,155.38834,155.38834,155.38834,155.38834,155.38834,155.38834,155.38834,155.38834,155.38834,155.38834,155.38834,155.38834,189.38834,155.38834,155.38834,155.38834,155.38834,2015-02-09
Sistema,Sistema,142.63566,142.63566,142.63566,142.63566,141.61566,148.63566,156.63566,156.63566,156.63566,185.63566,185.63566,185.63566,156.63566,185.63566,185.63566,185.63566,185.63566,156.63566,185.63566,193.63566,185.63566,185.63566,156.63566,148.63566,2015-02-10
Sistema,Sistema,142.28458,142.26458,129.28458,129.28458,142.28458,145.28458,145.28458,147.28458,194.28458,147.28458,194.28458,194.28458,194.28458,194.28458,194.28458,194.28458,189.18458,145.28458,189.18458,194.28458,194.28458,145.28458,145.28458,145.28458,2015-02-11
Sistema,Sistema,134.00722,134.00722,134.00722,134.00722,134.00722,142.00722,145.99722,179.00722,194.00722,145.99722,188.90722,194.00722,154.00722,179.00722,188.90722,194.00722,194.00722,145.99722,179.00722,194.00722,188.90722,194.00722,145.99722,142.00722,2015-02-12
Sistema,Sistema,138.41681,138.41681,138.41681,144.39681,138.41681,140.41681,140.41681,144.39681,201.41681,201.41681,180.91681,144.39681,140.41681,144.39681,180.91681,180.91681,140.41681,140.41681,140.41681,140.41681,201.41681,211.41681,180.91681,140.41681,2015-02-13
Sistema,Sistema,129.2767,129.2767,129.2767,129.2767,129.2767,135.2767,129.2767,129.2767,135.2767,135.2767,135.2767,135.2767,178.7767,178.7767,135.2767,135.2767,135.2767,135.2767,135.2767,178.7767,135.2767,135.2767,135.2767,129.2767,2015-02-14
Sistema,Sistema,125.87171,124.87071,124.87071,120.87171,124.87071,124.87071,124.87071,125.87171,125.87171,125.87171,125.87171,133.87171,133.87171,133.87171,133.87171,125.87171,120.87171,125.87171,125.87171,133.87171,133.87171,133.87171,125.87171,125.87171,2015-02-15
Sistema,Sistema,119.88478,119.88378,119.88378,119.88378,119.88378,119.88478,119.88478,124.88478,124.88478,119.88478,124.88478,124.88478,124.88478,124.88478,163.88478,163.88478,124.88478,124.88478,134.88478,182.88478,179.38478,124.88478,124.88478,119.88478,2015-02-16
Sistema,Sistema,116.73135,116.73135,116.73135,116.73135,116.73135,124.63135,124.63135,124.63135,154.73135,142.73135,177.73135,182.73135,154.73135,142.73135,142.73135,124.63135,124.63135,124.63135,124.63135,142.73135,142.73135,154.73135,142.73135,124.63135,2015-02-17
Sistema,Sistema,121.93755,121.93755,121.93755,121.93755,121.93755,140.93755,140.93755,140.93755,140.93755,140.93755,174.93755,174.93755,174.93755,174.93755,174.93755,175.93755,174.93755,174.93755,174.93755,175.93755,175.93755,174.93755,140.93755,140.93755,2015-02-18
Sistema,Sistema,140.98099,139.08099,139.08099,135.08099,135.08099,146.98099,146.98099,146.98099,175.58099,179.08099,189.08099,189.08099,179.08099,179.08099,189.08099,189.08099,179.08099,175.58099,189.08099,199.08099,189.08099,179.08099,146.98099,140.98099,2015-02-19
Sistema,Sistema,143.79597,143.79597,143.79597,143.69597,143.79597,152.79497,152.79497,152.79497,153.69597,187.69597,187.79597,203.79597,193.79597,193.79597,203.79597,187.79597,153.69597,152.79497,153.69597,193.79597,153.69597,152.79497,152.79497,152.79497,2015-02-20
Sistema,Sistema,141.60993,141.60993,141.60993,141.60993,141.60993,148.61093,148.61093,148.61093,163.60993,173.61093,173.61093,173.61093,186.60993,173.61093,173.61093,173.61093,163.60993,163.60993,186.60993,193.61093,193.61093,173.61093,163.60993,148.61093,2015-02-21
Sistema,Sistema,175.37399,164.37499,164.37499,164.37499,160.37499,160.37499,149.37499,164.37499,164.37499,174.37499,175.37399,175.37399,175.37399,175.37399,175.37399,175.37399,175.37399,175.37399,175.37399,219.37499,219.37499,184.37499,175.37399,174.37499,2015-02-22
Sistema,Sistema,174.30898,173.30998,173.30998,173.30998,173.30998,174.30898,174.30898,174.30898,183.30998,183.30998,183.30998,188.30998,188.30998,188.30998,188.30998,188.30998,188.30998,183.30998,188.30998,213.30998,188.30998,188.30998,183.30998,174.30898,2015-02-23
Sistema,Sistema,173.14157,154.24157,154.24157,146.24057,146.24057,173.14157,173.14157,173.14157,173.14157,179.24057,184.24157,204.24157,184.24157,184.24157,209.24157,209.24157,209.24157,184.24157,209.24157,239.24157,209.24157,184.24157,173.14157,173.14157,2015-02-24
Sistema,Sistema,172.75564,172.75564,172.75564,172.75564,172.75564,176.75664,176.75664,183.75564,204.75664,204.75664,205.25664,229.75664,205.25664,229.75664,229.75664,229.75664,205.25664,205.25664,229.75664,234.75664,229.75664,205.25664,184.75564,172.75564,2015-02-25
Sistema,Sistema,169.17798,169.17798,169.17798,169.17798,169.17798,179.17698,188.17698,199.17798,199.17798,204.17898,199.17798,199.17798,199.17798,199.17798,202.22298,202.22298,202.22298,188.17698,188.17698,199.17798,188.17698,202.22298,188.17698,179.17698,2015-02-26
Sistema,Sistema,167.4727,167.4727,123.4737,163.4737,163.4737,193.4737,199.4727,199.4727,199.4727,199.4727,199.4727,199.4727,199.4727,199.4727,199.4727,199.4727,199.4727,199.4727,199.4727,201.5187,199.4727,201.5187,199.4727,193.4737,2015-02-27
Sistema,Sistema,145.33789,145.33789,145.33789,145.33789,145.33789,145.33789,145.33789,145.33789,167.11789,173.43789,188.32789,227.33789,227.33789,173.43789,173.43789,173.43789,167.11789,167.11789,173.43789,227.33789,188.32789,173.43789,163.33789,145.33789,2015-02-28
Sistema,Sistema,171.44709,166.44709,166.44709,166.44709,166.44709,166.44709,161.54709,166.44709,171.44709,171.44709,171.44709,171.44709,171.44709,171.44709,171.44709,171.44709,171.44709,171.44709,171.44709,221.44709,176.43709,171.44709,171.44709,171.44709,2015-03-01
Sistema,Sistema,184.21011,178.21011,178.21011,178.21011,178.21011,178.21011,178.21011,111.69911,178.21011,178.21011,178.21011,178.21011,178.21011,178.21011,178.21011,178.21011,178.21011,178.21011,202.21011,212.21011,184.21011,184.21011,178.21011,178.21011,2015-01-01
Sistema,Sistema,149.48085,113.98185,84.48085,113.98185,113.98185,113.98185,113.98185,184.48085,184.48085,190.48085,190.48085,204.48085,204.48085,204.48085,214.48085,214.48085,204.48085,204.48085,248.48085,248.48085,248.48085,214.48085,190.48085,184.48085,2015-01-02
Sistema,Sistema,198.86935,198.74435,198.86935,190.86935,190.86935,190.86935,153.86935,190.86935,198.86935,202.86935,202.86935,202.86935,202.86935,202.86935,202.86935,202.86935,202.86935,202.86935,202.86935,248.86935,202.86935,202.86935,202.86935,198.86935,2015-01-03
Sistema,Sistema,242.91384,242.91384,242.91384,242.91384,242.91384,242.91384,122.91384,242.91384,242.91384,242.91384,242.91384,242.91384,242.91384,242.91384,242.91384,242.91384,242.91384,242.91384,242.91384,242.91384,242.91384,242.91384,242.91384,242.91384,2015-01-04
Sistema,Sistema,189.26077,143.60377,143.60377,143.60377,143.60377,144.48377,144.48377,193.09977,251.60377,251.60377,251.60377,251.60377,251.60377,251.60377,251.60377,251.60377,251.60377,251.60377,251.60377,251.60377,251.60377,189.26077,144.48377,143.60377,2015-01-05
Sistema,Sistema,187.4795,116.7865,46.7915,106.7865,106.7865,211.7865,211.7865,222.7865,252.7865,252.7865,252.7865,252.7865,252.7865,252.7865,252.7865,252.7865,252.7865,252.7865,252.7865,252.7865,252.7865,222.7865,204.7865,187.4795,2015-01-06
Sistema,Sistema,203.13438,198.13438,198.13438,198.13438,198.13438,203.13438,203.13438,223.13438,247.13438,263.13438,263.13438,247.13438,247.13438,247.13438,247.13438,247.13438,247.13438,247.13438,263.13438,263.13438,247.13438,223.13438,200.65738,198.13438,2015-01-07
Sistema,Sistema,204.65535,204.65535,202.65535,202.65535,204.65535,204.65535,204.65535,221.65535,222.65535,252.65435,252.65535,252.65535,257.65535,252.65535,257.65535,257.65535,257.65535,222.65535,222.65535,252.65435,222.65535,222.65535,221.65535,202.65535,2015-01-08
Sistema,Sistema,188.13353,157.11253,158.35753,182.27453,182.27453,195.24653,195.24653,203.27453,203.27453,207.27453,210.27453,210.27453,210.27453,210.27453,210.27453,210.27453,207.27453,207.27453,210.27453,207.27453,207.27453,203.27453,203.27453,203.27453,2015-01-09
Sistema,Sistema,212.2619,202.3619,187.2619,187.2619,181.7349,181.7349,187.2619,202.3619,212.2619,212.2619,212.2619,212.2619,212.2619,212.2619,202.3619,202.3619,202.3619,202.3619,212.2619,212.2619,212.2619,212.2619,212.2619,212.2619,2015-01-10
Sistema,Sistema,202.13144,202.13144,196.03144,196.03144,196.03144,202.13144,192.03144,192.03144,202.13144,202.13144,207.03144,207.03144,207.03144,207.03144,202.13144,202.13144,202.13144,202.13144,202.13144,207.03144,202.13144,207.03144,202.13144,202.13144,2015-01-11
Sistema,Sistema,197.93393,202.93393,180.09293,180.09293,188.31193,180.09293,180.09293,195.93393,197.93393,197.93393,200.23393,200.23393,200.23393,200.23393,200.23393,200.23393,200.23393,200.23393,200.23393,202.93393,200.23393,200.23393,200.23393,200.23393,2015-01-12
Sistema,Sistema,178.78371,178.78371,178.78371,178.78371,178.78371,196.03871,196.03871,196.03871,198.93871,199.03871,199.03871,199.03871,199.03871,199.03871,199.03871,199.03871,199.03871,198.93871,199.03871,199.03871,199.03871,199.03871,199.03871,196.03871,2015-01-13
Sistema,Sistema,177.42028,172.47628,147.25628,142.47628,142.47628,177.42028,177.42028,194.47628,197.97628,197.97628,197.97628,203.47628,203.47628,203.47628,197.97628,197.97628,197.97628,197.97628,197.97628,197.97628,197.97628,197.97628,197.97628,177.42028,2015-01-14
Sistema,Sistema,143.60882,143.60882,143.60882,143.60882,143.60882,144.43182,167.60882,176.13782,176.13782,182.60882,182.60882,182.60882,182.60882,182.60882,182.60882,182.60882,182.60882,182.60882,182.60882,182.60882,182.60882,182.60882,182.60882,176.13782,2015-01-15
Sistema,Sistema,172.29866,172.29866,172.29866,172.29866,172.29866,172.29866,176.29866,187.29866,187.29866,262.29866,262.29866,276.29866,262.29866,262.29866,272.29866,262.29866,262.29866,262.29866,262.29866,272.29866,262.29866,262.29866,176.79866,172.29866,2015-01-16
Sistema,Sistema,172.14664,172.14664,172.14664,172.14664,172.14664,172.14664,172.14664,172.14664,182.14664,203.14664,252.14664,262.14664,262.14664,252.14664,252.14664,218.21364,203.14664,174.14664,252.14664,252.14664,252.14664,174.14664,172.14664,172.14664,2015-01-17
Sistema,Sistema,172.31053,172.31053,172.31053,172.31053,167.31053,167.31053,147.09053,167.31053,172.31053,172.31053,172.31053,172.31053,180.34553,172.31053,172.31053,172.31053,172.31053,172.31053,217.31053,222.31053,222.31053,222.31053,180.34553,172.31053,2015-01-18
Sistema,Sistema,162.2916,162.2916,162.2916,162.2916,162.2916,162.2916,174.3016,174.3016,174.3016,174.3016,176.3016,174.3016,176.3016,174.3016,174.3016,176.3016,174.3016,174.3016,174.3016,176.3016,176.3016,174.3016,174.3016,162.2916,2015-01-19
Sistema,Sistema,162.61478,162.61478,162.61478,162.61478,162.61478,162.61478,162.61478,167.62478,172.62478,172.62478,172.62478,172.62478,172.62478,172.62478,172.62478,172.62478,172.62478,172.62478,172.62478,217.62478,172.62478,172.62478,162.62478,162.61478,2015-01-20
Sistema,Sistema,174.84742,162.84742,142.84742,142.84742,142.84742,174.84742,174.84742,174.84742,174.84742,174.84742,182.84742,254.84742,182.84742,182.84742,232.84742,232.84742,182.84742,182.84742,254.84742,254.84742,182.84742,172.83442,162.84742,142.84742,2015-01-21
Sistema,Sistema,163.36895,148.14895,148.14895,143.36895,148.14895,167.36895,167.36895,167.36895,169.36895,173.36895,173.36895,255.36895,173.36895,173.36895,173.36895,173.36895,169.36895,167.36895,193.76295,193.76295,169.36895,167.36895,167.36895,167.36895,2015-01-22
Sistema,Sistema,148.31527,143.53527,143.53527,143.53527,143.53527,163.53527,163.53527,164.03527,164.03527,172.53527,172.53527,172.53527,172.53527,172.53527,172.53527,172.53527,172.53527,172.53527,172.53527,172.53527,172.53527,172.53527,164.03527,164.03527,2015-01-23
Sistema,Sistema,153.28969,153.28969,153.28969,153.28969,153.28969,153.28969,153.28969,162.28869,162.28869,162.28869,162.28869,162.28869,162.28869,162.28869,162.28869,162.28869,153.28969,153.28969,162.28869,179.28969,162.28869,162.28869,162.28869,162.28869,2015-01-24
Sistema,Sistema,148.7114,148.7114,143.6914,130.6864,130.6864,130.6864,124.7104,124.7104,124.7104,143.6914,148.7114,148.7114,148.7114,148.7114,148.7114,148.7114,148.7114,148.7114,173.7114,214.7114,179.7114,179.7114,173.7114,173.7114,2015-01-25
Sistema,Sistema,124.47052,124.47052,124.47052,124.47052,124.47052,164.34052,154.47052,154.47052,192.47052,192.47052,192.47052,192.47052,164.34052,164.34052,192.47052,164.34052,164.34052,124.47052,192.47052,192.47052,164.34052,124.47052,124.47052,124.47052,2015-01-26
Sistema,Sistema,150.30751,147.30751,147.30751,147.30751,147.30751,153.30751,153.30751,153.30751,173.31751,174.30751,204.30751,204.30751,174.30751,174.30751,174.30751,174.30751,174.30751,173.31751,204.30751,255.30751,204.30751,153.30751,153.30751,150.30751,2015-01-27
Sistema,Sistema,153.27153,153.27153,153.27153,153.27153,153.27153,153.27153,153.27153,156.27153,174.27053,174.27053,174.27053,174.27053,174.27053,174.27053,174.27053,174.27053,174.27053,174.27053,174.27053,174.27053,174.27053,153.27153,153.27153,142.25153,2015-01-28
Sistema,Sistema,142.55035,140.53035,140.53035,149.12435,142.55035,151.54935,151.54935,152.35035,152.35035,152.55035,152.65035,174.05035,152.65035,152.65035,174.05035,174.05035,152.65035,152.55035,174.05035,174.05035,152.55035,152.35035,152.35035,151.54935,2015-01-29
Sistema,Sistema,157.68927,157.68927,148.58927,148.58927,152.58927,157.68927,157.68927,157.68927,192.58927,192.58927,252.58927,240.62927,192.58927,192.58927,192.58927,192.58927,192.58927,192.58927,192.58927,240.62927,252.58927,192.58927,187.58927,157.68927,2015-01-30
